2026-09-23 18:10:17 [INFO] YellowWave: Yellow Wave Music Player started
2026-09-23 18:35:46 [INFO] YellowWave: Yellow Wave Music Player started
2026-09-23 18:37:48 [INFO] YellowWave: Yellow Wave Player stopped
2026-09-28 10:01:11 [INFO] YellowWave: Yellow Wave Music Player started
2026-09-28 10:01:38 [INFO] YellowWave: Yellow Wave Player stopped
2026-09-28 10:05:36 [INFO] YellowWave: Yellow Wave Music Player started
2026-09-28 10:06:40 [INFO] YellowWave: Yellow Wave Player stopped
2026-09-28 10:07:59 [INFO] YellowWave: Yellow Wave Music Player started
2026-09-28 10:08:25 [INFO] YellowWave: Yellow Wave Player stopped
2026-09-28 10:08:47 [INFO] YellowWave: Yellow Wave Music Player started
2026-09-28 10:08:58 [INFO] YellowWave: Yellow Wave Player stopped
2026-09-28 10:09:04 [INFO] YellowWave: Yellow Wave Music Player started
2026-09-28 10:09:13 [INFO] YellowWave: Yellow Wave Player stopped
2026-09-28 10:09:24 [INFO] YellowWave: Yellow Wave Music Player started
2026-09-28 10:10:24 [INFO] YellowWave: Yellow Wave Player stopped
2026-09-28 10:11:47 [INFO] YellowWave: Yellow Wave Music Player started
2026-09-28 10:12:16 [INFO] YellowWave: Yellow Wave Player stopped
2026-09-28 10:13:17 [INFO] YellowWave: Yellow Wave Music Player started
2026-09-28 10:13:33 [INFO] YellowWave: Yellow Wave Player stopped
2026-09-28 10:13:53 [INFO] YellowWave: Yellow Wave Music Player started
2026-09-28 10:14:07 [INFO] YellowWave: Yellow Wave Player stopped
2026-09-28 10:14:30 [INFO] YellowWave: Yellow Wave Music Player started
2026-09-28 10:14:39 [INFO] YellowWave: Yellow Wave Player stopped
2026-09-28 10:15:16 [INFO] YellowWave: Yellow Wave Music Player started
2026-09-28 10:15:35 [INFO] YellowWave: Yellow Wave Player stopped
2026-09-28 10:16:19 [INFO] YellowWave: Yellow Wave Music Player started
2026-09-28 10:16:48 [INFO] YellowWave: Yellow Wave Player stopped
2026-09-28 10:17:11 [INFO] YellowWave: Yellow Wave Music Player started
2026-09-28 10:17:32 [INFO] YellowWave: Yellow Wave Player stopped
2026-09-28 10:17:51 [INFO] YellowWave: Yellow Wave Music Player started
2026-09-28 10:18:19 [INFO] YellowWave: Yellow Wave Player stopped
2026-09-28 10:21:34 [INFO] YellowWave: Yellow Wave Music Player started
2026-09-28 10:22:37 [INFO] YellowWave: Yellow Wave Player stopped
2026-09-28 10:22:57 [INFO] YellowWave: Yellow Wave Music Player started
2026-09-28 10:23:31 [INFO] YellowWave: Yellow Wave Player stopped
2026-09-28 10:25:16 [INFO] YellowWave: Yellow Wave Music Player started
2026-09-28 10:25:54 [INFO] YellowWave: Yellow Wave Player stopped
2026-09-28 10:28:09 [INFO] YellowWave: Yellow Wave Music Player started
2026-09-28 10:28:45 [INFO] YellowWave: Yellow Wave Player stopped
2026-09-28 10:30:59 [INFO] YellowWave: Yellow Wave Music Player started
2026-09-28 10:31:41 [INFO] YellowWave: Yellow Wave Player stopped
2026-09-28 10:34:03 [INFO] YellowWave: Yellow Wave Music Player started
2026-09-28 10:34:32 [INFO] YellowWave: Yellow Wave Player stopped
2026-09-28 10:36:22 [INFO] YellowWave: Yellow Wave Music Player started
2026-09-28 10:37:11 [INFO] YellowWave: Yellow Wave Player stopped
2026-09-28 10:39:24 [INFO] YellowWave: Yellow Wave Music Player started
2026-09-28 10:40:15 [INFO] YellowWave: Yellow Wave Player stopped
2026-09-28 10:41:11 [INFO] YellowWave: Yellow Wave Music Player started
2026-09-28 10:47:48 [ERROR] YellowWave: Ошибка записи c:\Users\Yaroslav\Python\Yellow-Wave\config\arguments.json: [WinError 5] Отказано в доступе: 'c:\\Users\\Yaroslav\\Python\\Yellow-Wave\\config\\arguments.json.tmp' -> 'c:\\Users\\Yaroslav\\Python\\Yellow-Wave\\config\\arguments.json'
2026-09-28 11:06:04 [INFO] YellowWave: Yellow Wave Player stopped
2026-09-28 11:59:20 [INFO] YellowWave: Yellow Wave Music Player started
2026-09-28 11:59:22 [CRITICAL] YellowWave: Необработанное исключение
Traceback (most recent call last):
  File "c:/Users/Yaroslav/Python/Yellow-Wave/main.py", line 103, in <module>
    window = MainWindow(app)
  File "c:/Users/Yaroslav/Python/Yellow-Wave/main.py", line 41, in __init__
    self.application.start()
  File "c:\Users\Yaroslav\Python\Yellow-Wave\core\app\application.py", line 66, in start
    self.frontend.init_ui()
  File "c:\Users\Yaroslav\Python\Yellow-Wave\core\app\application.py", line 73, in frontend
    from core.ui.main.frontend import Frontend
  File "c:\Users\Yaroslav\Python\Yellow-Wave\core\ui\main\frontend.py", line 10, in <module>
    from core.ui.widgets.playlists.playlist_menu import PlayListMenu
  File "c:\Users\Yaroslav\Python\Yellow-Wave\core\ui\widgets\playlists\playlist_menu.py", line 15, in <module>
    from core.ui.widgets.dialogs.settings_dialog import SettingsDialog
  File "c:\Users\Yaroslav\Python\Yellow-Wave\core\ui\widgets\dialogs\settings_dialog.py", line 8, in <module>
    from core.settings.settings_core import SettingsCore
  File "c:\Users\Yaroslav\Python\Yellow-Wave\core\settings\settings_core.py", line 16, in <module>
    class SettingsCore:
  File "c:\Users\Yaroslav\Python\Yellow-Wave\core\settings\settings_core.py", line 89, in SettingsCore
    def get_track_index(self) -> Union[Any, None]:
NameError: name 'Union' is not defined
2026-09-28 12:00:37 [INFO] YellowWave: Yellow Wave Music Player started
2026-09-28 12:00:39 [CRITICAL] YellowWave: Необработанное исключение
Traceback (most recent call last):
  File "c:/Users/Yaroslav/Python/Yellow-Wave/main.py", line 103, in <module>
    window = MainWindow(app)
  File "c:/Users/Yaroslav/Python/Yellow-Wave/main.py", line 41, in __init__
    self.application.start()
  File "c:\Users\Yaroslav\Python\Yellow-Wave\core\app\application.py", line 66, in start
    self.frontend.init_ui()
  File "c:\Users\Yaroslav\Python\Yellow-Wave\core\app\application.py", line 73, in frontend
    from core.ui.main.frontend import Frontend
  File "c:\Users\Yaroslav\Python\Yellow-Wave\core\ui\main\frontend.py", line 14, in <module>
    from core.ui.widgets.sliders.track_slider import MusicSlider
  File "c:\Users\Yaroslav\Python\Yellow-Wave\core\ui\widgets\sliders\track_slider.py", line 17, in <module>
    class ClickableSlider(QSlider):
  File "c:\Users\Yaroslav\Python\Yellow-Wave\core\ui\widgets\sliders\track_slider.py", line 36, in ClickableSlider
    def mousePressEvent(self, event: Optional[QEvent]):
NameError: name 'Optional' is not defined
2026-09-28 12:02:02 [INFO] YellowWave: Yellow Wave Music Player started
2026-09-28 12:02:12 [INFO] YellowWave: Yellow Wave Player stopped
2026-09-28 12:50:23 [INFO] YellowWave: Yellow Wave Music Player started
2026-09-28 12:50:32 [INFO] YellowWave: Yellow Wave Player stopped
2026-09-28 13:50:46 [INFO] YellowWave: Yellow Wave Music Player started
2026-09-28 13:50:59 [INFO] YellowWave: Yellow Wave Player stopped
2026-09-28 15:10:30 [INFO] YellowWave: Yellow Wave Music Player started
2026-09-28 15:10:44 [INFO] YellowWave: Yellow Wave Player stopped
2026-09-28 16:23:33 [INFO] YellowWave: Yellow Wave Music Player started
2026-09-28 16:23:42 [INFO] YellowWave: Yellow Wave Player stopped
2026-09-28 16:24:11 [INFO] YellowWave: Yellow Wave Music Player started
2026-09-28 16:24:23 [INFO] YellowWave: Yellow Wave Player stopped
2026-09-28 16:24:35 [INFO] YellowWave: Yellow Wave Music Player started
2026-09-28 16:24:43 [INFO] YellowWave: Yellow Wave Player stopped
2026-09-28 16:24:56 [INFO] YellowWave: Yellow Wave Music Player started
2026-09-28 16:25:07 [INFO] YellowWave: Yellow Wave Player stopped
2026-09-28 16:25:15 [INFO] YellowWave: Yellow Wave Music Player started
2026-09-28 16:25:23 [INFO] YellowWave: Yellow Wave Player stopped
2026-09-28 16:25:31 [INFO] YellowWave: Yellow Wave Music Player started
2026-09-28 16:25:38 [INFO] YellowWave: Yellow Wave Player stopped
2026-09-28 16:25:43 [INFO] YellowWave: Yellow Wave Music Player started
2026-09-28 16:25:57 [INFO] YellowWave: Yellow Wave Player stopped
2026-09-28 16:26:10 [INFO] YellowWave: Yellow Wave Music Player started
2026-09-28 16:26:17 [INFO] YellowWave: Yellow Wave Player stopped
2026-09-28 16:26:25 [INFO] YellowWave: Yellow Wave Music Player started
2026-09-28 16:26:33 [INFO] YellowWave: Yellow Wave Player stopped
2026-09-28 16:26:39 [INFO] YellowWave: Yellow Wave Music Player started
2026-09-28 16:27:01 [INFO] YellowWave: Yellow Wave Player stopped
2026-09-28 16:27:06 [INFO] YellowWave: Yellow Wave Music Player started
2026-09-28 16:27:14 [INFO] YellowWave: Yellow Wave Player stopped
2026-09-28 16:27:22 [INFO] YellowWave: Yellow Wave Music Player started
2026-09-28 16:27:48 [INFO] YellowWave: Yellow Wave Player stopped
2026-09-28 16:30:02 [INFO] YellowWave: Yellow Wave Music Player started
2026-09-28 16:30:14 [INFO] YellowWave: Yellow Wave Player stopped
2026-09-28 16:51:26 [INFO] YellowWave: Yellow Wave Music Player started
2026-09-28 16:51:27 [CRITICAL] YellowWave: Необработанное исключение
Traceback (most recent call last):
  File "c:/Users/Yaroslav/Python/Yellow-Wave/main.py", line 143, in <module>
    window = MainWindow(app)
  File "c:/Users/Yaroslav/Python/Yellow-Wave/main.py", line 69, in __init__
    self.application.start()
  File "c:/Users/Yaroslav/Python/Yellow-Wave/main.py", line 94, in application
    from core.app.application import Application
  File "c:\Users\Yaroslav\Python\Yellow-Wave\core\app\application.py", line 18, in <module>
    from core.select.select_folder import SelectDialog
  File "c:\Users\Yaroslav\Python\Yellow-Wave\core\select\select_folder.py", line 17, in <module>
    from core.app.application import Application
ImportError: cannot import name 'Application' from partially initialized module 'core.app.application' (most likely due to a circular import) (c:\Users\Yaroslav\Python\Yellow-Wave\core\app\application.py)
2026-09-28 17:11:41 [INFO] YellowWave: Yellow Wave Music Player started
2026-09-28 17:12:12 [INFO] YellowWave: Yellow Wave Player stopped
2026-09-28 17:12:35 [INFO] YellowWave: Yellow Wave Music Player started
2026-09-28 17:13:15 [INFO] YellowWave: Yellow Wave Player stopped
2026-09-28 17:14:10 [INFO] YellowWave: Yellow Wave Music Player started
2026-09-28 17:14:39 [INFO] YellowWave: Yellow Wave Player stopped
2026-09-28 22:17:44 [INFO] YellowWave: Yellow Wave Music Player started
2026-09-28 22:18:11 [CRITICAL] YellowWave: Необработанное исключение
Traceback (most recent call last):
  File "c:\Users\Yaroslav\Python\Yellow-Wave\core\ui\widgets\dialogs\enter_dialog.py", line 109, in check_characters
    self.next_button.setEnabled(bool(self.enter_name.text().strip()))
AttributeError: 'EnterNameDialog' object has no attribute 'next_button'
2026-09-28 22:19:49 [CRITICAL] YellowWave: Необработанное исключение
Traceback (most recent call last):
  File "c:\Users\Yaroslav\Python\Yellow-Wave\core\ui\widgets\dialogs\enter_dialog.py", line 109, in check_characters
    self.next_button.setEnabled(bool(self.enter_name.text().strip()))
AttributeError: 'EnterNameDialog' object has no attribute 'next_button'
2026-09-28 22:20:09 [CRITICAL] YellowWave: Необработанное исключение
Traceback (most recent call last):
  File "c:\Users\Yaroslav\Python\Yellow-Wave\core\ui\widgets\dialogs\enter_dialog.py", line 109, in check_characters
    self.next_button.setEnabled(bool(self.enter_name.text().strip()))
AttributeError: 'EnterNameDialog' object has no attribute 'next_button'
2026-09-28 22:26:36 [ERROR] YellowWave: Ошибка записи c:\Users\Yaroslav\Python\Yellow-Wave\config\arguments.json: [WinError 5] Отказано в доступе: 'c:\\Users\\Yaroslav\\Python\\Yellow-Wave\\config\\arguments.json.tmp' -> 'c:\\Users\\Yaroslav\\Python\\Yellow-Wave\\config\\arguments.json'
2026-09-28 22:30:27 [CRITICAL] YellowWave: Необработанное исключение
Traceback (most recent call last):
  File "c:\Users\Yaroslav\Python\Yellow-Wave\core\ui\widgets\sliders\track_slider.py", line 148, in update_time
    self.main.frontend.play_menu.sound.on_track_end()
  File "c:\Users\Yaroslav\Python\Yellow-Wave\core\ui\widgets\menu\main_menu.py", line 306, in on_track_end
    self.play_music(self.current)
  File "c:\Users\Yaroslav\Python\Yellow-Wave\core\ui\widgets\menu\main_menu.py", line 190, in play_music
    self.slider.start_countdown()
  File "c:\Users\Yaroslav\Python\Yellow-Wave\core\ui\widgets\sliders\track_slider.py", line 103, in start_countdown
    self.update_time()
  File "c:\Users\Yaroslav\Python\Yellow-Wave\core\ui\widgets\sliders\track_slider.py", line 148, in update_time
    self.main.frontend.play_menu.sound.on_track_end()
  File "c:\Users\Yaroslav\Python\Yellow-Wave\core\ui\widgets\menu\main_menu.py", line 306, in on_track_end
    self.play_music(self.current)
  File "c:\Users\Yaroslav\Python\Yellow-Wave\core\ui\widgets\menu\main_menu.py", line 190, in play_music
    self.slider.start_countdown()
  File "c:\Users\Yaroslav\Python\Yellow-Wave\core\ui\widgets\sliders\track_slider.py", line 103, in start_countdown
    self.update_time()
  File "c:\Users\Yaroslav\Python\Yellow-Wave\core\ui\widgets\sliders\track_slider.py", line 148, in update_time
    self.main.frontend.play_menu.sound.on_track_end()
  File "c:\Users\Yaroslav\Python\Yellow-Wave\core\ui\widgets\menu\main_menu.py", line 306, in on_track_end
    self.play_music(self.current)
  File "c:\Users\Yaroslav\Python\Yellow-Wave\core\ui\widgets\menu\main_menu.py", line 190, in play_music
    self.slider.start_countdown()
  File "c:\Users\Yaroslav\Python\Yellow-Wave\core\ui\widgets\sliders\track_slider.py", line 103, in start_countdown
    self.update_time()
  File "c:\Users\Yaroslav\Python\Yellow-Wave\core\ui\widgets\sliders\track_slider.py", line 148, in update_time
    self.main.frontend.play_menu.sound.on_track_end()
  File "c:\Users\Yaroslav\Python\Yellow-Wave\core\ui\widgets\menu\main_menu.py", line 306, in on_track_end
    self.play_music(self.current)
  File "c:\Users\Yaroslav\Python\Yellow-Wave\core\ui\widgets\menu\main_menu.py", line 190, in play_music
    self.slider.start_countdown()
  File "c:\Users\Yaroslav\Python\Yellow-Wave\core\ui\widgets\sliders\track_slider.py", line 103, in start_countdown
    self.update_time()
  File "c:\Users\Yaroslav\Python\Yellow-Wave\core\ui\widgets\sliders\track_slider.py", line 148, in update_time
    self.main.frontend.play_menu.sound.on_track_end()
  File "c:\Users\Yaroslav\Python\Yellow-Wave\core\ui\widgets\menu\main_menu.py", line 306, in on_track_end
    self.play_music(self.current)
  File "c:\Users\Yaroslav\Python\Yellow-Wave\core\ui\widgets\menu\main_menu.py", line 190, in play_music
    self.slider.start_countdown()
  File "c:\Users\Yaroslav\Python\Yellow-Wave\core\ui\widgets\sliders\track_slider.py", line 103, in start_countdown
    self.update_time()
  File "c:\Users\Yaroslav\Python\Yellow-Wave\core\ui\widgets\sliders\track_slider.py", line 148, in update_time
    self.main.frontend.play_menu.sound.on_track_end()
  File "c:\Users\Yaroslav\Python\Yellow-Wave\core\ui\widgets\menu\main_menu.py", line 306, in on_track_end
    self.play_music(self.current)
  File "c:\Users\Yaroslav\Python\Yellow-Wave\core\ui\widgets\menu\main_menu.py", line 190, in play_music
    self.slider.start_countdown()
  File "c:\Users\Yaroslav\Python\Yellow-Wave\core\ui\widgets\sliders\track_slider.py", line 103, in start_countdown
    self.update_time()
  File "c:\Users\Yaroslav\Python\Yellow-Wave\core\ui\widgets\sliders\track_slider.py", line 148, in update_time
    self.main.frontend.play_menu.sound.on_track_end()
  File "c:\Users\Yaroslav\Python\Yellow-Wave\core\ui\widgets\menu\main_menu.py", line 306, in on_track_end
    self.play_music(self.current)
  File "c:\Users\Yaroslav\Python\Yellow-Wave\core\ui\widgets\menu\main_menu.py", line 190, in play_music
    self.slider.start_countdown()
  File "c:\Users\Yaroslav\Python\Yellow-Wave\core\ui\widgets\sliders\track_slider.py", line 103, in start_countdown
    self.update_time()
  File "c:\Users\Yaroslav\Python\Yellow-Wave\core\ui\widgets\sliders\track_slider.py", line 148, in update_time
    self.main.frontend.play_menu.sound.on_track_end()
  File "c:\Users\Yaroslav\Python\Yellow-Wave\core\ui\widgets\menu\main_menu.py", line 306, in on_track_end
    self.play_music(self.current)
  File "c:\Users\Yaroslav\Python\Yellow-Wave\core\ui\widgets\menu\main_menu.py", line 190, in play_music
    self.slider.start_countdown()
  File "c:\Users\Yaroslav\Python\Yellow-Wave\core\ui\widgets\sliders\track_slider.py", line 103, in start_countdown
    self.update_time()
  File "c:\Users\Yaroslav\Python\Yellow-Wave\core\ui\widgets\sliders\track_slider.py", line 148, in update_time
    self.main.frontend.play_menu.sound.on_track_end()
  File "c:\Users\Yaroslav\Python\Yellow-Wave\core\ui\widgets\menu\main_menu.py", line 306, in on_track_end
    self.play_music(self.current)
  File "c:\Users\Yaroslav\Python\Yellow-Wave\core\ui\widgets\menu\main_menu.py", line 190, in play_music
    self.slider.start_countdown()
  File "c:\Users\Yaroslav\Python\Yellow-Wave\core\ui\widgets\sliders\track_slider.py", line 103, in start_countdown
    self.update_time()
  File "c:\Users\Yaroslav\Python\Yellow-Wave\core\ui\widgets\sliders\track_slider.py", line 148, in update_time
    self.main.frontend.play_menu.sound.on_track_end()
  File "c:\Users\Yaroslav\Python\Yellow-Wave\core\ui\widgets\menu\main_menu.py", line 306, in on_track_end
    self.play_music(self.current)
  File "c:\Users\Yaroslav\Python\Yellow-Wave\core\ui\widgets\menu\main_menu.py", line 190, in play_music
    self.slider.start_countdown()
  File "c:\Users\Yaroslav\Python\Yellow-Wave\core\ui\widgets\sliders\track_slider.py", line 103, in start_countdown
    self.update_time()
  File "c:\Users\Yaroslav\Python\Yellow-Wave\core\ui\widgets\sliders\track_slider.py", line 148, in update_time
    self.main.frontend.play_menu.sound.on_track_end()
  File "c:\Users\Yaroslav\Python\Yellow-Wave\core\ui\widgets\menu\main_menu.py", line 306, in on_track_end
    self.play_music(self.current)
  File "c:\Users\Yaroslav\Python\Yellow-Wave\core\ui\widgets\menu\main_menu.py", line 190, in play_music
    self.slider.start_countdown()
  File "c:\Users\Yaroslav\Python\Yellow-Wave\core\ui\widgets\sliders\track_slider.py", line 103, in start_countdown
    self.update_time()
  File "c:\Users\Yaroslav\Python\Yellow-Wave\core\ui\widgets\sliders\track_slider.py", line 148, in update_time
    self.main.frontend.play_menu.sound.on_track_end()
  File "c:\Users\Yaroslav\Python\Yellow-Wave\core\ui\widgets\menu\main_menu.py", line 306, in on_track_end
    self.play_music(self.current)
  File "c:\Users\Yaroslav\Python\Yellow-Wave\core\ui\widgets\menu\main_menu.py", line 190, in play_music
    self.slider.start_countdown()
  File "c:\Users\Yaroslav\Python\Yellow-Wave\core\ui\widgets\sliders\track_slider.py", line 103, in start_countdown
    self.update_time()
  File "c:\Users\Yaroslav\Python\Yellow-Wave\core\ui\widgets\sliders\track_slider.py", line 148, in update_time
    self.main.frontend.play_menu.sound.on_track_end()
  File "c:\Users\Yaroslav\Python\Yellow-Wave\core\ui\widgets\menu\main_menu.py", line 306, in on_track_end
    self.play_music(self.current)
  File "c:\Users\Yaroslav\Python\Yellow-Wave\core\ui\widgets\menu\main_menu.py", line 190, in play_music
    self.slider.start_countdown()
  File "c:\Users\Yaroslav\Python\Yellow-Wave\core\ui\widgets\sliders\track_slider.py", line 103, in start_countdown
    self.update_time()
  File "c:\Users\Yaroslav\Python\Yellow-Wave\core\ui\widgets\sliders\track_slider.py", line 148, in update_time
    self.main.frontend.play_menu.sound.on_track_end()
  File "c:\Users\Yaroslav\Python\Yellow-Wave\core\ui\widgets\menu\main_menu.py", line 306, in on_track_end
    self.play_music(self.current)
  File "c:\Users\Yaroslav\Python\Yellow-Wave\core\ui\widgets\menu\main_menu.py", line 190, in play_music
    self.slider.start_countdown()
  File "c:\Users\Yaroslav\Python\Yellow-Wave\core\ui\widgets\sliders\track_slider.py", line 103, in start_countdown
    self.update_time()
  File "c:\Users\Yaroslav\Python\Yellow-Wave\core\ui\widgets\sliders\track_slider.py", line 148, in update_time
    self.main.frontend.play_menu.sound.on_track_end()
  File "c:\Users\Yaroslav\Python\Yellow-Wave\core\ui\widgets\menu\main_menu.py", line 306, in on_track_end
    self.play_music(self.current)
  File "c:\Users\Yaroslav\Python\Yellow-Wave\core\ui\widgets\menu\main_menu.py", line 190, in play_music
    self.slider.start_countdown()
  File "c:\Users\Yaroslav\Python\Yellow-Wave\core\ui\widgets\sliders\track_slider.py", line 103, in start_countdown
    self.update_time()
  File "c:\Users\Yaroslav\Python\Yellow-Wave\core\ui\widgets\sliders\track_slider.py", line 148, in update_time
    self.main.frontend.play_menu.sound.on_track_end()
  File "c:\Users\Yaroslav\Python\Yellow-Wave\core\ui\widgets\menu\main_menu.py", line 306, in on_track_end
    self.play_music(self.current)
  File "c:\Users\Yaroslav\Python\Yellow-Wave\core\ui\widgets\menu\main_menu.py", line 190, in play_music
    self.slider.start_countdown()
  File "c:\Users\Yaroslav\Python\Yellow-Wave\core\ui\widgets\sliders\track_slider.py", line 103, in start_countdown
    self.update_time()
  File "c:\Users\Yaroslav\Python\Yellow-Wave\core\ui\widgets\sliders\track_slider.py", line 148, in update_time
    self.main.frontend.play_menu.sound.on_track_end()
  File "c:\Users\Yaroslav\Python\Yellow-Wave\core\ui\widgets\menu\main_menu.py", line 306, in on_track_end
    self.play_music(self.current)
  File "c:\Users\Yaroslav\Python\Yellow-Wave\core\ui\widgets\menu\main_menu.py", line 190, in play_music
    self.slider.start_countdown()
  File "c:\Users\Yaroslav\Python\Yellow-Wave\core\ui\widgets\sliders\track_slider.py", line 103, in start_countdown
    self.update_time()
  File "c:\Users\Yaroslav\Python\Yellow-Wave\core\ui\widgets\sliders\track_slider.py", line 148, in update_time
    self.main.frontend.play_menu.sound.on_track_end()
  File "c:\Users\Yaroslav\Python\Yellow-Wave\core\ui\widgets\menu\main_menu.py", line 306, in on_track_end
    self.play_music(self.current)
  File "c:\Users\Yaroslav\Python\Yellow-Wave\core\ui\widgets\menu\main_menu.py", line 190, in play_music
    self.slider.start_countdown()
  File "c:\Users\Yaroslav\Python\Yellow-Wave\core\ui\widgets\sliders\track_slider.py", line 103, in start_countdown
    self.update_time()
  File "c:\Users\Yaroslav\Python\Yellow-Wave\core\ui\widgets\sliders\track_slider.py", line 148, in update_time
    self.main.frontend.play_menu.sound.on_track_end()
  File "c:\Users\Yaroslav\Python\Yellow-Wave\core\ui\widgets\menu\main_menu.py", line 306, in on_track_end
    self.play_music(self.current)
  File "c:\Users\Yaroslav\Python\Yellow-Wave\core\ui\widgets\menu\main_menu.py", line 190, in play_music
    self.slider.start_countdown()
  File "c:\Users\Yaroslav\Python\Yellow-Wave\core\ui\widgets\sliders\track_slider.py", line 103, in start_countdown
    self.update_time()
  File "c:\Users\Yaroslav\Python\Yellow-Wave\core\ui\widgets\sliders\track_slider.py", line 148, in update_time
    self.main.frontend.play_menu.sound.on_track_end()
  File "c:\Users\Yaroslav\Python\Yellow-Wave\core\ui\widgets\menu\main_menu.py", line 306, in on_track_end
    self.play_music(self.current)
  File "c:\Users\Yaroslav\Python\Yellow-Wave\core\ui\widgets\menu\main_menu.py", line 190, in play_music
    self.slider.start_countdown()
  File "c:\Users\Yaroslav\Python\Yellow-Wave\core\ui\widgets\sliders\track_slider.py", line 103, in start_countdown
    self.update_time()
  File "c:\Users\Yaroslav\Python\Yellow-Wave\core\ui\widgets\sliders\track_slider.py", line 148, in update_time
    self.main.frontend.play_menu.sound.on_track_end()
  File "c:\Users\Yaroslav\Python\Yellow-Wave\core\ui\widgets\menu\main_menu.py", line 306, in on_track_end
    self.play_music(self.current)
  File "c:\Users\Yaroslav\Python\Yellow-Wave\core\ui\widgets\menu\main_menu.py", line 190, in play_music
    self.slider.start_countdown()
  File "c:\Users\Yaroslav\Python\Yellow-Wave\core\ui\widgets\sliders\track_slider.py", line 103, in start_countdown
    self.update_time()
  File "c:\Users\Yaroslav\Python\Yellow-Wave\core\ui\widgets\sliders\track_slider.py", line 148, in update_time
    self.main.frontend.play_menu.sound.on_track_end()
  File "c:\Users\Yaroslav\Python\Yellow-Wave\core\ui\widgets\menu\main_menu.py", line 306, in on_track_end
    self.play_music(self.current)
  File "c:\Users\Yaroslav\Python\Yellow-Wave\core\ui\widgets\menu\main_menu.py", line 190, in play_music
    self.slider.start_countdown()
  File "c:\Users\Yaroslav\Python\Yellow-Wave\core\ui\widgets\sliders\track_slider.py", line 103, in start_countdown
    self.update_time()
  File "c:\Users\Yaroslav\Python\Yellow-Wave\core\ui\widgets\sliders\track_slider.py", line 148, in update_time
    self.main.frontend.play_menu.sound.on_track_end()
  File "c:\Users\Yaroslav\Python\Yellow-Wave\core\ui\widgets\menu\main_menu.py", line 306, in on_track_end
    self.play_music(self.current)
  File "c:\Users\Yaroslav\Python\Yellow-Wave\core\ui\widgets\menu\main_menu.py", line 190, in play_music
    self.slider.start_countdown()
  File "c:\Users\Yaroslav\Python\Yellow-Wave\core\ui\widgets\sliders\track_slider.py", line 103, in start_countdown
    self.update_time()
  File "c:\Users\Yaroslav\Python\Yellow-Wave\core\ui\widgets\sliders\track_slider.py", line 148, in update_time
    self.main.frontend.play_menu.sound.on_track_end()
  File "c:\Users\Yaroslav\Python\Yellow-Wave\core\ui\widgets\menu\main_menu.py", line 306, in on_track_end
    self.play_music(self.current)
  File "c:\Users\Yaroslav\Python\Yellow-Wave\core\ui\widgets\menu\main_menu.py", line 190, in play_music
    self.slider.start_countdown()
  File "c:\Users\Yaroslav\Python\Yellow-Wave\core\ui\widgets\sliders\track_slider.py", line 103, in start_countdown
    self.update_time()
  File "c:\Users\Yaroslav\Python\Yellow-Wave\core\ui\widgets\sliders\track_slider.py", line 148, in update_time
    self.main.frontend.play_menu.sound.on_track_end()
  File "c:\Users\Yaroslav\Python\Yellow-Wave\core\ui\widgets\menu\main_menu.py", line 306, in on_track_end
    self.play_music(self.current)
  File "c:\Users\Yaroslav\Python\Yellow-Wave\core\ui\widgets\menu\main_menu.py", line 190, in play_music
    self.slider.start_countdown()
  File "c:\Users\Yaroslav\Python\Yellow-Wave\core\ui\widgets\sliders\track_slider.py", line 103, in start_countdown
    self.update_time()
  File "c:\Users\Yaroslav\Python\Yellow-Wave\core\ui\widgets\sliders\track_slider.py", line 148, in update_time
    self.main.frontend.play_menu.sound.on_track_end()
  File "c:\Users\Yaroslav\Python\Yellow-Wave\core\ui\widgets\menu\main_menu.py", line 306, in on_track_end
    self.play_music(self.current)
  File "c:\Users\Yaroslav\Python\Yellow-Wave\core\ui\widgets\menu\main_menu.py", line 190, in play_music
    self.slider.start_countdown()
  File "c:\Users\Yaroslav\Python\Yellow-Wave\core\ui\widgets\sliders\track_slider.py", line 103, in start_countdown
    self.update_time()
  File "c:\Users\Yaroslav\Python\Yellow-Wave\core\ui\widgets\sliders\track_slider.py", line 148, in update_time
    self.main.frontend.play_menu.sound.on_track_end()
  File "c:\Users\Yaroslav\Python\Yellow-Wave\core\ui\widgets\menu\main_menu.py", line 306, in on_track_end
    self.play_music(self.current)
  File "c:\Users\Yaroslav\Python\Yellow-Wave\core\ui\widgets\menu\main_menu.py", line 190, in play_music
    self.slider.start_countdown()
  File "c:\Users\Yaroslav\Python\Yellow-Wave\core\ui\widgets\sliders\track_slider.py", line 103, in start_countdown
    self.update_time()
  File "c:\Users\Yaroslav\Python\Yellow-Wave\core\ui\widgets\sliders\track_slider.py", line 148, in update_time
    self.main.frontend.play_menu.sound.on_track_end()
  File "c:\Users\Yaroslav\Python\Yellow-Wave\core\ui\widgets\menu\main_menu.py", line 306, in on_track_end
    self.play_music(self.current)
  File "c:\Users\Yaroslav\Python\Yellow-Wave\core\ui\widgets\menu\main_menu.py", line 190, in play_music
    self.slider.start_countdown()
  File "c:\Users\Yaroslav\Python\Yellow-Wave\core\ui\widgets\sliders\track_slider.py", line 103, in start_countdown
    self.update_time()
  File "c:\Users\Yaroslav\Python\Yellow-Wave\core\ui\widgets\sliders\track_slider.py", line 148, in update_time
    self.main.frontend.play_menu.sound.on_track_end()
  File "c:\Users\Yaroslav\Python\Yellow-Wave\core\ui\widgets\menu\main_menu.py", line 306, in on_track_end
    self.play_music(self.current)
  File "c:\Users\Yaroslav\Python\Yellow-Wave\core\ui\widgets\menu\main_menu.py", line 190, in play_music
    self.slider.start_countdown()
  File "c:\Users\Yaroslav\Python\Yellow-Wave\core\ui\widgets\sliders\track_slider.py", line 103, in start_countdown
    self.update_time()
  File "c:\Users\Yaroslav\Python\Yellow-Wave\core\ui\widgets\sliders\track_slider.py", line 148, in update_time
    self.main.frontend.play_menu.sound.on_track_end()
  File "c:\Users\Yaroslav\Python\Yellow-Wave\core\ui\widgets\menu\main_menu.py", line 306, in on_track_end
    self.play_music(self.current)
  File "c:\Users\Yaroslav\Python\Yellow-Wave\core\ui\widgets\menu\main_menu.py", line 190, in play_music
    self.slider.start_countdown()
  File "c:\Users\Yaroslav\Python\Yellow-Wave\core\ui\widgets\sliders\track_slider.py", line 103, in start_countdown
    self.update_time()
  File "c:\Users\Yaroslav\Python\Yellow-Wave\core\ui\widgets\sliders\track_slider.py", line 148, in update_time
    self.main.frontend.play_menu.sound.on_track_end()
  File "c:\Users\Yaroslav\Python\Yellow-Wave\core\ui\widgets\menu\main_menu.py", line 306, in on_track_end
    self.play_music(self.current)
  File "c:\Users\Yaroslav\Python\Yellow-Wave\core\ui\widgets\menu\main_menu.py", line 190, in play_music
    self.slider.start_countdown()
  File "c:\Users\Yaroslav\Python\Yellow-Wave\core\ui\widgets\sliders\track_slider.py", line 103, in start_countdown
    self.update_time()
  File "c:\Users\Yaroslav\Python\Yellow-Wave\core\ui\widgets\sliders\track_slider.py", line 148, in update_time
    self.main.frontend.play_menu.sound.on_track_end()
  File "c:\Users\Yaroslav\Python\Yellow-Wave\core\ui\widgets\menu\main_menu.py", line 306, in on_track_end
    self.play_music(self.current)
  File "c:\Users\Yaroslav\Python\Yellow-Wave\core\ui\widgets\menu\main_menu.py", line 190, in play_music
    self.slider.start_countdown()
  File "c:\Users\Yaroslav\Python\Yellow-Wave\core\ui\widgets\sliders\track_slider.py", line 103, in start_countdown
    self.update_time()
  File "c:\Users\Yaroslav\Python\Yellow-Wave\core\ui\widgets\sliders\track_slider.py", line 148, in update_time
    self.main.frontend.play_menu.sound.on_track_end()
  File "c:\Users\Yaroslav\Python\Yellow-Wave\core\ui\widgets\menu\main_menu.py", line 306, in on_track_end
    self.play_music(self.current)
  File "c:\Users\Yaroslav\Python\Yellow-Wave\core\ui\widgets\menu\main_menu.py", line 190, in play_music
    self.slider.start_countdown()
  File "c:\Users\Yaroslav\Python\Yellow-Wave\core\ui\widgets\sliders\track_slider.py", line 103, in start_countdown
    self.update_time()
  File "c:\Users\Yaroslav\Python\Yellow-Wave\core\ui\widgets\sliders\track_slider.py", line 148, in update_time
    self.main.frontend.play_menu.sound.on_track_end()
  File "c:\Users\Yaroslav\Python\Yellow-Wave\core\ui\widgets\menu\main_menu.py", line 306, in on_track_end
    self.play_music(self.current)
  File "c:\Users\Yaroslav\Python\Yellow-Wave\core\ui\widgets\menu\main_menu.py", line 190, in play_music
    self.slider.start_countdown()
  File "c:\Users\Yaroslav\Python\Yellow-Wave\core\ui\widgets\sliders\track_slider.py", line 103, in start_countdown
    self.update_time()
  File "c:\Users\Yaroslav\Python\Yellow-Wave\core\ui\widgets\sliders\track_slider.py", line 148, in update_time
    self.main.frontend.play_menu.sound.on_track_end()
  File "c:\Users\Yaroslav\Python\Yellow-Wave\core\ui\widgets\menu\main_menu.py", line 306, in on_track_end
    self.play_music(self.current)
  File "c:\Users\Yaroslav\Python\Yellow-Wave\core\ui\widgets\menu\main_menu.py", line 190, in play_music
    self.slider.start_countdown()
  File "c:\Users\Yaroslav\Python\Yellow-Wave\core\ui\widgets\sliders\track_slider.py", line 103, in start_countdown
    self.update_time()
  File "c:\Users\Yaroslav\Python\Yellow-Wave\core\ui\widgets\sliders\track_slider.py", line 148, in update_time
    self.main.frontend.play_menu.sound.on_track_end()
  File "c:\Users\Yaroslav\Python\Yellow-Wave\core\ui\widgets\menu\main_menu.py", line 306, in on_track_end
    self.play_music(self.current)
  File "c:\Users\Yaroslav\Python\Yellow-Wave\core\ui\widgets\menu\main_menu.py", line 190, in play_music
    self.slider.start_countdown()
  File "c:\Users\Yaroslav\Python\Yellow-Wave\core\ui\widgets\sliders\track_slider.py", line 103, in start_countdown
    self.update_time()
  File "c:\Users\Yaroslav\Python\Yellow-Wave\core\ui\widgets\sliders\track_slider.py", line 148, in update_time
    self.main.frontend.play_menu.sound.on_track_end()
  File "c:\Users\Yaroslav\Python\Yellow-Wave\core\ui\widgets\menu\main_menu.py", line 306, in on_track_end
    self.play_music(self.current)
  File "c:\Users\Yaroslav\Python\Yellow-Wave\core\ui\widgets\menu\main_menu.py", line 190, in play_music
    self.slider.start_countdown()
  File "c:\Users\Yaroslav\Python\Yellow-Wave\core\ui\widgets\sliders\track_slider.py", line 103, in start_countdown
    self.update_time()
  File "c:\Users\Yaroslav\Python\Yellow-Wave\core\ui\widgets\sliders\track_slider.py", line 148, in update_time
    self.main.frontend.play_menu.sound.on_track_end()
  File "c:\Users\Yaroslav\Python\Yellow-Wave\core\ui\widgets\menu\main_menu.py", line 306, in on_track_end
    self.play_music(self.current)
  File "c:\Users\Yaroslav\Python\Yellow-Wave\core\ui\widgets\menu\main_menu.py", line 190, in play_music
    self.slider.start_countdown()
  File "c:\Users\Yaroslav\Python\Yellow-Wave\core\ui\widgets\sliders\track_slider.py", line 103, in start_countdown
    self.update_time()
  File "c:\Users\Yaroslav\Python\Yellow-Wave\core\ui\widgets\sliders\track_slider.py", line 148, in update_time
    self.main.frontend.play_menu.sound.on_track_end()
  File "c:\Users\Yaroslav\Python\Yellow-Wave\core\ui\widgets\menu\main_menu.py", line 306, in on_track_end
    self.play_music(self.current)
  File "c:\Users\Yaroslav\Python\Yellow-Wave\core\ui\widgets\menu\main_menu.py", line 190, in play_music
    self.slider.start_countdown()
  File "c:\Users\Yaroslav\Python\Yellow-Wave\core\ui\widgets\sliders\track_slider.py", line 103, in start_countdown
    self.update_time()
  File "c:\Users\Yaroslav\Python\Yellow-Wave\core\ui\widgets\sliders\track_slider.py", line 148, in update_time
    self.main.frontend.play_menu.sound.on_track_end()
  File "c:\Users\Yaroslav\Python\Yellow-Wave\core\ui\widgets\menu\main_menu.py", line 306, in on_track_end
    self.play_music(self.current)
  File "c:\Users\Yaroslav\Python\Yellow-Wave\core\ui\widgets\menu\main_menu.py", line 190, in play_music
    self.slider.start_countdown()
  File "c:\Users\Yaroslav\Python\Yellow-Wave\core\ui\widgets\sliders\track_slider.py", line 103, in start_countdown
    self.update_time()
  File "c:\Users\Yaroslav\Python\Yellow-Wave\core\ui\widgets\sliders\track_slider.py", line 148, in update_time
    self.main.frontend.play_menu.sound.on_track_end()
  File "c:\Users\Yaroslav\Python\Yellow-Wave\core\ui\widgets\menu\main_menu.py", line 306, in on_track_end
    self.play_music(self.current)
  File "c:\Users\Yaroslav\Python\Yellow-Wave\core\ui\widgets\menu\main_menu.py", line 190, in play_music
    self.slider.start_countdown()
  File "c:\Users\Yaroslav\Python\Yellow-Wave\core\ui\widgets\sliders\track_slider.py", line 103, in start_countdown
    self.update_time()
  File "c:\Users\Yaroslav\Python\Yellow-Wave\core\ui\widgets\sliders\track_slider.py", line 148, in update_time
    self.main.frontend.play_menu.sound.on_track_end()
  File "c:\Users\Yaroslav\Python\Yellow-Wave\core\ui\widgets\menu\main_menu.py", line 306, in on_track_end
    self.play_music(self.current)
  File "c:\Users\Yaroslav\Python\Yellow-Wave\core\ui\widgets\menu\main_menu.py", line 190, in play_music
    self.slider.start_countdown()
  File "c:\Users\Yaroslav\Python\Yellow-Wave\core\ui\widgets\sliders\track_slider.py", line 103, in start_countdown
    self.update_time()
  File "c:\Users\Yaroslav\Python\Yellow-Wave\core\ui\widgets\sliders\track_slider.py", line 148, in update_time
    self.main.frontend.play_menu.sound.on_track_end()
  File "c:\Users\Yaroslav\Python\Yellow-Wave\core\ui\widgets\menu\main_menu.py", line 306, in on_track_end
    self.play_music(self.current)
  File "c:\Users\Yaroslav\Python\Yellow-Wave\core\ui\widgets\menu\main_menu.py", line 190, in play_music
    self.slider.start_countdown()
  File "c:\Users\Yaroslav\Python\Yellow-Wave\core\ui\widgets\sliders\track_slider.py", line 103, in start_countdown
    self.update_time()
  File "c:\Users\Yaroslav\Python\Yellow-Wave\core\ui\widgets\sliders\track_slider.py", line 148, in update_time
    self.main.frontend.play_menu.sound.on_track_end()
  File "c:\Users\Yaroslav\Python\Yellow-Wave\core\ui\widgets\menu\main_menu.py", line 306, in on_track_end
    self.play_music(self.current)
  File "c:\Users\Yaroslav\Python\Yellow-Wave\core\ui\widgets\menu\main_menu.py", line 190, in play_music
    self.slider.start_countdown()
  File "c:\Users\Yaroslav\Python\Yellow-Wave\core\ui\widgets\sliders\track_slider.py", line 103, in start_countdown
    self.update_time()
  File "c:\Users\Yaroslav\Python\Yellow-Wave\core\ui\widgets\sliders\track_slider.py", line 148, in update_time
    self.main.frontend.play_menu.sound.on_track_end()
  File "c:\Users\Yaroslav\Python\Yellow-Wave\core\ui\widgets\menu\main_menu.py", line 306, in on_track_end
    self.play_music(self.current)
  File "c:\Users\Yaroslav\Python\Yellow-Wave\core\ui\widgets\menu\main_menu.py", line 190, in play_music
    self.slider.start_countdown()
  File "c:\Users\Yaroslav\Python\Yellow-Wave\core\ui\widgets\sliders\track_slider.py", line 103, in start_countdown
    self.update_time()
  File "c:\Users\Yaroslav\Python\Yellow-Wave\core\ui\widgets\sliders\track_slider.py", line 148, in update_time
    self.main.frontend.play_menu.sound.on_track_end()
  File "c:\Users\Yaroslav\Python\Yellow-Wave\core\ui\widgets\menu\main_menu.py", line 306, in on_track_end
    self.play_music(self.current)
  File "c:\Users\Yaroslav\Python\Yellow-Wave\core\ui\widgets\menu\main_menu.py", line 190, in play_music
    self.slider.start_countdown()
  File "c:\Users\Yaroslav\Python\Yellow-Wave\core\ui\widgets\sliders\track_slider.py", line 103, in start_countdown
    self.update_time()
  File "c:\Users\Yaroslav\Python\Yellow-Wave\core\ui\widgets\sliders\track_slider.py", line 148, in update_time
    self.main.frontend.play_menu.sound.on_track_end()
  File "c:\Users\Yaroslav\Python\Yellow-Wave\core\ui\widgets\menu\main_menu.py", line 306, in on_track_end
    self.play_music(self.current)
  File "c:\Users\Yaroslav\Python\Yellow-Wave\core\ui\widgets\menu\main_menu.py", line 190, in play_music
    self.slider.start_countdown()
  File "c:\Users\Yaroslav\Python\Yellow-Wave\core\ui\widgets\sliders\track_slider.py", line 103, in start_countdown
    self.update_time()
  File "c:\Users\Yaroslav\Python\Yellow-Wave\core\ui\widgets\sliders\track_slider.py", line 148, in update_time
    self.main.frontend.play_menu.sound.on_track_end()
  File "c:\Users\Yaroslav\Python\Yellow-Wave\core\ui\widgets\menu\main_menu.py", line 306, in on_track_end
    self.play_music(self.current)
  File "c:\Users\Yaroslav\Python\Yellow-Wave\core\ui\widgets\menu\main_menu.py", line 190, in play_music
    self.slider.start_countdown()
  File "c:\Users\Yaroslav\Python\Yellow-Wave\core\ui\widgets\sliders\track_slider.py", line 103, in start_countdown
    self.update_time()
  File "c:\Users\Yaroslav\Python\Yellow-Wave\core\ui\widgets\sliders\track_slider.py", line 148, in update_time
    self.main.frontend.play_menu.sound.on_track_end()
  File "c:\Users\Yaroslav\Python\Yellow-Wave\core\ui\widgets\menu\main_menu.py", line 306, in on_track_end
    self.play_music(self.current)
  File "c:\Users\Yaroslav\Python\Yellow-Wave\core\ui\widgets\menu\main_menu.py", line 190, in play_music
    self.slider.start_countdown()
  File "c:\Users\Yaroslav\Python\Yellow-Wave\core\ui\widgets\sliders\track_slider.py", line 103, in start_countdown
    self.update_time()
  File "c:\Users\Yaroslav\Python\Yellow-Wave\core\ui\widgets\sliders\track_slider.py", line 148, in update_time
    self.main.frontend.play_menu.sound.on_track_end()
  File "c:\Users\Yaroslav\Python\Yellow-Wave\core\ui\widgets\menu\main_menu.py", line 306, in on_track_end
    self.play_music(self.current)
  File "c:\Users\Yaroslav\Python\Yellow-Wave\core\ui\widgets\menu\main_menu.py", line 190, in play_music
    self.slider.start_countdown()
  File "c:\Users\Yaroslav\Python\Yellow-Wave\core\ui\widgets\sliders\track_slider.py", line 103, in start_countdown
    self.update_time()
  File "c:\Users\Yaroslav\Python\Yellow-Wave\core\ui\widgets\sliders\track_slider.py", line 148, in update_time
    self.main.frontend.play_menu.sound.on_track_end()
  File "c:\Users\Yaroslav\Python\Yellow-Wave\core\ui\widgets\menu\main_menu.py", line 306, in on_track_end
    self.play_music(self.current)
  File "c:\Users\Yaroslav\Python\Yellow-Wave\core\ui\widgets\menu\main_menu.py", line 190, in play_music
    self.slider.start_countdown()
  File "c:\Users\Yaroslav\Python\Yellow-Wave\core\ui\widgets\sliders\track_slider.py", line 103, in start_countdown
    self.update_time()
  File "c:\Users\Yaroslav\Python\Yellow-Wave\core\ui\widgets\sliders\track_slider.py", line 148, in update_time
    self.main.frontend.play_menu.sound.on_track_end()
  File "c:\Users\Yaroslav\Python\Yellow-Wave\core\ui\widgets\menu\main_menu.py", line 306, in on_track_end
    self.play_music(self.current)
  File "c:\Users\Yaroslav\Python\Yellow-Wave\core\ui\widgets\menu\main_menu.py", line 190, in play_music
    self.slider.start_countdown()
  File "c:\Users\Yaroslav\Python\Yellow-Wave\core\ui\widgets\sliders\track_slider.py", line 103, in start_countdown
    self.update_time()
  File "c:\Users\Yaroslav\Python\Yellow-Wave\core\ui\widgets\sliders\track_slider.py", line 148, in update_time
    self.main.frontend.play_menu.sound.on_track_end()
  File "c:\Users\Yaroslav\Python\Yellow-Wave\core\ui\widgets\menu\main_menu.py", line 306, in on_track_end
    self.play_music(self.current)
  File "c:\Users\Yaroslav\Python\Yellow-Wave\core\ui\widgets\menu\main_menu.py", line 190, in play_music
    self.slider.start_countdown()
  File "c:\Users\Yaroslav\Python\Yellow-Wave\core\ui\widgets\sliders\track_slider.py", line 103, in start_countdown
    self.update_time()
  File "c:\Users\Yaroslav\Python\Yellow-Wave\core\ui\widgets\sliders\track_slider.py", line 148, in update_time
    self.main.frontend.play_menu.sound.on_track_end()
  File "c:\Users\Yaroslav\Python\Yellow-Wave\core\ui\widgets\menu\main_menu.py", line 306, in on_track_end
    self.play_music(self.current)
  File "c:\Users\Yaroslav\Python\Yellow-Wave\core\ui\widgets\menu\main_menu.py", line 190, in play_music
    self.slider.start_countdown()
  File "c:\Users\Yaroslav\Python\Yellow-Wave\core\ui\widgets\sliders\track_slider.py", line 103, in start_countdown
    self.update_time()
  File "c:\Users\Yaroslav\Python\Yellow-Wave\core\ui\widgets\sliders\track_slider.py", line 148, in update_time
    self.main.frontend.play_menu.sound.on_track_end()
  File "c:\Users\Yaroslav\Python\Yellow-Wave\core\ui\widgets\menu\main_menu.py", line 306, in on_track_end
    self.play_music(self.current)
  File "c:\Users\Yaroslav\Python\Yellow-Wave\core\ui\widgets\menu\main_menu.py", line 190, in play_music
    self.slider.start_countdown()
  File "c:\Users\Yaroslav\Python\Yellow-Wave\core\ui\widgets\sliders\track_slider.py", line 103, in start_countdown
    self.update_time()
  File "c:\Users\Yaroslav\Python\Yellow-Wave\core\ui\widgets\sliders\track_slider.py", line 148, in update_time
    self.main.frontend.play_menu.sound.on_track_end()
  File "c:\Users\Yaroslav\Python\Yellow-Wave\core\ui\widgets\menu\main_menu.py", line 306, in on_track_end
    self.play_music(self.current)
  File "c:\Users\Yaroslav\Python\Yellow-Wave\core\ui\widgets\menu\main_menu.py", line 190, in play_music
    self.slider.start_countdown()
  File "c:\Users\Yaroslav\Python\Yellow-Wave\core\ui\widgets\sliders\track_slider.py", line 103, in start_countdown
    self.update_time()
  File "c:\Users\Yaroslav\Python\Yellow-Wave\core\ui\widgets\sliders\track_slider.py", line 148, in update_time
    self.main.frontend.play_menu.sound.on_track_end()
  File "c:\Users\Yaroslav\Python\Yellow-Wave\core\ui\widgets\menu\main_menu.py", line 306, in on_track_end
    self.play_music(self.current)
  File "c:\Users\Yaroslav\Python\Yellow-Wave\core\ui\widgets\menu\main_menu.py", line 190, in play_music
    self.slider.start_countdown()
  File "c:\Users\Yaroslav\Python\Yellow-Wave\core\ui\widgets\sliders\track_slider.py", line 103, in start_countdown
    self.update_time()
  File "c:\Users\Yaroslav\Python\Yellow-Wave\core\ui\widgets\sliders\track_slider.py", line 148, in update_time
    self.main.frontend.play_menu.sound.on_track_end()
  File "c:\Users\Yaroslav\Python\Yellow-Wave\core\ui\widgets\menu\main_menu.py", line 306, in on_track_end
    self.play_music(self.current)
  File "c:\Users\Yaroslav\Python\Yellow-Wave\core\ui\widgets\menu\main_menu.py", line 190, in play_music
    self.slider.start_countdown()
  File "c:\Users\Yaroslav\Python\Yellow-Wave\core\ui\widgets\sliders\track_slider.py", line 103, in start_countdown
    self.update_time()
  File "c:\Users\Yaroslav\Python\Yellow-Wave\core\ui\widgets\sliders\track_slider.py", line 148, in update_time
    self.main.frontend.play_menu.sound.on_track_end()
  File "c:\Users\Yaroslav\Python\Yellow-Wave\core\ui\widgets\menu\main_menu.py", line 306, in on_track_end
    self.play_music(self.current)
  File "c:\Users\Yaroslav\Python\Yellow-Wave\core\ui\widgets\menu\main_menu.py", line 190, in play_music
    self.slider.start_countdown()
  File "c:\Users\Yaroslav\Python\Yellow-Wave\core\ui\widgets\sliders\track_slider.py", line 103, in start_countdown
    self.update_time()
  File "c:\Users\Yaroslav\Python\Yellow-Wave\core\ui\widgets\sliders\track_slider.py", line 148, in update_time
    self.main.frontend.play_menu.sound.on_track_end()
  File "c:\Users\Yaroslav\Python\Yellow-Wave\core\ui\widgets\menu\main_menu.py", line 306, in on_track_end
    self.play_music(self.current)
  File "c:\Users\Yaroslav\Python\Yellow-Wave\core\ui\widgets\menu\main_menu.py", line 190, in play_music
    self.slider.start_countdown()
  File "c:\Users\Yaroslav\Python\Yellow-Wave\core\ui\widgets\sliders\track_slider.py", line 103, in start_countdown
    self.update_time()
  File "c:\Users\Yaroslav\Python\Yellow-Wave\core\ui\widgets\sliders\track_slider.py", line 148, in update_time
    self.main.frontend.play_menu.sound.on_track_end()
  File "c:\Users\Yaroslav\Python\Yellow-Wave\core\ui\widgets\menu\main_menu.py", line 306, in on_track_end
    self.play_music(self.current)
  File "c:\Users\Yaroslav\Python\Yellow-Wave\core\ui\widgets\menu\main_menu.py", line 190, in play_music
    self.slider.start_countdown()
  File "c:\Users\Yaroslav\Python\Yellow-Wave\core\ui\widgets\sliders\track_slider.py", line 103, in start_countdown
    self.update_time()
  File "c:\Users\Yaroslav\Python\Yellow-Wave\core\ui\widgets\sliders\track_slider.py", line 148, in update_time
    self.main.frontend.play_menu.sound.on_track_end()
  File "c:\Users\Yaroslav\Python\Yellow-Wave\core\ui\widgets\menu\main_menu.py", line 306, in on_track_end
    self.play_music(self.current)
  File "c:\Users\Yaroslav\Python\Yellow-Wave\core\ui\widgets\menu\main_menu.py", line 190, in play_music
    self.slider.start_countdown()
  File "c:\Users\Yaroslav\Python\Yellow-Wave\core\ui\widgets\sliders\track_slider.py", line 103, in start_countdown
    self.update_time()
  File "c:\Users\Yaroslav\Python\Yellow-Wave\core\ui\widgets\sliders\track_slider.py", line 148, in update_time
    self.main.frontend.play_menu.sound.on_track_end()
  File "c:\Users\Yaroslav\Python\Yellow-Wave\core\ui\widgets\menu\main_menu.py", line 306, in on_track_end
    self.play_music(self.current)
  File "c:\Users\Yaroslav\Python\Yellow-Wave\core\ui\widgets\menu\main_menu.py", line 190, in play_music
    self.slider.start_countdown()
  File "c:\Users\Yaroslav\Python\Yellow-Wave\core\ui\widgets\sliders\track_slider.py", line 103, in start_countdown
    self.update_time()
  File "c:\Users\Yaroslav\Python\Yellow-Wave\core\ui\widgets\sliders\track_slider.py", line 148, in update_time
    self.main.frontend.play_menu.sound.on_track_end()
  File "c:\Users\Yaroslav\Python\Yellow-Wave\core\ui\widgets\menu\main_menu.py", line 306, in on_track_end
    self.play_music(self.current)
  File "c:\Users\Yaroslav\Python\Yellow-Wave\core\ui\widgets\menu\main_menu.py", line 190, in play_music
    self.slider.start_countdown()
  File "c:\Users\Yaroslav\Python\Yellow-Wave\core\ui\widgets\sliders\track_slider.py", line 103, in start_countdown
    self.update_time()
  File "c:\Users\Yaroslav\Python\Yellow-Wave\core\ui\widgets\sliders\track_slider.py", line 148, in update_time
    self.main.frontend.play_menu.sound.on_track_end()
  File "c:\Users\Yaroslav\Python\Yellow-Wave\core\ui\widgets\menu\main_menu.py", line 306, in on_track_end
    self.play_music(self.current)
  File "c:\Users\Yaroslav\Python\Yellow-Wave\core\ui\widgets\menu\main_menu.py", line 190, in play_music
    self.slider.start_countdown()
  File "c:\Users\Yaroslav\Python\Yellow-Wave\core\ui\widgets\sliders\track_slider.py", line 103, in start_countdown
    self.update_time()
  File "c:\Users\Yaroslav\Python\Yellow-Wave\core\ui\widgets\sliders\track_slider.py", line 148, in update_time
    self.main.frontend.play_menu.sound.on_track_end()
  File "c:\Users\Yaroslav\Python\Yellow-Wave\core\ui\widgets\menu\main_menu.py", line 306, in on_track_end
    self.play_music(self.current)
  File "c:\Users\Yaroslav\Python\Yellow-Wave\core\ui\widgets\menu\main_menu.py", line 190, in play_music
    self.slider.start_countdown()
  File "c:\Users\Yaroslav\Python\Yellow-Wave\core\ui\widgets\sliders\track_slider.py", line 103, in start_countdown
    self.update_time()
  File "c:\Users\Yaroslav\Python\Yellow-Wave\core\ui\widgets\sliders\track_slider.py", line 148, in update_time
    self.main.frontend.play_menu.sound.on_track_end()
  File "c:\Users\Yaroslav\Python\Yellow-Wave\core\ui\widgets\menu\main_menu.py", line 306, in on_track_end
    self.play_music(self.current)
  File "c:\Users\Yaroslav\Python\Yellow-Wave\core\ui\widgets\menu\main_menu.py", line 190, in play_music
    self.slider.start_countdown()
  File "c:\Users\Yaroslav\Python\Yellow-Wave\core\ui\widgets\sliders\track_slider.py", line 103, in start_countdown
    self.update_time()
  File "c:\Users\Yaroslav\Python\Yellow-Wave\core\ui\widgets\sliders\track_slider.py", line 148, in update_time
    self.main.frontend.play_menu.sound.on_track_end()
  File "c:\Users\Yaroslav\Python\Yellow-Wave\core\ui\widgets\menu\main_menu.py", line 306, in on_track_end
    self.play_music(self.current)
  File "c:\Users\Yaroslav\Python\Yellow-Wave\core\ui\widgets\menu\main_menu.py", line 190, in play_music
    self.slider.start_countdown()
  File "c:\Users\Yaroslav\Python\Yellow-Wave\core\ui\widgets\sliders\track_slider.py", line 103, in start_countdown
    self.update_time()
  File "c:\Users\Yaroslav\Python\Yellow-Wave\core\ui\widgets\sliders\track_slider.py", line 148, in update_time
    self.main.frontend.play_menu.sound.on_track_end()
  File "c:\Users\Yaroslav\Python\Yellow-Wave\core\ui\widgets\menu\main_menu.py", line 306, in on_track_end
    self.play_music(self.current)
  File "c:\Users\Yaroslav\Python\Yellow-Wave\core\ui\widgets\menu\main_menu.py", line 190, in play_music
    self.slider.start_countdown()
  File "c:\Users\Yaroslav\Python\Yellow-Wave\core\ui\widgets\sliders\track_slider.py", line 103, in start_countdown
    self.update_time()
  File "c:\Users\Yaroslav\Python\Yellow-Wave\core\ui\widgets\sliders\track_slider.py", line 148, in update_time
    self.main.frontend.play_menu.sound.on_track_end()
  File "c:\Users\Yaroslav\Python\Yellow-Wave\core\ui\widgets\menu\main_menu.py", line 306, in on_track_end
    self.play_music(self.current)
  File "c:\Users\Yaroslav\Python\Yellow-Wave\core\ui\widgets\menu\main_menu.py", line 190, in play_music
    self.slider.start_countdown()
  File "c:\Users\Yaroslav\Python\Yellow-Wave\core\ui\widgets\sliders\track_slider.py", line 103, in start_countdown
    self.update_time()
  File "c:\Users\Yaroslav\Python\Yellow-Wave\core\ui\widgets\sliders\track_slider.py", line 148, in update_time
    self.main.frontend.play_menu.sound.on_track_end()
  File "c:\Users\Yaroslav\Python\Yellow-Wave\core\ui\widgets\menu\main_menu.py", line 306, in on_track_end
    self.play_music(self.current)
  File "c:\Users\Yaroslav\Python\Yellow-Wave\core\ui\widgets\menu\main_menu.py", line 190, in play_music
    self.slider.start_countdown()
  File "c:\Users\Yaroslav\Python\Yellow-Wave\core\ui\widgets\sliders\track_slider.py", line 103, in start_countdown
    self.update_time()
  File "c:\Users\Yaroslav\Python\Yellow-Wave\core\ui\widgets\sliders\track_slider.py", line 148, in update_time
    self.main.frontend.play_menu.sound.on_track_end()
  File "c:\Users\Yaroslav\Python\Yellow-Wave\core\ui\widgets\menu\main_menu.py", line 306, in on_track_end
    self.play_music(self.current)
  File "c:\Users\Yaroslav\Python\Yellow-Wave\core\ui\widgets\menu\main_menu.py", line 190, in play_music
    self.slider.start_countdown()
  File "c:\Users\Yaroslav\Python\Yellow-Wave\core\ui\widgets\sliders\track_slider.py", line 103, in start_countdown
    self.update_time()
  File "c:\Users\Yaroslav\Python\Yellow-Wave\core\ui\widgets\sliders\track_slider.py", line 148, in update_time
    self.main.frontend.play_menu.sound.on_track_end()
  File "c:\Users\Yaroslav\Python\Yellow-Wave\core\ui\widgets\menu\main_menu.py", line 306, in on_track_end
    self.play_music(self.current)
  File "c:\Users\Yaroslav\Python\Yellow-Wave\core\ui\widgets\menu\main_menu.py", line 190, in play_music
    self.slider.start_countdown()
  File "c:\Users\Yaroslav\Python\Yellow-Wave\core\ui\widgets\sliders\track_slider.py", line 103, in start_countdown
    self.update_time()
  File "c:\Users\Yaroslav\Python\Yellow-Wave\core\ui\widgets\sliders\track_slider.py", line 148, in update_time
    self.main.frontend.play_menu.sound.on_track_end()
  File "c:\Users\Yaroslav\Python\Yellow-Wave\core\ui\widgets\menu\main_menu.py", line 306, in on_track_end
    self.play_music(self.current)
  File "c:\Users\Yaroslav\Python\Yellow-Wave\core\ui\widgets\menu\main_menu.py", line 190, in play_music
    self.slider.start_countdown()
  File "c:\Users\Yaroslav\Python\Yellow-Wave\core\ui\widgets\sliders\track_slider.py", line 103, in start_countdown
    self.update_time()
  File "c:\Users\Yaroslav\Python\Yellow-Wave\core\ui\widgets\sliders\track_slider.py", line 148, in update_time
    self.main.frontend.play_menu.sound.on_track_end()
  File "c:\Users\Yaroslav\Python\Yellow-Wave\core\ui\widgets\menu\main_menu.py", line 306, in on_track_end
    self.play_music(self.current)
  File "c:\Users\Yaroslav\Python\Yellow-Wave\core\ui\widgets\menu\main_menu.py", line 190, in play_music
    self.slider.start_countdown()
  File "c:\Users\Yaroslav\Python\Yellow-Wave\core\ui\widgets\sliders\track_slider.py", line 103, in start_countdown
    self.update_time()
  File "c:\Users\Yaroslav\Python\Yellow-Wave\core\ui\widgets\sliders\track_slider.py", line 148, in update_time
    self.main.frontend.play_menu.sound.on_track_end()
  File "c:\Users\Yaroslav\Python\Yellow-Wave\core\ui\widgets\menu\main_menu.py", line 306, in on_track_end
    self.play_music(self.current)
  File "c:\Users\Yaroslav\Python\Yellow-Wave\core\ui\widgets\menu\main_menu.py", line 190, in play_music
    self.slider.start_countdown()
  File "c:\Users\Yaroslav\Python\Yellow-Wave\core\ui\widgets\sliders\track_slider.py", line 103, in start_countdown
    self.update_time()
  File "c:\Users\Yaroslav\Python\Yellow-Wave\core\ui\widgets\sliders\track_slider.py", line 148, in update_time
    self.main.frontend.play_menu.sound.on_track_end()
  File "c:\Users\Yaroslav\Python\Yellow-Wave\core\ui\widgets\menu\main_menu.py", line 306, in on_track_end
    self.play_music(self.current)
  File "c:\Users\Yaroslav\Python\Yellow-Wave\core\ui\widgets\menu\main_menu.py", line 190, in play_music
    self.slider.start_countdown()
  File "c:\Users\Yaroslav\Python\Yellow-Wave\core\ui\widgets\sliders\track_slider.py", line 103, in start_countdown
    self.update_time()
  File "c:\Users\Yaroslav\Python\Yellow-Wave\core\ui\widgets\sliders\track_slider.py", line 148, in update_time
    self.main.frontend.play_menu.sound.on_track_end()
  File "c:\Users\Yaroslav\Python\Yellow-Wave\core\ui\widgets\menu\main_menu.py", line 306, in on_track_end
    self.play_music(self.current)
  File "c:\Users\Yaroslav\Python\Yellow-Wave\core\ui\widgets\menu\main_menu.py", line 190, in play_music
    self.slider.start_countdown()
  File "c:\Users\Yaroslav\Python\Yellow-Wave\core\ui\widgets\sliders\track_slider.py", line 103, in start_countdown
    self.update_time()
  File "c:\Users\Yaroslav\Python\Yellow-Wave\core\ui\widgets\sliders\track_slider.py", line 148, in update_time
    self.main.frontend.play_menu.sound.on_track_end()
  File "c:\Users\Yaroslav\Python\Yellow-Wave\core\ui\widgets\menu\main_menu.py", line 306, in on_track_end
    self.play_music(self.current)
  File "c:\Users\Yaroslav\Python\Yellow-Wave\core\ui\widgets\menu\main_menu.py", line 190, in play_music
    self.slider.start_countdown()
  File "c:\Users\Yaroslav\Python\Yellow-Wave\core\ui\widgets\sliders\track_slider.py", line 103, in start_countdown
    self.update_time()
  File "c:\Users\Yaroslav\Python\Yellow-Wave\core\ui\widgets\sliders\track_slider.py", line 148, in update_time
    self.main.frontend.play_menu.sound.on_track_end()
  File "c:\Users\Yaroslav\Python\Yellow-Wave\core\ui\widgets\menu\main_menu.py", line 306, in on_track_end
    self.play_music(self.current)
  File "c:\Users\Yaroslav\Python\Yellow-Wave\core\ui\widgets\menu\main_menu.py", line 190, in play_music
    self.slider.start_countdown()
  File "c:\Users\Yaroslav\Python\Yellow-Wave\core\ui\widgets\sliders\track_slider.py", line 103, in start_countdown
    self.update_time()
  File "c:\Users\Yaroslav\Python\Yellow-Wave\core\ui\widgets\sliders\track_slider.py", line 148, in update_time
    self.main.frontend.play_menu.sound.on_track_end()
  File "c:\Users\Yaroslav\Python\Yellow-Wave\core\ui\widgets\menu\main_menu.py", line 306, in on_track_end
    self.play_music(self.current)
  File "c:\Users\Yaroslav\Python\Yellow-Wave\core\ui\widgets\menu\main_menu.py", line 190, in play_music
    self.slider.start_countdown()
  File "c:\Users\Yaroslav\Python\Yellow-Wave\core\ui\widgets\sliders\track_slider.py", line 103, in start_countdown
    self.update_time()
  File "c:\Users\Yaroslav\Python\Yellow-Wave\core\ui\widgets\sliders\track_slider.py", line 148, in update_time
    self.main.frontend.play_menu.sound.on_track_end()
  File "c:\Users\Yaroslav\Python\Yellow-Wave\core\ui\widgets\menu\main_menu.py", line 306, in on_track_end
    self.play_music(self.current)
  File "c:\Users\Yaroslav\Python\Yellow-Wave\core\ui\widgets\menu\main_menu.py", line 190, in play_music
    self.slider.start_countdown()
  File "c:\Users\Yaroslav\Python\Yellow-Wave\core\ui\widgets\sliders\track_slider.py", line 103, in start_countdown
    self.update_time()
  File "c:\Users\Yaroslav\Python\Yellow-Wave\core\ui\widgets\sliders\track_slider.py", line 148, in update_time
    self.main.frontend.play_menu.sound.on_track_end()
  File "c:\Users\Yaroslav\Python\Yellow-Wave\core\ui\widgets\menu\main_menu.py", line 306, in on_track_end
    self.play_music(self.current)
  File "c:\Users\Yaroslav\Python\Yellow-Wave\core\ui\widgets\menu\main_menu.py", line 190, in play_music
    self.slider.start_countdown()
  File "c:\Users\Yaroslav\Python\Yellow-Wave\core\ui\widgets\sliders\track_slider.py", line 103, in start_countdown
    self.update_time()
  File "c:\Users\Yaroslav\Python\Yellow-Wave\core\ui\widgets\sliders\track_slider.py", line 148, in update_time
    self.main.frontend.play_menu.sound.on_track_end()
  File "c:\Users\Yaroslav\Python\Yellow-Wave\core\ui\widgets\menu\main_menu.py", line 306, in on_track_end
    self.play_music(self.current)
  File "c:\Users\Yaroslav\Python\Yellow-Wave\core\ui\widgets\menu\main_menu.py", line 190, in play_music
    self.slider.start_countdown()
  File "c:\Users\Yaroslav\Python\Yellow-Wave\core\ui\widgets\sliders\track_slider.py", line 103, in start_countdown
    self.update_time()
  File "c:\Users\Yaroslav\Python\Yellow-Wave\core\ui\widgets\sliders\track_slider.py", line 148, in update_time
    self.main.frontend.play_menu.sound.on_track_end()
  File "c:\Users\Yaroslav\Python\Yellow-Wave\core\ui\widgets\menu\main_menu.py", line 306, in on_track_end
    self.play_music(self.current)
  File "c:\Users\Yaroslav\Python\Yellow-Wave\core\ui\widgets\menu\main_menu.py", line 190, in play_music
    self.slider.start_countdown()
  File "c:\Users\Yaroslav\Python\Yellow-Wave\core\ui\widgets\sliders\track_slider.py", line 103, in start_countdown
    self.update_time()
  File "c:\Users\Yaroslav\Python\Yellow-Wave\core\ui\widgets\sliders\track_slider.py", line 148, in update_time
    self.main.frontend.play_menu.sound.on_track_end()
  File "c:\Users\Yaroslav\Python\Yellow-Wave\core\ui\widgets\menu\main_menu.py", line 306, in on_track_end
    self.play_music(self.current)
  File "c:\Users\Yaroslav\Python\Yellow-Wave\core\ui\widgets\menu\main_menu.py", line 190, in play_music
    self.slider.start_countdown()
  File "c:\Users\Yaroslav\Python\Yellow-Wave\core\ui\widgets\sliders\track_slider.py", line 103, in start_countdown
    self.update_time()
  File "c:\Users\Yaroslav\Python\Yellow-Wave\core\ui\widgets\sliders\track_slider.py", line 148, in update_time
    self.main.frontend.play_menu.sound.on_track_end()
  File "c:\Users\Yaroslav\Python\Yellow-Wave\core\ui\widgets\menu\main_menu.py", line 306, in on_track_end
    self.play_music(self.current)
  File "c:\Users\Yaroslav\Python\Yellow-Wave\core\ui\widgets\menu\main_menu.py", line 190, in play_music
    self.slider.start_countdown()
  File "c:\Users\Yaroslav\Python\Yellow-Wave\core\ui\widgets\sliders\track_slider.py", line 103, in start_countdown
    self.update_time()
  File "c:\Users\Yaroslav\Python\Yellow-Wave\core\ui\widgets\sliders\track_slider.py", line 148, in update_time
    self.main.frontend.play_menu.sound.on_track_end()
  File "c:\Users\Yaroslav\Python\Yellow-Wave\core\ui\widgets\menu\main_menu.py", line 306, in on_track_end
    self.play_music(self.current)
  File "c:\Users\Yaroslav\Python\Yellow-Wave\core\ui\widgets\menu\main_menu.py", line 190, in play_music
    self.slider.start_countdown()
  File "c:\Users\Yaroslav\Python\Yellow-Wave\core\ui\widgets\sliders\track_slider.py", line 103, in start_countdown
    self.update_time()
  File "c:\Users\Yaroslav\Python\Yellow-Wave\core\ui\widgets\sliders\track_slider.py", line 148, in update_time
    self.main.frontend.play_menu.sound.on_track_end()
  File "c:\Users\Yaroslav\Python\Yellow-Wave\core\ui\widgets\menu\main_menu.py", line 306, in on_track_end
    self.play_music(self.current)
  File "c:\Users\Yaroslav\Python\Yellow-Wave\core\ui\widgets\menu\main_menu.py", line 190, in play_music
    self.slider.start_countdown()
  File "c:\Users\Yaroslav\Python\Yellow-Wave\core\ui\widgets\sliders\track_slider.py", line 103, in start_countdown
    self.update_time()
  File "c:\Users\Yaroslav\Python\Yellow-Wave\core\ui\widgets\sliders\track_slider.py", line 148, in update_time
    self.main.frontend.play_menu.sound.on_track_end()
  File "c:\Users\Yaroslav\Python\Yellow-Wave\core\ui\widgets\menu\main_menu.py", line 306, in on_track_end
    self.play_music(self.current)
  File "c:\Users\Yaroslav\Python\Yellow-Wave\core\ui\widgets\menu\main_menu.py", line 190, in play_music
    self.slider.start_countdown()
  File "c:\Users\Yaroslav\Python\Yellow-Wave\core\ui\widgets\sliders\track_slider.py", line 103, in start_countdown
    self.update_time()
  File "c:\Users\Yaroslav\Python\Yellow-Wave\core\ui\widgets\sliders\track_slider.py", line 148, in update_time
    self.main.frontend.play_menu.sound.on_track_end()
  File "c:\Users\Yaroslav\Python\Yellow-Wave\core\ui\widgets\menu\main_menu.py", line 306, in on_track_end
    self.play_music(self.current)
  File "c:\Users\Yaroslav\Python\Yellow-Wave\core\ui\widgets\menu\main_menu.py", line 190, in play_music
    self.slider.start_countdown()
  File "c:\Users\Yaroslav\Python\Yellow-Wave\core\ui\widgets\sliders\track_slider.py", line 103, in start_countdown
    self.update_time()
  File "c:\Users\Yaroslav\Python\Yellow-Wave\core\ui\widgets\sliders\track_slider.py", line 148, in update_time
    self.main.frontend.play_menu.sound.on_track_end()
  File "c:\Users\Yaroslav\Python\Yellow-Wave\core\ui\widgets\menu\main_menu.py", line 306, in on_track_end
    self.play_music(self.current)
  File "c:\Users\Yaroslav\Python\Yellow-Wave\core\ui\widgets\menu\main_menu.py", line 190, in play_music
    self.slider.start_countdown()
  File "c:\Users\Yaroslav\Python\Yellow-Wave\core\ui\widgets\sliders\track_slider.py", line 103, in start_countdown
    self.update_time()
  File "c:\Users\Yaroslav\Python\Yellow-Wave\core\ui\widgets\sliders\track_slider.py", line 148, in update_time
    self.main.frontend.play_menu.sound.on_track_end()
  File "c:\Users\Yaroslav\Python\Yellow-Wave\core\ui\widgets\menu\main_menu.py", line 306, in on_track_end
    self.play_music(self.current)
  File "c:\Users\Yaroslav\Python\Yellow-Wave\core\ui\widgets\menu\main_menu.py", line 190, in play_music
    self.slider.start_countdown()
  File "c:\Users\Yaroslav\Python\Yellow-Wave\core\ui\widgets\sliders\track_slider.py", line 103, in start_countdown
    self.update_time()
  File "c:\Users\Yaroslav\Python\Yellow-Wave\core\ui\widgets\sliders\track_slider.py", line 148, in update_time
    self.main.frontend.play_menu.sound.on_track_end()
  File "c:\Users\Yaroslav\Python\Yellow-Wave\core\ui\widgets\menu\main_menu.py", line 306, in on_track_end
    self.play_music(self.current)
  File "c:\Users\Yaroslav\Python\Yellow-Wave\core\ui\widgets\menu\main_menu.py", line 190, in play_music
    self.slider.start_countdown()
  File "c:\Users\Yaroslav\Python\Yellow-Wave\core\ui\widgets\sliders\track_slider.py", line 103, in start_countdown
    self.update_time()
  File "c:\Users\Yaroslav\Python\Yellow-Wave\core\ui\widgets\sliders\track_slider.py", line 148, in update_time
    self.main.frontend.play_menu.sound.on_track_end()
  File "c:\Users\Yaroslav\Python\Yellow-Wave\core\ui\widgets\menu\main_menu.py", line 306, in on_track_end
    self.play_music(self.current)
  File "c:\Users\Yaroslav\Python\Yellow-Wave\core\ui\widgets\menu\main_menu.py", line 190, in play_music
    self.slider.start_countdown()
  File "c:\Users\Yaroslav\Python\Yellow-Wave\core\ui\widgets\sliders\track_slider.py", line 103, in start_countdown
    self.update_time()
  File "c:\Users\Yaroslav\Python\Yellow-Wave\core\ui\widgets\sliders\track_slider.py", line 148, in update_time
    self.main.frontend.play_menu.sound.on_track_end()
  File "c:\Users\Yaroslav\Python\Yellow-Wave\core\ui\widgets\menu\main_menu.py", line 306, in on_track_end
    self.play_music(self.current)
  File "c:\Users\Yaroslav\Python\Yellow-Wave\core\ui\widgets\menu\main_menu.py", line 190, in play_music
    self.slider.start_countdown()
  File "c:\Users\Yaroslav\Python\Yellow-Wave\core\ui\widgets\sliders\track_slider.py", line 103, in start_countdown
    self.update_time()
  File "c:\Users\Yaroslav\Python\Yellow-Wave\core\ui\widgets\sliders\track_slider.py", line 148, in update_time
    self.main.frontend.play_menu.sound.on_track_end()
  File "c:\Users\Yaroslav\Python\Yellow-Wave\core\ui\widgets\menu\main_menu.py", line 306, in on_track_end
    self.play_music(self.current)
  File "c:\Users\Yaroslav\Python\Yellow-Wave\core\ui\widgets\menu\main_menu.py", line 190, in play_music
    self.slider.start_countdown()
  File "c:\Users\Yaroslav\Python\Yellow-Wave\core\ui\widgets\sliders\track_slider.py", line 103, in start_countdown
    self.update_time()
  File "c:\Users\Yaroslav\Python\Yellow-Wave\core\ui\widgets\sliders\track_slider.py", line 148, in update_time
    self.main.frontend.play_menu.sound.on_track_end()
  File "c:\Users\Yaroslav\Python\Yellow-Wave\core\ui\widgets\menu\main_menu.py", line 306, in on_track_end
    self.play_music(self.current)
  File "c:\Users\Yaroslav\Python\Yellow-Wave\core\ui\widgets\menu\main_menu.py", line 190, in play_music
    self.slider.start_countdown()
  File "c:\Users\Yaroslav\Python\Yellow-Wave\core\ui\widgets\sliders\track_slider.py", line 103, in start_countdown
    self.update_time()
  File "c:\Users\Yaroslav\Python\Yellow-Wave\core\ui\widgets\sliders\track_slider.py", line 148, in update_time
    self.main.frontend.play_menu.sound.on_track_end()
  File "c:\Users\Yaroslav\Python\Yellow-Wave\core\ui\widgets\menu\main_menu.py", line 306, in on_track_end
    self.play_music(self.current)
  File "c:\Users\Yaroslav\Python\Yellow-Wave\core\ui\widgets\menu\main_menu.py", line 190, in play_music
    self.slider.start_countdown()
  File "c:\Users\Yaroslav\Python\Yellow-Wave\core\ui\widgets\sliders\track_slider.py", line 103, in start_countdown
    self.update_time()
  File "c:\Users\Yaroslav\Python\Yellow-Wave\core\ui\widgets\sliders\track_slider.py", line 148, in update_time
    self.main.frontend.play_menu.sound.on_track_end()
  File "c:\Users\Yaroslav\Python\Yellow-Wave\core\ui\widgets\menu\main_menu.py", line 306, in on_track_end
    self.play_music(self.current)
  File "c:\Users\Yaroslav\Python\Yellow-Wave\core\ui\widgets\menu\main_menu.py", line 190, in play_music
    self.slider.start_countdown()
  File "c:\Users\Yaroslav\Python\Yellow-Wave\core\ui\widgets\sliders\track_slider.py", line 103, in start_countdown
    self.update_time()
  File "c:\Users\Yaroslav\Python\Yellow-Wave\core\ui\widgets\sliders\track_slider.py", line 148, in update_time
    self.main.frontend.play_menu.sound.on_track_end()
  File "c:\Users\Yaroslav\Python\Yellow-Wave\core\ui\widgets\menu\main_menu.py", line 306, in on_track_end
    self.play_music(self.current)
  File "c:\Users\Yaroslav\Python\Yellow-Wave\core\ui\widgets\menu\main_menu.py", line 190, in play_music
    self.slider.start_countdown()
  File "c:\Users\Yaroslav\Python\Yellow-Wave\core\ui\widgets\sliders\track_slider.py", line 103, in start_countdown
    self.update_time()
  File "c:\Users\Yaroslav\Python\Yellow-Wave\core\ui\widgets\sliders\track_slider.py", line 148, in update_time
    self.main.frontend.play_menu.sound.on_track_end()
  File "c:\Users\Yaroslav\Python\Yellow-Wave\core\ui\widgets\menu\main_menu.py", line 306, in on_track_end
    self.play_music(self.current)
  File "c:\Users\Yaroslav\Python\Yellow-Wave\core\ui\widgets\menu\main_menu.py", line 190, in play_music
    self.slider.start_countdown()
  File "c:\Users\Yaroslav\Python\Yellow-Wave\core\ui\widgets\sliders\track_slider.py", line 103, in start_countdown
    self.update_time()
  File "c:\Users\Yaroslav\Python\Yellow-Wave\core\ui\widgets\sliders\track_slider.py", line 148, in update_time
    self.main.frontend.play_menu.sound.on_track_end()
  File "c:\Users\Yaroslav\Python\Yellow-Wave\core\ui\widgets\menu\main_menu.py", line 306, in on_track_end
    self.play_music(self.current)
  File "c:\Users\Yaroslav\Python\Yellow-Wave\core\ui\widgets\menu\main_menu.py", line 190, in play_music
    self.slider.start_countdown()
  File "c:\Users\Yaroslav\Python\Yellow-Wave\core\ui\widgets\sliders\track_slider.py", line 103, in start_countdown
    self.update_time()
  File "c:\Users\Yaroslav\Python\Yellow-Wave\core\ui\widgets\sliders\track_slider.py", line 148, in update_time
    self.main.frontend.play_menu.sound.on_track_end()
  File "c:\Users\Yaroslav\Python\Yellow-Wave\core\ui\widgets\menu\main_menu.py", line 306, in on_track_end
    self.play_music(self.current)
  File "c:\Users\Yaroslav\Python\Yellow-Wave\core\ui\widgets\menu\main_menu.py", line 190, in play_music
    self.slider.start_countdown()
  File "c:\Users\Yaroslav\Python\Yellow-Wave\core\ui\widgets\sliders\track_slider.py", line 103, in start_countdown
    self.update_time()
  File "c:\Users\Yaroslav\Python\Yellow-Wave\core\ui\widgets\sliders\track_slider.py", line 148, in update_time
    self.main.frontend.play_menu.sound.on_track_end()
  File "c:\Users\Yaroslav\Python\Yellow-Wave\core\ui\widgets\menu\main_menu.py", line 306, in on_track_end
    self.play_music(self.current)
  File "c:\Users\Yaroslav\Python\Yellow-Wave\core\ui\widgets\menu\main_menu.py", line 190, in play_music
    self.slider.start_countdown()
  File "c:\Users\Yaroslav\Python\Yellow-Wave\core\ui\widgets\sliders\track_slider.py", line 103, in start_countdown
    self.update_time()
  File "c:\Users\Yaroslav\Python\Yellow-Wave\core\ui\widgets\sliders\track_slider.py", line 148, in update_time
    self.main.frontend.play_menu.sound.on_track_end()
  File "c:\Users\Yaroslav\Python\Yellow-Wave\core\ui\widgets\menu\main_menu.py", line 306, in on_track_end
    self.play_music(self.current)
  File "c:\Users\Yaroslav\Python\Yellow-Wave\core\ui\widgets\menu\main_menu.py", line 190, in play_music
    self.slider.start_countdown()
  File "c:\Users\Yaroslav\Python\Yellow-Wave\core\ui\widgets\sliders\track_slider.py", line 103, in start_countdown
    self.update_time()
  File "c:\Users\Yaroslav\Python\Yellow-Wave\core\ui\widgets\sliders\track_slider.py", line 148, in update_time
    self.main.frontend.play_menu.sound.on_track_end()
  File "c:\Users\Yaroslav\Python\Yellow-Wave\core\ui\widgets\menu\main_menu.py", line 306, in on_track_end
    self.play_music(self.current)
  File "c:\Users\Yaroslav\Python\Yellow-Wave\core\ui\widgets\menu\main_menu.py", line 190, in play_music
    self.slider.start_countdown()
  File "c:\Users\Yaroslav\Python\Yellow-Wave\core\ui\widgets\sliders\track_slider.py", line 103, in start_countdown
    self.update_time()
  File "c:\Users\Yaroslav\Python\Yellow-Wave\core\ui\widgets\sliders\track_slider.py", line 148, in update_time
    self.main.frontend.play_menu.sound.on_track_end()
  File "c:\Users\Yaroslav\Python\Yellow-Wave\core\ui\widgets\menu\main_menu.py", line 306, in on_track_end
    self.play_music(self.current)
  File "c:\Users\Yaroslav\Python\Yellow-Wave\core\ui\widgets\menu\main_menu.py", line 190, in play_music
    self.slider.start_countdown()
  File "c:\Users\Yaroslav\Python\Yellow-Wave\core\ui\widgets\sliders\track_slider.py", line 103, in start_countdown
    self.update_time()
  File "c:\Users\Yaroslav\Python\Yellow-Wave\core\ui\widgets\sliders\track_slider.py", line 148, in update_time
    self.main.frontend.play_menu.sound.on_track_end()
  File "c:\Users\Yaroslav\Python\Yellow-Wave\core\ui\widgets\menu\main_menu.py", line 306, in on_track_end
    self.play_music(self.current)
  File "c:\Users\Yaroslav\Python\Yellow-Wave\core\ui\widgets\menu\main_menu.py", line 190, in play_music
    self.slider.start_countdown()
  File "c:\Users\Yaroslav\Python\Yellow-Wave\core\ui\widgets\sliders\track_slider.py", line 103, in start_countdown
    self.update_time()
  File "c:\Users\Yaroslav\Python\Yellow-Wave\core\ui\widgets\sliders\track_slider.py", line 148, in update_time
    self.main.frontend.play_menu.sound.on_track_end()
  File "c:\Users\Yaroslav\Python\Yellow-Wave\core\ui\widgets\menu\main_menu.py", line 306, in on_track_end
    self.play_music(self.current)
  File "c:\Users\Yaroslav\Python\Yellow-Wave\core\ui\widgets\menu\main_menu.py", line 190, in play_music
    self.slider.start_countdown()
  File "c:\Users\Yaroslav\Python\Yellow-Wave\core\ui\widgets\sliders\track_slider.py", line 103, in start_countdown
    self.update_time()
  File "c:\Users\Yaroslav\Python\Yellow-Wave\core\ui\widgets\sliders\track_slider.py", line 148, in update_time
    self.main.frontend.play_menu.sound.on_track_end()
  File "c:\Users\Yaroslav\Python\Yellow-Wave\core\ui\widgets\menu\main_menu.py", line 306, in on_track_end
    self.play_music(self.current)
  File "c:\Users\Yaroslav\Python\Yellow-Wave\core\ui\widgets\menu\main_menu.py", line 190, in play_music
    self.slider.start_countdown()
  File "c:\Users\Yaroslav\Python\Yellow-Wave\core\ui\widgets\sliders\track_slider.py", line 103, in start_countdown
    self.update_time()
  File "c:\Users\Yaroslav\Python\Yellow-Wave\core\ui\widgets\sliders\track_slider.py", line 148, in update_time
    self.main.frontend.play_menu.sound.on_track_end()
  File "c:\Users\Yaroslav\Python\Yellow-Wave\core\ui\widgets\menu\main_menu.py", line 306, in on_track_end
    self.play_music(self.current)
  File "c:\Users\Yaroslav\Python\Yellow-Wave\core\ui\widgets\menu\main_menu.py", line 190, in play_music
    self.slider.start_countdown()
  File "c:\Users\Yaroslav\Python\Yellow-Wave\core\ui\widgets\sliders\track_slider.py", line 103, in start_countdown
    self.update_time()
  File "c:\Users\Yaroslav\Python\Yellow-Wave\core\ui\widgets\sliders\track_slider.py", line 148, in update_time
    self.main.frontend.play_menu.sound.on_track_end()
  File "c:\Users\Yaroslav\Python\Yellow-Wave\core\ui\widgets\menu\main_menu.py", line 306, in on_track_end
    self.play_music(self.current)
  File "c:\Users\Yaroslav\Python\Yellow-Wave\core\ui\widgets\menu\main_menu.py", line 190, in play_music
    self.slider.start_countdown()
  File "c:\Users\Yaroslav\Python\Yellow-Wave\core\ui\widgets\sliders\track_slider.py", line 103, in start_countdown
    self.update_time()
  File "c:\Users\Yaroslav\Python\Yellow-Wave\core\ui\widgets\sliders\track_slider.py", line 148, in update_time
    self.main.frontend.play_menu.sound.on_track_end()
  File "c:\Users\Yaroslav\Python\Yellow-Wave\core\ui\widgets\menu\main_menu.py", line 306, in on_track_end
    self.play_music(self.current)
  File "c:\Users\Yaroslav\Python\Yellow-Wave\core\ui\widgets\menu\main_menu.py", line 190, in play_music
    self.slider.start_countdown()
  File "c:\Users\Yaroslav\Python\Yellow-Wave\core\ui\widgets\sliders\track_slider.py", line 103, in start_countdown
    self.update_time()
  File "c:\Users\Yaroslav\Python\Yellow-Wave\core\ui\widgets\sliders\track_slider.py", line 148, in update_time
    self.main.frontend.play_menu.sound.on_track_end()
  File "c:\Users\Yaroslav\Python\Yellow-Wave\core\ui\widgets\menu\main_menu.py", line 306, in on_track_end
    self.play_music(self.current)
  File "c:\Users\Yaroslav\Python\Yellow-Wave\core\ui\widgets\menu\main_menu.py", line 190, in play_music
    self.slider.start_countdown()
  File "c:\Users\Yaroslav\Python\Yellow-Wave\core\ui\widgets\sliders\track_slider.py", line 103, in start_countdown
    self.update_time()
  File "c:\Users\Yaroslav\Python\Yellow-Wave\core\ui\widgets\sliders\track_slider.py", line 148, in update_time
    self.main.frontend.play_menu.sound.on_track_end()
  File "c:\Users\Yaroslav\Python\Yellow-Wave\core\ui\widgets\menu\main_menu.py", line 306, in on_track_end
    self.play_music(self.current)
  File "c:\Users\Yaroslav\Python\Yellow-Wave\core\ui\widgets\menu\main_menu.py", line 190, in play_music
    self.slider.start_countdown()
  File "c:\Users\Yaroslav\Python\Yellow-Wave\core\ui\widgets\sliders\track_slider.py", line 103, in start_countdown
    self.update_time()
  File "c:\Users\Yaroslav\Python\Yellow-Wave\core\ui\widgets\sliders\track_slider.py", line 148, in update_time
    self.main.frontend.play_menu.sound.on_track_end()
  File "c:\Users\Yaroslav\Python\Yellow-Wave\core\ui\widgets\menu\main_menu.py", line 306, in on_track_end
    self.play_music(self.current)
  File "c:\Users\Yaroslav\Python\Yellow-Wave\core\ui\widgets\menu\main_menu.py", line 190, in play_music
    self.slider.start_countdown()
  File "c:\Users\Yaroslav\Python\Yellow-Wave\core\ui\widgets\sliders\track_slider.py", line 103, in start_countdown
    self.update_time()
  File "c:\Users\Yaroslav\Python\Yellow-Wave\core\ui\widgets\sliders\track_slider.py", line 148, in update_time
    self.main.frontend.play_menu.sound.on_track_end()
  File "c:\Users\Yaroslav\Python\Yellow-Wave\core\ui\widgets\menu\main_menu.py", line 306, in on_track_end
    self.play_music(self.current)
  File "c:\Users\Yaroslav\Python\Yellow-Wave\core\ui\widgets\menu\main_menu.py", line 190, in play_music
    self.slider.start_countdown()
  File "c:\Users\Yaroslav\Python\Yellow-Wave\core\ui\widgets\sliders\track_slider.py", line 103, in start_countdown
    self.update_time()
  File "c:\Users\Yaroslav\Python\Yellow-Wave\core\ui\widgets\sliders\track_slider.py", line 148, in update_time
    self.main.frontend.play_menu.sound.on_track_end()
  File "c:\Users\Yaroslav\Python\Yellow-Wave\core\ui\widgets\menu\main_menu.py", line 306, in on_track_end
    self.play_music(self.current)
  File "c:\Users\Yaroslav\Python\Yellow-Wave\core\ui\widgets\menu\main_menu.py", line 190, in play_music
    self.slider.start_countdown()
  File "c:\Users\Yaroslav\Python\Yellow-Wave\core\ui\widgets\sliders\track_slider.py", line 103, in start_countdown
    self.update_time()
  File "c:\Users\Yaroslav\Python\Yellow-Wave\core\ui\widgets\sliders\track_slider.py", line 148, in update_time
    self.main.frontend.play_menu.sound.on_track_end()
  File "c:\Users\Yaroslav\Python\Yellow-Wave\core\ui\widgets\menu\main_menu.py", line 306, in on_track_end
    self.play_music(self.current)
  File "c:\Users\Yaroslav\Python\Yellow-Wave\core\ui\widgets\menu\main_menu.py", line 190, in play_music
    self.slider.start_countdown()
  File "c:\Users\Yaroslav\Python\Yellow-Wave\core\ui\widgets\sliders\track_slider.py", line 103, in start_countdown
    self.update_time()
  File "c:\Users\Yaroslav\Python\Yellow-Wave\core\ui\widgets\sliders\track_slider.py", line 148, in update_time
    self.main.frontend.play_menu.sound.on_track_end()
  File "c:\Users\Yaroslav\Python\Yellow-Wave\core\ui\widgets\menu\main_menu.py", line 306, in on_track_end
    self.play_music(self.current)
  File "c:\Users\Yaroslav\Python\Yellow-Wave\core\ui\widgets\menu\main_menu.py", line 190, in play_music
    self.slider.start_countdown()
  File "c:\Users\Yaroslav\Python\Yellow-Wave\core\ui\widgets\sliders\track_slider.py", line 103, in start_countdown
    self.update_time()
  File "c:\Users\Yaroslav\Python\Yellow-Wave\core\ui\widgets\sliders\track_slider.py", line 148, in update_time
    self.main.frontend.play_menu.sound.on_track_end()
  File "c:\Users\Yaroslav\Python\Yellow-Wave\core\ui\widgets\menu\main_menu.py", line 306, in on_track_end
    self.play_music(self.current)
  File "c:\Users\Yaroslav\Python\Yellow-Wave\core\ui\widgets\menu\main_menu.py", line 190, in play_music
    self.slider.start_countdown()
  File "c:\Users\Yaroslav\Python\Yellow-Wave\core\ui\widgets\sliders\track_slider.py", line 103, in start_countdown
    self.update_time()
  File "c:\Users\Yaroslav\Python\Yellow-Wave\core\ui\widgets\sliders\track_slider.py", line 148, in update_time
    self.main.frontend.play_menu.sound.on_track_end()
  File "c:\Users\Yaroslav\Python\Yellow-Wave\core\ui\widgets\menu\main_menu.py", line 306, in on_track_end
    self.play_music(self.current)
  File "c:\Users\Yaroslav\Python\Yellow-Wave\core\ui\widgets\menu\main_menu.py", line 190, in play_music
    self.slider.start_countdown()
  File "c:\Users\Yaroslav\Python\Yellow-Wave\core\ui\widgets\sliders\track_slider.py", line 103, in start_countdown
    self.update_time()
  File "c:\Users\Yaroslav\Python\Yellow-Wave\core\ui\widgets\sliders\track_slider.py", line 148, in update_time
    self.main.frontend.play_menu.sound.on_track_end()
  File "c:\Users\Yaroslav\Python\Yellow-Wave\core\ui\widgets\menu\main_menu.py", line 306, in on_track_end
    self.play_music(self.current)
  File "c:\Users\Yaroslav\Python\Yellow-Wave\core\ui\widgets\menu\main_menu.py", line 190, in play_music
    self.slider.start_countdown()
  File "c:\Users\Yaroslav\Python\Yellow-Wave\core\ui\widgets\sliders\track_slider.py", line 103, in start_countdown
    self.update_time()
  File "c:\Users\Yaroslav\Python\Yellow-Wave\core\ui\widgets\sliders\track_slider.py", line 148, in update_time
    self.main.frontend.play_menu.sound.on_track_end()
  File "c:\Users\Yaroslav\Python\Yellow-Wave\core\ui\widgets\menu\main_menu.py", line 306, in on_track_end
    self.play_music(self.current)
  File "c:\Users\Yaroslav\Python\Yellow-Wave\core\ui\widgets\menu\main_menu.py", line 190, in play_music
    self.slider.start_countdown()
  File "c:\Users\Yaroslav\Python\Yellow-Wave\core\ui\widgets\sliders\track_slider.py", line 103, in start_countdown
    self.update_time()
  File "c:\Users\Yaroslav\Python\Yellow-Wave\core\ui\widgets\sliders\track_slider.py", line 148, in update_time
    self.main.frontend.play_menu.sound.on_track_end()
  File "c:\Users\Yaroslav\Python\Yellow-Wave\core\ui\widgets\menu\main_menu.py", line 306, in on_track_end
    self.play_music(self.current)
  File "c:\Users\Yaroslav\Python\Yellow-Wave\core\ui\widgets\menu\main_menu.py", line 190, in play_music
    self.slider.start_countdown()
  File "c:\Users\Yaroslav\Python\Yellow-Wave\core\ui\widgets\sliders\track_slider.py", line 103, in start_countdown
    self.update_time()
  File "c:\Users\Yaroslav\Python\Yellow-Wave\core\ui\widgets\sliders\track_slider.py", line 148, in update_time
    self.main.frontend.play_menu.sound.on_track_end()
  File "c:\Users\Yaroslav\Python\Yellow-Wave\core\ui\widgets\menu\main_menu.py", line 306, in on_track_end
    self.play_music(self.current)
  File "c:\Users\Yaroslav\Python\Yellow-Wave\core\ui\widgets\menu\main_menu.py", line 190, in play_music
    self.slider.start_countdown()
  File "c:\Users\Yaroslav\Python\Yellow-Wave\core\ui\widgets\sliders\track_slider.py", line 103, in start_countdown
    self.update_time()
  File "c:\Users\Yaroslav\Python\Yellow-Wave\core\ui\widgets\sliders\track_slider.py", line 148, in update_time
    self.main.frontend.play_menu.sound.on_track_end()
  File "c:\Users\Yaroslav\Python\Yellow-Wave\core\ui\widgets\menu\main_menu.py", line 306, in on_track_end
    self.play_music(self.current)
  File "c:\Users\Yaroslav\Python\Yellow-Wave\core\ui\widgets\menu\main_menu.py", line 190, in play_music
    self.slider.start_countdown()
  File "c:\Users\Yaroslav\Python\Yellow-Wave\core\ui\widgets\sliders\track_slider.py", line 103, in start_countdown
    self.update_time()
  File "c:\Users\Yaroslav\Python\Yellow-Wave\core\ui\widgets\sliders\track_slider.py", line 148, in update_time
    self.main.frontend.play_menu.sound.on_track_end()
  File "c:\Users\Yaroslav\Python\Yellow-Wave\core\ui\widgets\menu\main_menu.py", line 306, in on_track_end
    self.play_music(self.current)
  File "c:\Users\Yaroslav\Python\Yellow-Wave\core\ui\widgets\menu\main_menu.py", line 190, in play_music
    self.slider.start_countdown()
  File "c:\Users\Yaroslav\Python\Yellow-Wave\core\ui\widgets\sliders\track_slider.py", line 103, in start_countdown
    self.update_time()
  File "c:\Users\Yaroslav\Python\Yellow-Wave\core\ui\widgets\sliders\track_slider.py", line 148, in update_time
    self.main.frontend.play_menu.sound.on_track_end()
  File "c:\Users\Yaroslav\Python\Yellow-Wave\core\ui\widgets\menu\main_menu.py", line 306, in on_track_end
    self.play_music(self.current)
  File "c:\Users\Yaroslav\Python\Yellow-Wave\core\ui\widgets\menu\main_menu.py", line 190, in play_music
    self.slider.start_countdown()
  File "c:\Users\Yaroslav\Python\Yellow-Wave\core\ui\widgets\sliders\track_slider.py", line 103, in start_countdown
    self.update_time()
  File "c:\Users\Yaroslav\Python\Yellow-Wave\core\ui\widgets\sliders\track_slider.py", line 148, in update_time
    self.main.frontend.play_menu.sound.on_track_end()
  File "c:\Users\Yaroslav\Python\Yellow-Wave\core\ui\widgets\menu\main_menu.py", line 306, in on_track_end
    self.play_music(self.current)
  File "c:\Users\Yaroslav\Python\Yellow-Wave\core\ui\widgets\menu\main_menu.py", line 190, in play_music
    self.slider.start_countdown()
  File "c:\Users\Yaroslav\Python\Yellow-Wave\core\ui\widgets\sliders\track_slider.py", line 103, in start_countdown
    self.update_time()
  File "c:\Users\Yaroslav\Python\Yellow-Wave\core\ui\widgets\sliders\track_slider.py", line 148, in update_time
    self.main.frontend.play_menu.sound.on_track_end()
  File "c:\Users\Yaroslav\Python\Yellow-Wave\core\ui\widgets\menu\main_menu.py", line 306, in on_track_end
    self.play_music(self.current)
  File "c:\Users\Yaroslav\Python\Yellow-Wave\core\ui\widgets\menu\main_menu.py", line 190, in play_music
    self.slider.start_countdown()
  File "c:\Users\Yaroslav\Python\Yellow-Wave\core\ui\widgets\sliders\track_slider.py", line 103, in start_countdown
    self.update_time()
  File "c:\Users\Yaroslav\Python\Yellow-Wave\core\ui\widgets\sliders\track_slider.py", line 148, in update_time
    self.main.frontend.play_menu.sound.on_track_end()
  File "c:\Users\Yaroslav\Python\Yellow-Wave\core\ui\widgets\menu\main_menu.py", line 306, in on_track_end
    self.play_music(self.current)
  File "c:\Users\Yaroslav\Python\Yellow-Wave\core\ui\widgets\menu\main_menu.py", line 190, in play_music
    self.slider.start_countdown()
  File "c:\Users\Yaroslav\Python\Yellow-Wave\core\ui\widgets\sliders\track_slider.py", line 103, in start_countdown
    self.update_time()
  File "c:\Users\Yaroslav\Python\Yellow-Wave\core\ui\widgets\sliders\track_slider.py", line 148, in update_time
    self.main.frontend.play_menu.sound.on_track_end()
  File "c:\Users\Yaroslav\Python\Yellow-Wave\core\ui\widgets\menu\main_menu.py", line 306, in on_track_end
    self.play_music(self.current)
  File "c:\Users\Yaroslav\Python\Yellow-Wave\core\ui\widgets\menu\main_menu.py", line 190, in play_music
    self.slider.start_countdown()
  File "c:\Users\Yaroslav\Python\Yellow-Wave\core\ui\widgets\sliders\track_slider.py", line 103, in start_countdown
    self.update_time()
  File "c:\Users\Yaroslav\Python\Yellow-Wave\core\ui\widgets\sliders\track_slider.py", line 148, in update_time
    self.main.frontend.play_menu.sound.on_track_end()
  File "c:\Users\Yaroslav\Python\Yellow-Wave\core\ui\widgets\menu\main_menu.py", line 306, in on_track_end
    self.play_music(self.current)
  File "c:\Users\Yaroslav\Python\Yellow-Wave\core\ui\widgets\menu\main_menu.py", line 190, in play_music
    self.slider.start_countdown()
  File "c:\Users\Yaroslav\Python\Yellow-Wave\core\ui\widgets\sliders\track_slider.py", line 103, in start_countdown
    self.update_time()
  File "c:\Users\Yaroslav\Python\Yellow-Wave\core\ui\widgets\sliders\track_slider.py", line 148, in update_time
    self.main.frontend.play_menu.sound.on_track_end()
  File "c:\Users\Yaroslav\Python\Yellow-Wave\core\ui\widgets\menu\main_menu.py", line 306, in on_track_end
    self.play_music(self.current)
  File "c:\Users\Yaroslav\Python\Yellow-Wave\core\ui\widgets\menu\main_menu.py", line 190, in play_music
    self.slider.start_countdown()
  File "c:\Users\Yaroslav\Python\Yellow-Wave\core\ui\widgets\sliders\track_slider.py", line 103, in start_countdown
    self.update_time()
  File "c:\Users\Yaroslav\Python\Yellow-Wave\core\ui\widgets\sliders\track_slider.py", line 148, in update_time
    self.main.frontend.play_menu.sound.on_track_end()
  File "c:\Users\Yaroslav\Python\Yellow-Wave\core\ui\widgets\menu\main_menu.py", line 306, in on_track_end
    self.play_music(self.current)
  File "c:\Users\Yaroslav\Python\Yellow-Wave\core\ui\widgets\menu\main_menu.py", line 190, in play_music
    self.slider.start_countdown()
  File "c:\Users\Yaroslav\Python\Yellow-Wave\core\ui\widgets\sliders\track_slider.py", line 103, in start_countdown
    self.update_time()
  File "c:\Users\Yaroslav\Python\Yellow-Wave\core\ui\widgets\sliders\track_slider.py", line 148, in update_time
    self.main.frontend.play_menu.sound.on_track_end()
  File "c:\Users\Yaroslav\Python\Yellow-Wave\core\ui\widgets\menu\main_menu.py", line 306, in on_track_end
    self.play_music(self.current)
  File "c:\Users\Yaroslav\Python\Yellow-Wave\core\ui\widgets\menu\main_menu.py", line 190, in play_music
    self.slider.start_countdown()
  File "c:\Users\Yaroslav\Python\Yellow-Wave\core\ui\widgets\sliders\track_slider.py", line 103, in start_countdown
    self.update_time()
  File "c:\Users\Yaroslav\Python\Yellow-Wave\core\ui\widgets\sliders\track_slider.py", line 148, in update_time
    self.main.frontend.play_menu.sound.on_track_end()
  File "c:\Users\Yaroslav\Python\Yellow-Wave\core\ui\widgets\menu\main_menu.py", line 306, in on_track_end
    self.play_music(self.current)
  File "c:\Users\Yaroslav\Python\Yellow-Wave\core\ui\widgets\menu\main_menu.py", line 190, in play_music
    self.slider.start_countdown()
  File "c:\Users\Yaroslav\Python\Yellow-Wave\core\ui\widgets\sliders\track_slider.py", line 103, in start_countdown
    self.update_time()
  File "c:\Users\Yaroslav\Python\Yellow-Wave\core\ui\widgets\sliders\track_slider.py", line 148, in update_time
    self.main.frontend.play_menu.sound.on_track_end()
  File "c:\Users\Yaroslav\Python\Yellow-Wave\core\ui\widgets\menu\main_menu.py", line 306, in on_track_end
    self.play_music(self.current)
  File "c:\Users\Yaroslav\Python\Yellow-Wave\core\ui\widgets\menu\main_menu.py", line 190, in play_music
    self.slider.start_countdown()
  File "c:\Users\Yaroslav\Python\Yellow-Wave\core\ui\widgets\sliders\track_slider.py", line 103, in start_countdown
    self.update_time()
  File "c:\Users\Yaroslav\Python\Yellow-Wave\core\ui\widgets\sliders\track_slider.py", line 148, in update_time
    self.main.frontend.play_menu.sound.on_track_end()
  File "c:\Users\Yaroslav\Python\Yellow-Wave\core\ui\widgets\menu\main_menu.py", line 306, in on_track_end
    self.play_music(self.current)
  File "c:\Users\Yaroslav\Python\Yellow-Wave\core\ui\widgets\menu\main_menu.py", line 190, in play_music
    self.slider.start_countdown()
  File "c:\Users\Yaroslav\Python\Yellow-Wave\core\ui\widgets\sliders\track_slider.py", line 103, in start_countdown
    self.update_time()
  File "c:\Users\Yaroslav\Python\Yellow-Wave\core\ui\widgets\sliders\track_slider.py", line 148, in update_time
    self.main.frontend.play_menu.sound.on_track_end()
  File "c:\Users\Yaroslav\Python\Yellow-Wave\core\ui\widgets\menu\main_menu.py", line 306, in on_track_end
    self.play_music(self.current)
  File "c:\Users\Yaroslav\Python\Yellow-Wave\core\ui\widgets\menu\main_menu.py", line 190, in play_music
    self.slider.start_countdown()
  File "c:\Users\Yaroslav\Python\Yellow-Wave\core\ui\widgets\sliders\track_slider.py", line 103, in start_countdown
    self.update_time()
  File "c:\Users\Yaroslav\Python\Yellow-Wave\core\ui\widgets\sliders\track_slider.py", line 148, in update_time
    self.main.frontend.play_menu.sound.on_track_end()
  File "c:\Users\Yaroslav\Python\Yellow-Wave\core\ui\widgets\menu\main_menu.py", line 306, in on_track_end
    self.play_music(self.current)
  File "c:\Users\Yaroslav\Python\Yellow-Wave\core\ui\widgets\menu\main_menu.py", line 190, in play_music
    self.slider.start_countdown()
  File "c:\Users\Yaroslav\Python\Yellow-Wave\core\ui\widgets\sliders\track_slider.py", line 103, in start_countdown
    self.update_time()
  File "c:\Users\Yaroslav\Python\Yellow-Wave\core\ui\widgets\sliders\track_slider.py", line 148, in update_time
    self.main.frontend.play_menu.sound.on_track_end()
  File "c:\Users\Yaroslav\Python\Yellow-Wave\core\ui\widgets\menu\main_menu.py", line 306, in on_track_end
    self.play_music(self.current)
  File "c:\Users\Yaroslav\Python\Yellow-Wave\core\ui\widgets\menu\main_menu.py", line 190, in play_music
    self.slider.start_countdown()
  File "c:\Users\Yaroslav\Python\Yellow-Wave\core\ui\widgets\sliders\track_slider.py", line 103, in start_countdown
    self.update_time()
  File "c:\Users\Yaroslav\Python\Yellow-Wave\core\ui\widgets\sliders\track_slider.py", line 148, in update_time
    self.main.frontend.play_menu.sound.on_track_end()
  File "c:\Users\Yaroslav\Python\Yellow-Wave\core\ui\widgets\menu\main_menu.py", line 306, in on_track_end
    self.play_music(self.current)
  File "c:\Users\Yaroslav\Python\Yellow-Wave\core\ui\widgets\menu\main_menu.py", line 190, in play_music
    self.slider.start_countdown()
  File "c:\Users\Yaroslav\Python\Yellow-Wave\core\ui\widgets\sliders\track_slider.py", line 103, in start_countdown
    self.update_time()
  File "c:\Users\Yaroslav\Python\Yellow-Wave\core\ui\widgets\sliders\track_slider.py", line 148, in update_time
    self.main.frontend.play_menu.sound.on_track_end()
  File "c:\Users\Yaroslav\Python\Yellow-Wave\core\ui\widgets\menu\main_menu.py", line 306, in on_track_end
    self.play_music(self.current)
  File "c:\Users\Yaroslav\Python\Yellow-Wave\core\ui\widgets\menu\main_menu.py", line 190, in play_music
    self.slider.start_countdown()
  File "c:\Users\Yaroslav\Python\Yellow-Wave\core\ui\widgets\sliders\track_slider.py", line 103, in start_countdown
    self.update_time()
  File "c:\Users\Yaroslav\Python\Yellow-Wave\core\ui\widgets\sliders\track_slider.py", line 148, in update_time
    self.main.frontend.play_menu.sound.on_track_end()
  File "c:\Users\Yaroslav\Python\Yellow-Wave\core\ui\widgets\menu\main_menu.py", line 306, in on_track_end
    self.play_music(self.current)
  File "c:\Users\Yaroslav\Python\Yellow-Wave\core\ui\widgets\menu\main_menu.py", line 190, in play_music
    self.slider.start_countdown()
  File "c:\Users\Yaroslav\Python\Yellow-Wave\core\ui\widgets\sliders\track_slider.py", line 103, in start_countdown
    self.update_time()
  File "c:\Users\Yaroslav\Python\Yellow-Wave\core\ui\widgets\sliders\track_slider.py", line 148, in update_time
    self.main.frontend.play_menu.sound.on_track_end()
  File "c:\Users\Yaroslav\Python\Yellow-Wave\core\ui\widgets\menu\main_menu.py", line 306, in on_track_end
    self.play_music(self.current)
  File "c:\Users\Yaroslav\Python\Yellow-Wave\core\ui\widgets\menu\main_menu.py", line 190, in play_music
    self.slider.start_countdown()
  File "c:\Users\Yaroslav\Python\Yellow-Wave\core\ui\widgets\sliders\track_slider.py", line 103, in start_countdown
    self.update_time()
  File "c:\Users\Yaroslav\Python\Yellow-Wave\core\ui\widgets\sliders\track_slider.py", line 148, in update_time
    self.main.frontend.play_menu.sound.on_track_end()
  File "c:\Users\Yaroslav\Python\Yellow-Wave\core\ui\widgets\menu\main_menu.py", line 306, in on_track_end
    self.play_music(self.current)
  File "c:\Users\Yaroslav\Python\Yellow-Wave\core\ui\widgets\menu\main_menu.py", line 190, in play_music
    self.slider.start_countdown()
  File "c:\Users\Yaroslav\Python\Yellow-Wave\core\ui\widgets\sliders\track_slider.py", line 103, in start_countdown
    self.update_time()
  File "c:\Users\Yaroslav\Python\Yellow-Wave\core\ui\widgets\sliders\track_slider.py", line 148, in update_time
    self.main.frontend.play_menu.sound.on_track_end()
  File "c:\Users\Yaroslav\Python\Yellow-Wave\core\ui\widgets\menu\main_menu.py", line 306, in on_track_end
    self.play_music(self.current)
  File "c:\Users\Yaroslav\Python\Yellow-Wave\core\ui\widgets\menu\main_menu.py", line 190, in play_music
    self.slider.start_countdown()
  File "c:\Users\Yaroslav\Python\Yellow-Wave\core\ui\widgets\sliders\track_slider.py", line 103, in start_countdown
    self.update_time()
  File "c:\Users\Yaroslav\Python\Yellow-Wave\core\ui\widgets\sliders\track_slider.py", line 148, in update_time
    self.main.frontend.play_menu.sound.on_track_end()
  File "c:\Users\Yaroslav\Python\Yellow-Wave\core\ui\widgets\menu\main_menu.py", line 306, in on_track_end
    self.play_music(self.current)
  File "c:\Users\Yaroslav\Python\Yellow-Wave\core\ui\widgets\menu\main_menu.py", line 190, in play_music
    self.slider.start_countdown()
  File "c:\Users\Yaroslav\Python\Yellow-Wave\core\ui\widgets\sliders\track_slider.py", line 103, in start_countdown
    self.update_time()
  File "c:\Users\Yaroslav\Python\Yellow-Wave\core\ui\widgets\sliders\track_slider.py", line 148, in update_time
    self.main.frontend.play_menu.sound.on_track_end()
  File "c:\Users\Yaroslav\Python\Yellow-Wave\core\ui\widgets\menu\main_menu.py", line 306, in on_track_end
    self.play_music(self.current)
  File "c:\Users\Yaroslav\Python\Yellow-Wave\core\ui\widgets\menu\main_menu.py", line 190, in play_music
    self.slider.start_countdown()
  File "c:\Users\Yaroslav\Python\Yellow-Wave\core\ui\widgets\sliders\track_slider.py", line 103, in start_countdown
    self.update_time()
  File "c:\Users\Yaroslav\Python\Yellow-Wave\core\ui\widgets\sliders\track_slider.py", line 148, in update_time
    self.main.frontend.play_menu.sound.on_track_end()
  File "c:\Users\Yaroslav\Python\Yellow-Wave\core\ui\widgets\menu\main_menu.py", line 306, in on_track_end
    self.play_music(self.current)
  File "c:\Users\Yaroslav\Python\Yellow-Wave\core\ui\widgets\menu\main_menu.py", line 190, in play_music
    self.slider.start_countdown()
  File "c:\Users\Yaroslav\Python\Yellow-Wave\core\ui\widgets\sliders\track_slider.py", line 103, in start_countdown
    self.update_time()
  File "c:\Users\Yaroslav\Python\Yellow-Wave\core\ui\widgets\sliders\track_slider.py", line 148, in update_time
    self.main.frontend.play_menu.sound.on_track_end()
  File "c:\Users\Yaroslav\Python\Yellow-Wave\core\ui\widgets\menu\main_menu.py", line 306, in on_track_end
    self.play_music(self.current)
  File "c:\Users\Yaroslav\Python\Yellow-Wave\core\ui\widgets\menu\main_menu.py", line 190, in play_music
    self.slider.start_countdown()
  File "c:\Users\Yaroslav\Python\Yellow-Wave\core\ui\widgets\sliders\track_slider.py", line 103, in start_countdown
    self.update_time()
  File "c:\Users\Yaroslav\Python\Yellow-Wave\core\ui\widgets\sliders\track_slider.py", line 148, in update_time
    self.main.frontend.play_menu.sound.on_track_end()
  File "c:\Users\Yaroslav\Python\Yellow-Wave\core\ui\widgets\menu\main_menu.py", line 306, in on_track_end
    self.play_music(self.current)
  File "c:\Users\Yaroslav\Python\Yellow-Wave\core\ui\widgets\menu\main_menu.py", line 190, in play_music
    self.slider.start_countdown()
  File "c:\Users\Yaroslav\Python\Yellow-Wave\core\ui\widgets\sliders\track_slider.py", line 103, in start_countdown
    self.update_time()
  File "c:\Users\Yaroslav\Python\Yellow-Wave\core\ui\widgets\sliders\track_slider.py", line 148, in update_time
    self.main.frontend.play_menu.sound.on_track_end()
  File "c:\Users\Yaroslav\Python\Yellow-Wave\core\ui\widgets\menu\main_menu.py", line 306, in on_track_end
    self.play_music(self.current)
  File "c:\Users\Yaroslav\Python\Yellow-Wave\core\ui\widgets\menu\main_menu.py", line 190, in play_music
    self.slider.start_countdown()
  File "c:\Users\Yaroslav\Python\Yellow-Wave\core\ui\widgets\sliders\track_slider.py", line 103, in start_countdown
    self.update_time()
  File "c:\Users\Yaroslav\Python\Yellow-Wave\core\ui\widgets\sliders\track_slider.py", line 148, in update_time
    self.main.frontend.play_menu.sound.on_track_end()
  File "c:\Users\Yaroslav\Python\Yellow-Wave\core\ui\widgets\menu\main_menu.py", line 306, in on_track_end
    self.play_music(self.current)
  File "c:\Users\Yaroslav\Python\Yellow-Wave\core\ui\widgets\menu\main_menu.py", line 190, in play_music
    self.slider.start_countdown()
  File "c:\Users\Yaroslav\Python\Yellow-Wave\core\ui\widgets\sliders\track_slider.py", line 103, in start_countdown
    self.update_time()
  File "c:\Users\Yaroslav\Python\Yellow-Wave\core\ui\widgets\sliders\track_slider.py", line 148, in update_time
    self.main.frontend.play_menu.sound.on_track_end()
  File "c:\Users\Yaroslav\Python\Yellow-Wave\core\ui\widgets\menu\main_menu.py", line 306, in on_track_end
    self.play_music(self.current)
  File "c:\Users\Yaroslav\Python\Yellow-Wave\core\ui\widgets\menu\main_menu.py", line 190, in play_music
    self.slider.start_countdown()
  File "c:\Users\Yaroslav\Python\Yellow-Wave\core\ui\widgets\sliders\track_slider.py", line 103, in start_countdown
    self.update_time()
  File "c:\Users\Yaroslav\Python\Yellow-Wave\core\ui\widgets\sliders\track_slider.py", line 148, in update_time
    self.main.frontend.play_menu.sound.on_track_end()
  File "c:\Users\Yaroslav\Python\Yellow-Wave\core\ui\widgets\menu\main_menu.py", line 306, in on_track_end
    self.play_music(self.current)
  File "c:\Users\Yaroslav\Python\Yellow-Wave\core\ui\widgets\menu\main_menu.py", line 190, in play_music
    self.slider.start_countdown()
  File "c:\Users\Yaroslav\Python\Yellow-Wave\core\ui\widgets\sliders\track_slider.py", line 103, in start_countdown
    self.update_time()
  File "c:\Users\Yaroslav\Python\Yellow-Wave\core\ui\widgets\sliders\track_slider.py", line 148, in update_time
    self.main.frontend.play_menu.sound.on_track_end()
  File "c:\Users\Yaroslav\Python\Yellow-Wave\core\ui\widgets\menu\main_menu.py", line 306, in on_track_end
    self.play_music(self.current)
  File "c:\Users\Yaroslav\Python\Yellow-Wave\core\ui\widgets\menu\main_menu.py", line 190, in play_music
    self.slider.start_countdown()
  File "c:\Users\Yaroslav\Python\Yellow-Wave\core\ui\widgets\sliders\track_slider.py", line 103, in start_countdown
    self.update_time()
  File "c:\Users\Yaroslav\Python\Yellow-Wave\core\ui\widgets\sliders\track_slider.py", line 148, in update_time
    self.main.frontend.play_menu.sound.on_track_end()
  File "c:\Users\Yaroslav\Python\Yellow-Wave\core\ui\widgets\menu\main_menu.py", line 306, in on_track_end
    self.play_music(self.current)
  File "c:\Users\Yaroslav\Python\Yellow-Wave\core\ui\widgets\menu\main_menu.py", line 190, in play_music
    self.slider.start_countdown()
  File "c:\Users\Yaroslav\Python\Yellow-Wave\core\ui\widgets\sliders\track_slider.py", line 103, in start_countdown
    self.update_time()
  File "c:\Users\Yaroslav\Python\Yellow-Wave\core\ui\widgets\sliders\track_slider.py", line 148, in update_time
    self.main.frontend.play_menu.sound.on_track_end()
  File "c:\Users\Yaroslav\Python\Yellow-Wave\core\ui\widgets\menu\main_menu.py", line 306, in on_track_end
    self.play_music(self.current)
  File "c:\Users\Yaroslav\Python\Yellow-Wave\core\ui\widgets\menu\main_menu.py", line 190, in play_music
    self.slider.start_countdown()
  File "c:\Users\Yaroslav\Python\Yellow-Wave\core\ui\widgets\sliders\track_slider.py", line 103, in start_countdown
    self.update_time()
  File "c:\Users\Yaroslav\Python\Yellow-Wave\core\ui\widgets\sliders\track_slider.py", line 148, in update_time
    self.main.frontend.play_menu.sound.on_track_end()
  File "c:\Users\Yaroslav\Python\Yellow-Wave\core\ui\widgets\menu\main_menu.py", line 306, in on_track_end
    self.play_music(self.current)
  File "c:\Users\Yaroslav\Python\Yellow-Wave\core\ui\widgets\menu\main_menu.py", line 190, in play_music
    self.slider.start_countdown()
  File "c:\Users\Yaroslav\Python\Yellow-Wave\core\ui\widgets\sliders\track_slider.py", line 103, in start_countdown
    self.update_time()
  File "c:\Users\Yaroslav\Python\Yellow-Wave\core\ui\widgets\sliders\track_slider.py", line 148, in update_time
    self.main.frontend.play_menu.sound.on_track_end()
  File "c:\Users\Yaroslav\Python\Yellow-Wave\core\ui\widgets\menu\main_menu.py", line 306, in on_track_end
    self.play_music(self.current)
  File "c:\Users\Yaroslav\Python\Yellow-Wave\core\ui\widgets\menu\main_menu.py", line 190, in play_music
    self.slider.start_countdown()
  File "c:\Users\Yaroslav\Python\Yellow-Wave\core\ui\widgets\sliders\track_slider.py", line 103, in start_countdown
    self.update_time()
  File "c:\Users\Yaroslav\Python\Yellow-Wave\core\ui\widgets\sliders\track_slider.py", line 148, in update_time
    self.main.frontend.play_menu.sound.on_track_end()
  File "c:\Users\Yaroslav\Python\Yellow-Wave\core\ui\widgets\menu\main_menu.py", line 306, in on_track_end
    self.play_music(self.current)
  File "c:\Users\Yaroslav\Python\Yellow-Wave\core\ui\widgets\menu\main_menu.py", line 190, in play_music
    self.slider.start_countdown()
  File "c:\Users\Yaroslav\Python\Yellow-Wave\core\ui\widgets\sliders\track_slider.py", line 103, in start_countdown
    self.update_time()
  File "c:\Users\Yaroslav\Python\Yellow-Wave\core\ui\widgets\sliders\track_slider.py", line 148, in update_time
    self.main.frontend.play_menu.sound.on_track_end()
  File "c:\Users\Yaroslav\Python\Yellow-Wave\core\ui\widgets\menu\main_menu.py", line 306, in on_track_end
    self.play_music(self.current)
  File "c:\Users\Yaroslav\Python\Yellow-Wave\core\ui\widgets\menu\main_menu.py", line 190, in play_music
    self.slider.start_countdown()
  File "c:\Users\Yaroslav\Python\Yellow-Wave\core\ui\widgets\sliders\track_slider.py", line 103, in start_countdown
    self.update_time()
  File "c:\Users\Yaroslav\Python\Yellow-Wave\core\ui\widgets\sliders\track_slider.py", line 148, in update_time
    self.main.frontend.play_menu.sound.on_track_end()
  File "c:\Users\Yaroslav\Python\Yellow-Wave\core\ui\widgets\menu\main_menu.py", line 306, in on_track_end
    self.play_music(self.current)
  File "c:\Users\Yaroslav\Python\Yellow-Wave\core\ui\widgets\menu\main_menu.py", line 190, in play_music
    self.slider.start_countdown()
  File "c:\Users\Yaroslav\Python\Yellow-Wave\core\ui\widgets\sliders\track_slider.py", line 103, in start_countdown
    self.update_time()
  File "c:\Users\Yaroslav\Python\Yellow-Wave\core\ui\widgets\sliders\track_slider.py", line 148, in update_time
    self.main.frontend.play_menu.sound.on_track_end()
  File "c:\Users\Yaroslav\Python\Yellow-Wave\core\ui\widgets\menu\main_menu.py", line 306, in on_track_end
    self.play_music(self.current)
  File "c:\Users\Yaroslav\Python\Yellow-Wave\core\ui\widgets\menu\main_menu.py", line 190, in play_music
    self.slider.start_countdown()
  File "c:\Users\Yaroslav\Python\Yellow-Wave\core\ui\widgets\sliders\track_slider.py", line 103, in start_countdown
    self.update_time()
  File "c:\Users\Yaroslav\Python\Yellow-Wave\core\ui\widgets\sliders\track_slider.py", line 148, in update_time
    self.main.frontend.play_menu.sound.on_track_end()
  File "c:\Users\Yaroslav\Python\Yellow-Wave\core\ui\widgets\menu\main_menu.py", line 306, in on_track_end
    self.play_music(self.current)
  File "c:\Users\Yaroslav\Python\Yellow-Wave\core\ui\widgets\menu\main_menu.py", line 190, in play_music
    self.slider.start_countdown()
  File "c:\Users\Yaroslav\Python\Yellow-Wave\core\ui\widgets\sliders\track_slider.py", line 103, in start_countdown
    self.update_time()
  File "c:\Users\Yaroslav\Python\Yellow-Wave\core\ui\widgets\sliders\track_slider.py", line 148, in update_time
    self.main.frontend.play_menu.sound.on_track_end()
  File "c:\Users\Yaroslav\Python\Yellow-Wave\core\ui\widgets\menu\main_menu.py", line 306, in on_track_end
    self.play_music(self.current)
  File "c:\Users\Yaroslav\Python\Yellow-Wave\core\ui\widgets\menu\main_menu.py", line 190, in play_music
    self.slider.start_countdown()
  File "c:\Users\Yaroslav\Python\Yellow-Wave\core\ui\widgets\sliders\track_slider.py", line 103, in start_countdown
    self.update_time()
  File "c:\Users\Yaroslav\Python\Yellow-Wave\core\ui\widgets\sliders\track_slider.py", line 148, in update_time
    self.main.frontend.play_menu.sound.on_track_end()
  File "c:\Users\Yaroslav\Python\Yellow-Wave\core\ui\widgets\menu\main_menu.py", line 306, in on_track_end
    self.play_music(self.current)
  File "c:\Users\Yaroslav\Python\Yellow-Wave\core\ui\widgets\menu\main_menu.py", line 190, in play_music
    self.slider.start_countdown()
  File "c:\Users\Yaroslav\Python\Yellow-Wave\core\ui\widgets\sliders\track_slider.py", line 103, in start_countdown
    self.update_time()
  File "c:\Users\Yaroslav\Python\Yellow-Wave\core\ui\widgets\sliders\track_slider.py", line 148, in update_time
    self.main.frontend.play_menu.sound.on_track_end()
  File "c:\Users\Yaroslav\Python\Yellow-Wave\core\ui\widgets\menu\main_menu.py", line 306, in on_track_end
    self.play_music(self.current)
  File "c:\Users\Yaroslav\Python\Yellow-Wave\core\ui\widgets\menu\main_menu.py", line 190, in play_music
    self.slider.start_countdown()
  File "c:\Users\Yaroslav\Python\Yellow-Wave\core\ui\widgets\sliders\track_slider.py", line 103, in start_countdown
    self.update_time()
  File "c:\Users\Yaroslav\Python\Yellow-Wave\core\ui\widgets\sliders\track_slider.py", line 148, in update_time
    self.main.frontend.play_menu.sound.on_track_end()
  File "c:\Users\Yaroslav\Python\Yellow-Wave\core\ui\widgets\menu\main_menu.py", line 306, in on_track_end
    self.play_music(self.current)
  File "c:\Users\Yaroslav\Python\Yellow-Wave\core\ui\widgets\menu\main_menu.py", line 190, in play_music
    self.slider.start_countdown()
  File "c:\Users\Yaroslav\Python\Yellow-Wave\core\ui\widgets\sliders\track_slider.py", line 103, in start_countdown
    self.update_time()
  File "c:\Users\Yaroslav\Python\Yellow-Wave\core\ui\widgets\sliders\track_slider.py", line 148, in update_time
    self.main.frontend.play_menu.sound.on_track_end()
  File "c:\Users\Yaroslav\Python\Yellow-Wave\core\ui\widgets\menu\main_menu.py", line 306, in on_track_end
    self.play_music(self.current)
  File "c:\Users\Yaroslav\Python\Yellow-Wave\core\ui\widgets\menu\main_menu.py", line 190, in play_music
    self.slider.start_countdown()
  File "c:\Users\Yaroslav\Python\Yellow-Wave\core\ui\widgets\sliders\track_slider.py", line 103, in start_countdown
    self.update_time()
  File "c:\Users\Yaroslav\Python\Yellow-Wave\core\ui\widgets\sliders\track_slider.py", line 148, in update_time
    self.main.frontend.play_menu.sound.on_track_end()
  File "c:\Users\Yaroslav\Python\Yellow-Wave\core\ui\widgets\menu\main_menu.py", line 306, in on_track_end
    self.play_music(self.current)
  File "c:\Users\Yaroslav\Python\Yellow-Wave\core\ui\widgets\menu\main_menu.py", line 190, in play_music
    self.slider.start_countdown()
  File "c:\Users\Yaroslav\Python\Yellow-Wave\core\ui\widgets\sliders\track_slider.py", line 103, in start_countdown
    self.update_time()
  File "c:\Users\Yaroslav\Python\Yellow-Wave\core\ui\widgets\sliders\track_slider.py", line 148, in update_time
    self.main.frontend.play_menu.sound.on_track_end()
  File "c:\Users\Yaroslav\Python\Yellow-Wave\core\ui\widgets\menu\main_menu.py", line 306, in on_track_end
    self.play_music(self.current)
  File "c:\Users\Yaroslav\Python\Yellow-Wave\core\ui\widgets\menu\main_menu.py", line 190, in play_music
    self.slider.start_countdown()
  File "c:\Users\Yaroslav\Python\Yellow-Wave\core\ui\widgets\sliders\track_slider.py", line 103, in start_countdown
    self.update_time()
  File "c:\Users\Yaroslav\Python\Yellow-Wave\core\ui\widgets\sliders\track_slider.py", line 148, in update_time
    self.main.frontend.play_menu.sound.on_track_end()
  File "c:\Users\Yaroslav\Python\Yellow-Wave\core\ui\widgets\menu\main_menu.py", line 306, in on_track_end
    self.play_music(self.current)
  File "c:\Users\Yaroslav\Python\Yellow-Wave\core\ui\widgets\menu\main_menu.py", line 190, in play_music
    self.slider.start_countdown()
  File "c:\Users\Yaroslav\Python\Yellow-Wave\core\ui\widgets\sliders\track_slider.py", line 103, in start_countdown
    self.update_time()
  File "c:\Users\Yaroslav\Python\Yellow-Wave\core\ui\widgets\sliders\track_slider.py", line 148, in update_time
    self.main.frontend.play_menu.sound.on_track_end()
  File "c:\Users\Yaroslav\Python\Yellow-Wave\core\ui\widgets\menu\main_menu.py", line 306, in on_track_end
    self.play_music(self.current)
  File "c:\Users\Yaroslav\Python\Yellow-Wave\core\ui\widgets\menu\main_menu.py", line 190, in play_music
    self.slider.start_countdown()
  File "c:\Users\Yaroslav\Python\Yellow-Wave\core\ui\widgets\sliders\track_slider.py", line 103, in start_countdown
    self.update_time()
  File "c:\Users\Yaroslav\Python\Yellow-Wave\core\ui\widgets\sliders\track_slider.py", line 148, in update_time
    self.main.frontend.play_menu.sound.on_track_end()
  File "c:\Users\Yaroslav\Python\Yellow-Wave\core\ui\widgets\menu\main_menu.py", line 306, in on_track_end
    self.play_music(self.current)
  File "c:\Users\Yaroslav\Python\Yellow-Wave\core\ui\widgets\menu\main_menu.py", line 190, in play_music
    self.slider.start_countdown()
  File "c:\Users\Yaroslav\Python\Yellow-Wave\core\ui\widgets\sliders\track_slider.py", line 103, in start_countdown
    self.update_time()
  File "c:\Users\Yaroslav\Python\Yellow-Wave\core\ui\widgets\sliders\track_slider.py", line 148, in update_time
    self.main.frontend.play_menu.sound.on_track_end()
  File "c:\Users\Yaroslav\Python\Yellow-Wave\core\ui\widgets\menu\main_menu.py", line 306, in on_track_end
    self.play_music(self.current)
  File "c:\Users\Yaroslav\Python\Yellow-Wave\core\ui\widgets\menu\main_menu.py", line 190, in play_music
    self.slider.start_countdown()
  File "c:\Users\Yaroslav\Python\Yellow-Wave\core\ui\widgets\sliders\track_slider.py", line 103, in start_countdown
    self.update_time()
  File "c:\Users\Yaroslav\Python\Yellow-Wave\core\ui\widgets\sliders\track_slider.py", line 148, in update_time
    self.main.frontend.play_menu.sound.on_track_end()
  File "c:\Users\Yaroslav\Python\Yellow-Wave\core\ui\widgets\menu\main_menu.py", line 306, in on_track_end
    self.play_music(self.current)
  File "c:\Users\Yaroslav\Python\Yellow-Wave\core\ui\widgets\menu\main_menu.py", line 190, in play_music
    self.slider.start_countdown()
  File "c:\Users\Yaroslav\Python\Yellow-Wave\core\ui\widgets\sliders\track_slider.py", line 103, in start_countdown
    self.update_time()
  File "c:\Users\Yaroslav\Python\Yellow-Wave\core\ui\widgets\sliders\track_slider.py", line 148, in update_time
    self.main.frontend.play_menu.sound.on_track_end()
  File "c:\Users\Yaroslav\Python\Yellow-Wave\core\ui\widgets\menu\main_menu.py", line 306, in on_track_end
    self.play_music(self.current)
  File "c:\Users\Yaroslav\Python\Yellow-Wave\core\ui\widgets\menu\main_menu.py", line 190, in play_music
    self.slider.start_countdown()
  File "c:\Users\Yaroslav\Python\Yellow-Wave\core\ui\widgets\sliders\track_slider.py", line 103, in start_countdown
    self.update_time()
  File "c:\Users\Yaroslav\Python\Yellow-Wave\core\ui\widgets\sliders\track_slider.py", line 148, in update_time
    self.main.frontend.play_menu.sound.on_track_end()
  File "c:\Users\Yaroslav\Python\Yellow-Wave\core\ui\widgets\menu\main_menu.py", line 306, in on_track_end
    self.play_music(self.current)
  File "c:\Users\Yaroslav\Python\Yellow-Wave\core\ui\widgets\menu\main_menu.py", line 190, in play_music
    self.slider.start_countdown()
  File "c:\Users\Yaroslav\Python\Yellow-Wave\core\ui\widgets\sliders\track_slider.py", line 103, in start_countdown
    self.update_time()
  File "c:\Users\Yaroslav\Python\Yellow-Wave\core\ui\widgets\sliders\track_slider.py", line 148, in update_time
    self.main.frontend.play_menu.sound.on_track_end()
  File "c:\Users\Yaroslav\Python\Yellow-Wave\core\ui\widgets\menu\main_menu.py", line 306, in on_track_end
    self.play_music(self.current)
  File "c:\Users\Yaroslav\Python\Yellow-Wave\core\ui\widgets\menu\main_menu.py", line 190, in play_music
    self.slider.start_countdown()
  File "c:\Users\Yaroslav\Python\Yellow-Wave\core\ui\widgets\sliders\track_slider.py", line 103, in start_countdown
    self.update_time()
  File "c:\Users\Yaroslav\Python\Yellow-Wave\core\ui\widgets\sliders\track_slider.py", line 148, in update_time
    self.main.frontend.play_menu.sound.on_track_end()
  File "c:\Users\Yaroslav\Python\Yellow-Wave\core\ui\widgets\menu\main_menu.py", line 306, in on_track_end
    self.play_music(self.current)
  File "c:\Users\Yaroslav\Python\Yellow-Wave\core\ui\widgets\menu\main_menu.py", line 190, in play_music
    self.slider.start_countdown()
  File "c:\Users\Yaroslav\Python\Yellow-Wave\core\ui\widgets\sliders\track_slider.py", line 103, in start_countdown
    self.update_time()
  File "c:\Users\Yaroslav\Python\Yellow-Wave\core\ui\widgets\sliders\track_slider.py", line 148, in update_time
    self.main.frontend.play_menu.sound.on_track_end()
  File "c:\Users\Yaroslav\Python\Yellow-Wave\core\ui\widgets\menu\main_menu.py", line 306, in on_track_end
    self.play_music(self.current)
  File "c:\Users\Yaroslav\Python\Yellow-Wave\core\ui\widgets\menu\main_menu.py", line 190, in play_music
    self.slider.start_countdown()
  File "c:\Users\Yaroslav\Python\Yellow-Wave\core\ui\widgets\sliders\track_slider.py", line 103, in start_countdown
    self.update_time()
  File "c:\Users\Yaroslav\Python\Yellow-Wave\core\ui\widgets\sliders\track_slider.py", line 148, in update_time
    self.main.frontend.play_menu.sound.on_track_end()
  File "c:\Users\Yaroslav\Python\Yellow-Wave\core\ui\widgets\menu\main_menu.py", line 306, in on_track_end
    self.play_music(self.current)
  File "c:\Users\Yaroslav\Python\Yellow-Wave\core\ui\widgets\menu\main_menu.py", line 190, in play_music
    self.slider.start_countdown()
  File "c:\Users\Yaroslav\Python\Yellow-Wave\core\ui\widgets\sliders\track_slider.py", line 103, in start_countdown
    self.update_time()
  File "c:\Users\Yaroslav\Python\Yellow-Wave\core\ui\widgets\sliders\track_slider.py", line 148, in update_time
    self.main.frontend.play_menu.sound.on_track_end()
  File "c:\Users\Yaroslav\Python\Yellow-Wave\core\ui\widgets\menu\main_menu.py", line 306, in on_track_end
    self.play_music(self.current)
  File "c:\Users\Yaroslav\Python\Yellow-Wave\core\ui\widgets\menu\main_menu.py", line 190, in play_music
    self.slider.start_countdown()
  File "c:\Users\Yaroslav\Python\Yellow-Wave\core\ui\widgets\sliders\track_slider.py", line 103, in start_countdown
    self.update_time()
  File "c:\Users\Yaroslav\Python\Yellow-Wave\core\ui\widgets\sliders\track_slider.py", line 148, in update_time
    self.main.frontend.play_menu.sound.on_track_end()
  File "c:\Users\Yaroslav\Python\Yellow-Wave\core\ui\widgets\menu\main_menu.py", line 306, in on_track_end
    self.play_music(self.current)
  File "c:\Users\Yaroslav\Python\Yellow-Wave\core\ui\widgets\menu\main_menu.py", line 190, in play_music
    self.slider.start_countdown()
  File "c:\Users\Yaroslav\Python\Yellow-Wave\core\ui\widgets\sliders\track_slider.py", line 103, in start_countdown
    self.update_time()
  File "c:\Users\Yaroslav\Python\Yellow-Wave\core\ui\widgets\sliders\track_slider.py", line 148, in update_time
    self.main.frontend.play_menu.sound.on_track_end()
  File "c:\Users\Yaroslav\Python\Yellow-Wave\core\ui\widgets\menu\main_menu.py", line 306, in on_track_end
    self.play_music(self.current)
  File "c:\Users\Yaroslav\Python\Yellow-Wave\core\ui\widgets\menu\main_menu.py", line 190, in play_music
    self.slider.start_countdown()
  File "c:\Users\Yaroslav\Python\Yellow-Wave\core\ui\widgets\sliders\track_slider.py", line 103, in start_countdown
    self.update_time()
  File "c:\Users\Yaroslav\Python\Yellow-Wave\core\ui\widgets\sliders\track_slider.py", line 148, in update_time
    self.main.frontend.play_menu.sound.on_track_end()
  File "c:\Users\Yaroslav\Python\Yellow-Wave\core\ui\widgets\menu\main_menu.py", line 306, in on_track_end
    self.play_music(self.current)
  File "c:\Users\Yaroslav\Python\Yellow-Wave\core\ui\widgets\menu\main_menu.py", line 190, in play_music
    self.slider.start_countdown()
  File "c:\Users\Yaroslav\Python\Yellow-Wave\core\ui\widgets\sliders\track_slider.py", line 103, in start_countdown
    self.update_time()
  File "c:\Users\Yaroslav\Python\Yellow-Wave\core\ui\widgets\sliders\track_slider.py", line 148, in update_time
    self.main.frontend.play_menu.sound.on_track_end()
  File "c:\Users\Yaroslav\Python\Yellow-Wave\core\ui\widgets\menu\main_menu.py", line 306, in on_track_end
    self.play_music(self.current)
  File "c:\Users\Yaroslav\Python\Yellow-Wave\core\ui\widgets\menu\main_menu.py", line 190, in play_music
    self.slider.start_countdown()
  File "c:\Users\Yaroslav\Python\Yellow-Wave\core\ui\widgets\sliders\track_slider.py", line 103, in start_countdown
    self.update_time()
  File "c:\Users\Yaroslav\Python\Yellow-Wave\core\ui\widgets\sliders\track_slider.py", line 148, in update_time
    self.main.frontend.play_menu.sound.on_track_end()
  File "c:\Users\Yaroslav\Python\Yellow-Wave\core\ui\widgets\menu\main_menu.py", line 306, in on_track_end
    self.play_music(self.current)
  File "c:\Users\Yaroslav\Python\Yellow-Wave\core\ui\widgets\menu\main_menu.py", line 190, in play_music
    self.slider.start_countdown()
  File "c:\Users\Yaroslav\Python\Yellow-Wave\core\ui\widgets\sliders\track_slider.py", line 103, in start_countdown
    self.update_time()
  File "c:\Users\Yaroslav\Python\Yellow-Wave\core\ui\widgets\sliders\track_slider.py", line 148, in update_time
    self.main.frontend.play_menu.sound.on_track_end()
  File "c:\Users\Yaroslav\Python\Yellow-Wave\core\ui\widgets\menu\main_menu.py", line 306, in on_track_end
    self.play_music(self.current)
  File "c:\Users\Yaroslav\Python\Yellow-Wave\core\ui\widgets\menu\main_menu.py", line 190, in play_music
    self.slider.start_countdown()
  File "c:\Users\Yaroslav\Python\Yellow-Wave\core\ui\widgets\sliders\track_slider.py", line 103, in start_countdown
    self.update_time()
  File "c:\Users\Yaroslav\Python\Yellow-Wave\core\ui\widgets\sliders\track_slider.py", line 148, in update_time
    self.main.frontend.play_menu.sound.on_track_end()
  File "c:\Users\Yaroslav\Python\Yellow-Wave\core\ui\widgets\menu\main_menu.py", line 306, in on_track_end
    self.play_music(self.current)
  File "c:\Users\Yaroslav\Python\Yellow-Wave\core\ui\widgets\menu\main_menu.py", line 190, in play_music
    self.slider.start_countdown()
  File "c:\Users\Yaroslav\Python\Yellow-Wave\core\ui\widgets\sliders\track_slider.py", line 103, in start_countdown
    self.update_time()
  File "c:\Users\Yaroslav\Python\Yellow-Wave\core\ui\widgets\sliders\track_slider.py", line 148, in update_time
    self.main.frontend.play_menu.sound.on_track_end()
  File "c:\Users\Yaroslav\Python\Yellow-Wave\core\ui\widgets\menu\main_menu.py", line 306, in on_track_end
    self.play_music(self.current)
  File "c:\Users\Yaroslav\Python\Yellow-Wave\core\ui\widgets\menu\main_menu.py", line 190, in play_music
    self.slider.start_countdown()
  File "c:\Users\Yaroslav\Python\Yellow-Wave\core\ui\widgets\sliders\track_slider.py", line 103, in start_countdown
    self.update_time()
  File "c:\Users\Yaroslav\Python\Yellow-Wave\core\ui\widgets\sliders\track_slider.py", line 148, in update_time
    self.main.frontend.play_menu.sound.on_track_end()
  File "c:\Users\Yaroslav\Python\Yellow-Wave\core\ui\widgets\menu\main_menu.py", line 306, in on_track_end
    self.play_music(self.current)
  File "c:\Users\Yaroslav\Python\Yellow-Wave\core\ui\widgets\menu\main_menu.py", line 190, in play_music
    self.slider.start_countdown()
  File "c:\Users\Yaroslav\Python\Yellow-Wave\core\ui\widgets\sliders\track_slider.py", line 103, in start_countdown
    self.update_time()
  File "c:\Users\Yaroslav\Python\Yellow-Wave\core\ui\widgets\sliders\track_slider.py", line 148, in update_time
    self.main.frontend.play_menu.sound.on_track_end()
  File "c:\Users\Yaroslav\Python\Yellow-Wave\core\ui\widgets\menu\main_menu.py", line 306, in on_track_end
    self.play_music(self.current)
  File "c:\Users\Yaroslav\Python\Yellow-Wave\core\ui\widgets\menu\main_menu.py", line 190, in play_music
    self.slider.start_countdown()
  File "c:\Users\Yaroslav\Python\Yellow-Wave\core\ui\widgets\sliders\track_slider.py", line 103, in start_countdown
    self.update_time()
  File "c:\Users\Yaroslav\Python\Yellow-Wave\core\ui\widgets\sliders\track_slider.py", line 148, in update_time
    self.main.frontend.play_menu.sound.on_track_end()
  File "c:\Users\Yaroslav\Python\Yellow-Wave\core\ui\widgets\menu\main_menu.py", line 306, in on_track_end
    self.play_music(self.current)
  File "c:\Users\Yaroslav\Python\Yellow-Wave\core\ui\widgets\menu\main_menu.py", line 190, in play_music
    self.slider.start_countdown()
  File "c:\Users\Yaroslav\Python\Yellow-Wave\core\ui\widgets\sliders\track_slider.py", line 103, in start_countdown
    self.update_time()
  File "c:\Users\Yaroslav\Python\Yellow-Wave\core\ui\widgets\sliders\track_slider.py", line 148, in update_time
    self.main.frontend.play_menu.sound.on_track_end()
  File "c:\Users\Yaroslav\Python\Yellow-Wave\core\ui\widgets\menu\main_menu.py", line 306, in on_track_end
    self.play_music(self.current)
  File "c:\Users\Yaroslav\Python\Yellow-Wave\core\ui\widgets\menu\main_menu.py", line 190, in play_music
    self.slider.start_countdown()
  File "c:\Users\Yaroslav\Python\Yellow-Wave\core\ui\widgets\sliders\track_slider.py", line 103, in start_countdown
    self.update_time()
  File "c:\Users\Yaroslav\Python\Yellow-Wave\core\ui\widgets\sliders\track_slider.py", line 148, in update_time
    self.main.frontend.play_menu.sound.on_track_end()
  File "c:\Users\Yaroslav\Python\Yellow-Wave\core\ui\widgets\menu\main_menu.py", line 306, in on_track_end
    self.play_music(self.current)
  File "c:\Users\Yaroslav\Python\Yellow-Wave\core\ui\widgets\menu\main_menu.py", line 190, in play_music
    self.slider.start_countdown()
  File "c:\Users\Yaroslav\Python\Yellow-Wave\core\ui\widgets\sliders\track_slider.py", line 103, in start_countdown
    self.update_time()
  File "c:\Users\Yaroslav\Python\Yellow-Wave\core\ui\widgets\sliders\track_slider.py", line 148, in update_time
    self.main.frontend.play_menu.sound.on_track_end()
  File "c:\Users\Yaroslav\Python\Yellow-Wave\core\ui\widgets\menu\main_menu.py", line 306, in on_track_end
    self.play_music(self.current)
  File "c:\Users\Yaroslav\Python\Yellow-Wave\core\ui\widgets\menu\main_menu.py", line 190, in play_music
    self.slider.start_countdown()
  File "c:\Users\Yaroslav\Python\Yellow-Wave\core\ui\widgets\sliders\track_slider.py", line 103, in start_countdown
    self.update_time()
  File "c:\Users\Yaroslav\Python\Yellow-Wave\core\ui\widgets\sliders\track_slider.py", line 148, in update_time
    self.main.frontend.play_menu.sound.on_track_end()
  File "c:\Users\Yaroslav\Python\Yellow-Wave\core\ui\widgets\menu\main_menu.py", line 306, in on_track_end
    self.play_music(self.current)
  File "c:\Users\Yaroslav\Python\Yellow-Wave\core\ui\widgets\menu\main_menu.py", line 190, in play_music
    self.slider.start_countdown()
  File "c:\Users\Yaroslav\Python\Yellow-Wave\core\ui\widgets\sliders\track_slider.py", line 103, in start_countdown
    self.update_time()
  File "c:\Users\Yaroslav\Python\Yellow-Wave\core\ui\widgets\sliders\track_slider.py", line 148, in update_time
    self.main.frontend.play_menu.sound.on_track_end()
  File "c:\Users\Yaroslav\Python\Yellow-Wave\core\ui\widgets\menu\main_menu.py", line 306, in on_track_end
    self.play_music(self.current)
  File "c:\Users\Yaroslav\Python\Yellow-Wave\core\ui\widgets\menu\main_menu.py", line 190, in play_music
    self.slider.start_countdown()
  File "c:\Users\Yaroslav\Python\Yellow-Wave\core\ui\widgets\sliders\track_slider.py", line 103, in start_countdown
    self.update_time()
  File "c:\Users\Yaroslav\Python\Yellow-Wave\core\ui\widgets\sliders\track_slider.py", line 148, in update_time
    self.main.frontend.play_menu.sound.on_track_end()
  File "c:\Users\Yaroslav\Python\Yellow-Wave\core\ui\widgets\menu\main_menu.py", line 306, in on_track_end
    self.play_music(self.current)
  File "c:\Users\Yaroslav\Python\Yellow-Wave\core\ui\widgets\menu\main_menu.py", line 190, in play_music
    self.slider.start_countdown()
  File "c:\Users\Yaroslav\Python\Yellow-Wave\core\ui\widgets\sliders\track_slider.py", line 103, in start_countdown
    self.update_time()
  File "c:\Users\Yaroslav\Python\Yellow-Wave\core\ui\widgets\sliders\track_slider.py", line 148, in update_time
    self.main.frontend.play_menu.sound.on_track_end()
  File "c:\Users\Yaroslav\Python\Yellow-Wave\core\ui\widgets\menu\main_menu.py", line 306, in on_track_end
    self.play_music(self.current)
  File "c:\Users\Yaroslav\Python\Yellow-Wave\core\ui\widgets\menu\main_menu.py", line 190, in play_music
    self.slider.start_countdown()
  File "c:\Users\Yaroslav\Python\Yellow-Wave\core\ui\widgets\sliders\track_slider.py", line 103, in start_countdown
    self.update_time()
  File "c:\Users\Yaroslav\Python\Yellow-Wave\core\ui\widgets\sliders\track_slider.py", line 148, in update_time
    self.main.frontend.play_menu.sound.on_track_end()
  File "c:\Users\Yaroslav\Python\Yellow-Wave\core\ui\widgets\menu\main_menu.py", line 306, in on_track_end
    self.play_music(self.current)
  File "c:\Users\Yaroslav\Python\Yellow-Wave\core\ui\widgets\menu\main_menu.py", line 190, in play_music
    self.slider.start_countdown()
  File "c:\Users\Yaroslav\Python\Yellow-Wave\core\ui\widgets\sliders\track_slider.py", line 103, in start_countdown
    self.update_time()
  File "c:\Users\Yaroslav\Python\Yellow-Wave\core\ui\widgets\sliders\track_slider.py", line 148, in update_time
    self.main.frontend.play_menu.sound.on_track_end()
  File "c:\Users\Yaroslav\Python\Yellow-Wave\core\ui\widgets\menu\main_menu.py", line 306, in on_track_end
    self.play_music(self.current)
  File "c:\Users\Yaroslav\Python\Yellow-Wave\core\ui\widgets\menu\main_menu.py", line 190, in play_music
    self.slider.start_countdown()
  File "c:\Users\Yaroslav\Python\Yellow-Wave\core\ui\widgets\sliders\track_slider.py", line 103, in start_countdown
    self.update_time()
  File "c:\Users\Yaroslav\Python\Yellow-Wave\core\ui\widgets\sliders\track_slider.py", line 148, in update_time
    self.main.frontend.play_menu.sound.on_track_end()
  File "c:\Users\Yaroslav\Python\Yellow-Wave\core\ui\widgets\menu\main_menu.py", line 306, in on_track_end
    self.play_music(self.current)
  File "c:\Users\Yaroslav\Python\Yellow-Wave\core\ui\widgets\menu\main_menu.py", line 190, in play_music
    self.slider.start_countdown()
  File "c:\Users\Yaroslav\Python\Yellow-Wave\core\ui\widgets\sliders\track_slider.py", line 103, in start_countdown
    self.update_time()
  File "c:\Users\Yaroslav\Python\Yellow-Wave\core\ui\widgets\sliders\track_slider.py", line 148, in update_time
    self.main.frontend.play_menu.sound.on_track_end()
  File "c:\Users\Yaroslav\Python\Yellow-Wave\core\ui\widgets\menu\main_menu.py", line 306, in on_track_end
    self.play_music(self.current)
  File "c:\Users\Yaroslav\Python\Yellow-Wave\core\ui\widgets\menu\main_menu.py", line 190, in play_music
    self.slider.start_countdown()
  File "c:\Users\Yaroslav\Python\Yellow-Wave\core\ui\widgets\sliders\track_slider.py", line 103, in start_countdown
    self.update_time()
  File "c:\Users\Yaroslav\Python\Yellow-Wave\core\ui\widgets\sliders\track_slider.py", line 148, in update_time
    self.main.frontend.play_menu.sound.on_track_end()
  File "c:\Users\Yaroslav\Python\Yellow-Wave\core\ui\widgets\menu\main_menu.py", line 306, in on_track_end
    self.play_music(self.current)
  File "c:\Users\Yaroslav\Python\Yellow-Wave\core\ui\widgets\menu\main_menu.py", line 190, in play_music
    self.slider.start_countdown()
  File "c:\Users\Yaroslav\Python\Yellow-Wave\core\ui\widgets\sliders\track_slider.py", line 103, in start_countdown
    self.update_time()
  File "c:\Users\Yaroslav\Python\Yellow-Wave\core\ui\widgets\sliders\track_slider.py", line 148, in update_time
    self.main.frontend.play_menu.sound.on_track_end()
  File "c:\Users\Yaroslav\Python\Yellow-Wave\core\ui\widgets\menu\main_menu.py", line 306, in on_track_end
    self.play_music(self.current)
  File "c:\Users\Yaroslav\Python\Yellow-Wave\core\ui\widgets\menu\main_menu.py", line 190, in play_music
    self.slider.start_countdown()
  File "c:\Users\Yaroslav\Python\Yellow-Wave\core\ui\widgets\sliders\track_slider.py", line 103, in start_countdown
    self.update_time()
  File "c:\Users\Yaroslav\Python\Yellow-Wave\core\ui\widgets\sliders\track_slider.py", line 148, in update_time
    self.main.frontend.play_menu.sound.on_track_end()
  File "c:\Users\Yaroslav\Python\Yellow-Wave\core\ui\widgets\menu\main_menu.py", line 306, in on_track_end
    self.play_music(self.current)
  File "c:\Users\Yaroslav\Python\Yellow-Wave\core\ui\widgets\menu\main_menu.py", line 190, in play_music
    self.slider.start_countdown()
  File "c:\Users\Yaroslav\Python\Yellow-Wave\core\ui\widgets\sliders\track_slider.py", line 103, in start_countdown
    self.update_time()
  File "c:\Users\Yaroslav\Python\Yellow-Wave\core\ui\widgets\sliders\track_slider.py", line 148, in update_time
    self.main.frontend.play_menu.sound.on_track_end()
  File "c:\Users\Yaroslav\Python\Yellow-Wave\core\ui\widgets\menu\main_menu.py", line 306, in on_track_end
    self.play_music(self.current)
  File "c:\Users\Yaroslav\Python\Yellow-Wave\core\ui\widgets\menu\main_menu.py", line 190, in play_music
    self.slider.start_countdown()
  File "c:\Users\Yaroslav\Python\Yellow-Wave\core\ui\widgets\sliders\track_slider.py", line 103, in start_countdown
    self.update_time()
  File "c:\Users\Yaroslav\Python\Yellow-Wave\core\ui\widgets\sliders\track_slider.py", line 148, in update_time
    self.main.frontend.play_menu.sound.on_track_end()
  File "c:\Users\Yaroslav\Python\Yellow-Wave\core\ui\widgets\menu\main_menu.py", line 306, in on_track_end
    self.play_music(self.current)
  File "c:\Users\Yaroslav\Python\Yellow-Wave\core\ui\widgets\menu\main_menu.py", line 190, in play_music
    self.slider.start_countdown()
  File "c:\Users\Yaroslav\Python\Yellow-Wave\core\ui\widgets\sliders\track_slider.py", line 103, in start_countdown
    self.update_time()
  File "c:\Users\Yaroslav\Python\Yellow-Wave\core\ui\widgets\sliders\track_slider.py", line 148, in update_time
    self.main.frontend.play_menu.sound.on_track_end()
  File "c:\Users\Yaroslav\Python\Yellow-Wave\core\ui\widgets\menu\main_menu.py", line 306, in on_track_end
    self.play_music(self.current)
  File "c:\Users\Yaroslav\Python\Yellow-Wave\core\ui\widgets\menu\main_menu.py", line 190, in play_music
    self.slider.start_countdown()
  File "c:\Users\Yaroslav\Python\Yellow-Wave\core\ui\widgets\sliders\track_slider.py", line 103, in start_countdown
    self.update_time()
  File "c:\Users\Yaroslav\Python\Yellow-Wave\core\ui\widgets\sliders\track_slider.py", line 148, in update_time
    self.main.frontend.play_menu.sound.on_track_end()
  File "c:\Users\Yaroslav\Python\Yellow-Wave\core\ui\widgets\menu\main_menu.py", line 306, in on_track_end
    self.play_music(self.current)
  File "c:\Users\Yaroslav\Python\Yellow-Wave\core\ui\widgets\menu\main_menu.py", line 190, in play_music
    self.slider.start_countdown()
  File "c:\Users\Yaroslav\Python\Yellow-Wave\core\ui\widgets\sliders\track_slider.py", line 103, in start_countdown
    self.update_time()
  File "c:\Users\Yaroslav\Python\Yellow-Wave\core\ui\widgets\sliders\track_slider.py", line 148, in update_time
    self.main.frontend.play_menu.sound.on_track_end()
  File "c:\Users\Yaroslav\Python\Yellow-Wave\core\ui\widgets\menu\main_menu.py", line 306, in on_track_end
    self.play_music(self.current)
  File "c:\Users\Yaroslav\Python\Yellow-Wave\core\ui\widgets\menu\main_menu.py", line 190, in play_music
    self.slider.start_countdown()
  File "c:\Users\Yaroslav\Python\Yellow-Wave\core\ui\widgets\sliders\track_slider.py", line 103, in start_countdown
    self.update_time()
  File "c:\Users\Yaroslav\Python\Yellow-Wave\core\ui\widgets\sliders\track_slider.py", line 148, in update_time
    self.main.frontend.play_menu.sound.on_track_end()
  File "c:\Users\Yaroslav\Python\Yellow-Wave\core\ui\widgets\menu\main_menu.py", line 306, in on_track_end
    self.play_music(self.current)
  File "c:\Users\Yaroslav\Python\Yellow-Wave\core\ui\widgets\menu\main_menu.py", line 190, in play_music
    self.slider.start_countdown()
  File "c:\Users\Yaroslav\Python\Yellow-Wave\core\ui\widgets\sliders\track_slider.py", line 103, in start_countdown
    self.update_time()
  File "c:\Users\Yaroslav\Python\Yellow-Wave\core\ui\widgets\sliders\track_slider.py", line 148, in update_time
    self.main.frontend.play_menu.sound.on_track_end()
  File "c:\Users\Yaroslav\Python\Yellow-Wave\core\ui\widgets\menu\main_menu.py", line 306, in on_track_end
    self.play_music(self.current)
  File "c:\Users\Yaroslav\Python\Yellow-Wave\core\ui\widgets\menu\main_menu.py", line 190, in play_music
    self.slider.start_countdown()
  File "c:\Users\Yaroslav\Python\Yellow-Wave\core\ui\widgets\sliders\track_slider.py", line 103, in start_countdown
    self.update_time()
  File "c:\Users\Yaroslav\Python\Yellow-Wave\core\ui\widgets\sliders\track_slider.py", line 148, in update_time
    self.main.frontend.play_menu.sound.on_track_end()
  File "c:\Users\Yaroslav\Python\Yellow-Wave\core\ui\widgets\menu\main_menu.py", line 306, in on_track_end
    self.play_music(self.current)
  File "c:\Users\Yaroslav\Python\Yellow-Wave\core\ui\widgets\menu\main_menu.py", line 190, in play_music
    self.slider.start_countdown()
  File "c:\Users\Yaroslav\Python\Yellow-Wave\core\ui\widgets\sliders\track_slider.py", line 103, in start_countdown
    self.update_time()
  File "c:\Users\Yaroslav\Python\Yellow-Wave\core\ui\widgets\sliders\track_slider.py", line 148, in update_time
    self.main.frontend.play_menu.sound.on_track_end()
  File "c:\Users\Yaroslav\Python\Yellow-Wave\core\ui\widgets\menu\main_menu.py", line 306, in on_track_end
    self.play_music(self.current)
  File "c:\Users\Yaroslav\Python\Yellow-Wave\core\ui\widgets\menu\main_menu.py", line 190, in play_music
    self.slider.start_countdown()
  File "c:\Users\Yaroslav\Python\Yellow-Wave\core\ui\widgets\sliders\track_slider.py", line 103, in start_countdown
    self.update_time()
  File "c:\Users\Yaroslav\Python\Yellow-Wave\core\ui\widgets\sliders\track_slider.py", line 148, in update_time
    self.main.frontend.play_menu.sound.on_track_end()
  File "c:\Users\Yaroslav\Python\Yellow-Wave\core\ui\widgets\menu\main_menu.py", line 306, in on_track_end
    self.play_music(self.current)
  File "c:\Users\Yaroslav\Python\Yellow-Wave\core\ui\widgets\menu\main_menu.py", line 190, in play_music
    self.slider.start_countdown()
  File "c:\Users\Yaroslav\Python\Yellow-Wave\core\ui\widgets\sliders\track_slider.py", line 103, in start_countdown
    self.update_time()
  File "c:\Users\Yaroslav\Python\Yellow-Wave\core\ui\widgets\sliders\track_slider.py", line 148, in update_time
    self.main.frontend.play_menu.sound.on_track_end()
  File "c:\Users\Yaroslav\Python\Yellow-Wave\core\ui\widgets\menu\main_menu.py", line 306, in on_track_end
    self.play_music(self.current)
  File "c:\Users\Yaroslav\Python\Yellow-Wave\core\ui\widgets\menu\main_menu.py", line 190, in play_music
    self.slider.start_countdown()
  File "c:\Users\Yaroslav\Python\Yellow-Wave\core\ui\widgets\sliders\track_slider.py", line 103, in start_countdown
    self.update_time()
  File "c:\Users\Yaroslav\Python\Yellow-Wave\core\ui\widgets\sliders\track_slider.py", line 148, in update_time
    self.main.frontend.play_menu.sound.on_track_end()
  File "c:\Users\Yaroslav\Python\Yellow-Wave\core\ui\widgets\menu\main_menu.py", line 306, in on_track_end
    self.play_music(self.current)
  File "c:\Users\Yaroslav\Python\Yellow-Wave\core\ui\widgets\menu\main_menu.py", line 190, in play_music
    self.slider.start_countdown()
  File "c:\Users\Yaroslav\Python\Yellow-Wave\core\ui\widgets\sliders\track_slider.py", line 103, in start_countdown
    self.update_time()
  File "c:\Users\Yaroslav\Python\Yellow-Wave\core\ui\widgets\sliders\track_slider.py", line 148, in update_time
    self.main.frontend.play_menu.sound.on_track_end()
  File "c:\Users\Yaroslav\Python\Yellow-Wave\core\ui\widgets\menu\main_menu.py", line 306, in on_track_end
    self.play_music(self.current)
  File "c:\Users\Yaroslav\Python\Yellow-Wave\core\ui\widgets\menu\main_menu.py", line 190, in play_music
    self.slider.start_countdown()
  File "c:\Users\Yaroslav\Python\Yellow-Wave\core\ui\widgets\sliders\track_slider.py", line 103, in start_countdown
    self.update_time()
  File "c:\Users\Yaroslav\Python\Yellow-Wave\core\ui\widgets\sliders\track_slider.py", line 148, in update_time
    self.main.frontend.play_menu.sound.on_track_end()
  File "c:\Users\Yaroslav\Python\Yellow-Wave\core\ui\widgets\menu\main_menu.py", line 306, in on_track_end
    self.play_music(self.current)
  File "c:\Users\Yaroslav\Python\Yellow-Wave\core\ui\widgets\menu\main_menu.py", line 190, in play_music
    self.slider.start_countdown()
  File "c:\Users\Yaroslav\Python\Yellow-Wave\core\ui\widgets\sliders\track_slider.py", line 103, in start_countdown
    self.update_time()
  File "c:\Users\Yaroslav\Python\Yellow-Wave\core\ui\widgets\sliders\track_slider.py", line 148, in update_time
    self.main.frontend.play_menu.sound.on_track_end()
  File "c:\Users\Yaroslav\Python\Yellow-Wave\core\ui\widgets\menu\main_menu.py", line 306, in on_track_end
    self.play_music(self.current)
  File "c:\Users\Yaroslav\Python\Yellow-Wave\core\ui\widgets\menu\main_menu.py", line 190, in play_music
    self.slider.start_countdown()
  File "c:\Users\Yaroslav\Python\Yellow-Wave\core\ui\widgets\sliders\track_slider.py", line 103, in start_countdown
    self.update_time()
  File "c:\Users\Yaroslav\Python\Yellow-Wave\core\ui\widgets\sliders\track_slider.py", line 148, in update_time
    self.main.frontend.play_menu.sound.on_track_end()
  File "c:\Users\Yaroslav\Python\Yellow-Wave\core\ui\widgets\menu\main_menu.py", line 306, in on_track_end
    self.play_music(self.current)
  File "c:\Users\Yaroslav\Python\Yellow-Wave\core\ui\widgets\menu\main_menu.py", line 190, in play_music
    self.slider.start_countdown()
  File "c:\Users\Yaroslav\Python\Yellow-Wave\core\ui\widgets\sliders\track_slider.py", line 103, in start_countdown
    self.update_time()
  File "c:\Users\Yaroslav\Python\Yellow-Wave\core\ui\widgets\sliders\track_slider.py", line 148, in update_time
    self.main.frontend.play_menu.sound.on_track_end()
  File "c:\Users\Yaroslav\Python\Yellow-Wave\core\ui\widgets\menu\main_menu.py", line 306, in on_track_end
    self.play_music(self.current)
  File "c:\Users\Yaroslav\Python\Yellow-Wave\core\ui\widgets\menu\main_menu.py", line 190, in play_music
    self.slider.start_countdown()
  File "c:\Users\Yaroslav\Python\Yellow-Wave\core\ui\widgets\sliders\track_slider.py", line 103, in start_countdown
    self.update_time()
  File "c:\Users\Yaroslav\Python\Yellow-Wave\core\ui\widgets\sliders\track_slider.py", line 148, in update_time
    self.main.frontend.play_menu.sound.on_track_end()
  File "c:\Users\Yaroslav\Python\Yellow-Wave\core\ui\widgets\menu\main_menu.py", line 306, in on_track_end
    self.play_music(self.current)
  File "c:\Users\Yaroslav\Python\Yellow-Wave\core\ui\widgets\menu\main_menu.py", line 190, in play_music
    self.slider.start_countdown()
  File "c:\Users\Yaroslav\Python\Yellow-Wave\core\ui\widgets\sliders\track_slider.py", line 103, in start_countdown
    self.update_time()
  File "c:\Users\Yaroslav\Python\Yellow-Wave\core\ui\widgets\sliders\track_slider.py", line 148, in update_time
    self.main.frontend.play_menu.sound.on_track_end()
  File "c:\Users\Yaroslav\Python\Yellow-Wave\core\ui\widgets\menu\main_menu.py", line 306, in on_track_end
    self.play_music(self.current)
  File "c:\Users\Yaroslav\Python\Yellow-Wave\core\ui\widgets\menu\main_menu.py", line 190, in play_music
    self.slider.start_countdown()
  File "c:\Users\Yaroslav\Python\Yellow-Wave\core\ui\widgets\sliders\track_slider.py", line 103, in start_countdown
    self.update_time()
  File "c:\Users\Yaroslav\Python\Yellow-Wave\core\ui\widgets\sliders\track_slider.py", line 148, in update_time
    self.main.frontend.play_menu.sound.on_track_end()
  File "c:\Users\Yaroslav\Python\Yellow-Wave\core\ui\widgets\menu\main_menu.py", line 306, in on_track_end
    self.play_music(self.current)
  File "c:\Users\Yaroslav\Python\Yellow-Wave\core\ui\widgets\menu\main_menu.py", line 190, in play_music
    self.slider.start_countdown()
  File "c:\Users\Yaroslav\Python\Yellow-Wave\core\ui\widgets\sliders\track_slider.py", line 103, in start_countdown
    self.update_time()
  File "c:\Users\Yaroslav\Python\Yellow-Wave\core\ui\widgets\sliders\track_slider.py", line 148, in update_time
    self.main.frontend.play_menu.sound.on_track_end()
  File "c:\Users\Yaroslav\Python\Yellow-Wave\core\ui\widgets\menu\main_menu.py", line 306, in on_track_end
    self.play_music(self.current)
  File "c:\Users\Yaroslav\Python\Yellow-Wave\core\ui\widgets\menu\main_menu.py", line 190, in play_music
    self.slider.start_countdown()
  File "c:\Users\Yaroslav\Python\Yellow-Wave\core\ui\widgets\sliders\track_slider.py", line 103, in start_countdown
    self.update_time()
  File "c:\Users\Yaroslav\Python\Yellow-Wave\core\ui\widgets\sliders\track_slider.py", line 148, in update_time
    self.main.frontend.play_menu.sound.on_track_end()
  File "c:\Users\Yaroslav\Python\Yellow-Wave\core\ui\widgets\menu\main_menu.py", line 306, in on_track_end
    self.play_music(self.current)
  File "c:\Users\Yaroslav\Python\Yellow-Wave\core\ui\widgets\menu\main_menu.py", line 190, in play_music
    self.slider.start_countdown()
  File "c:\Users\Yaroslav\Python\Yellow-Wave\core\ui\widgets\sliders\track_slider.py", line 103, in start_countdown
    self.update_time()
  File "c:\Users\Yaroslav\Python\Yellow-Wave\core\ui\widgets\sliders\track_slider.py", line 148, in update_time
    self.main.frontend.play_menu.sound.on_track_end()
  File "c:\Users\Yaroslav\Python\Yellow-Wave\core\ui\widgets\menu\main_menu.py", line 306, in on_track_end
    self.play_music(self.current)
  File "c:\Users\Yaroslav\Python\Yellow-Wave\core\ui\widgets\menu\main_menu.py", line 190, in play_music
    self.slider.start_countdown()
  File "c:\Users\Yaroslav\Python\Yellow-Wave\core\ui\widgets\sliders\track_slider.py", line 103, in start_countdown
    self.update_time()
  File "c:\Users\Yaroslav\Python\Yellow-Wave\core\ui\widgets\sliders\track_slider.py", line 148, in update_time
    self.main.frontend.play_menu.sound.on_track_end()
  File "c:\Users\Yaroslav\Python\Yellow-Wave\core\ui\widgets\menu\main_menu.py", line 306, in on_track_end
    self.play_music(self.current)
  File "c:\Users\Yaroslav\Python\Yellow-Wave\core\ui\widgets\menu\main_menu.py", line 190, in play_music
    self.slider.start_countdown()
  File "c:\Users\Yaroslav\Python\Yellow-Wave\core\ui\widgets\sliders\track_slider.py", line 103, in start_countdown
    self.update_time()
  File "c:\Users\Yaroslav\Python\Yellow-Wave\core\ui\widgets\sliders\track_slider.py", line 148, in update_time
    self.main.frontend.play_menu.sound.on_track_end()
  File "c:\Users\Yaroslav\Python\Yellow-Wave\core\ui\widgets\menu\main_menu.py", line 306, in on_track_end
    self.play_music(self.current)
  File "c:\Users\Yaroslav\Python\Yellow-Wave\core\ui\widgets\menu\main_menu.py", line 190, in play_music
    self.slider.start_countdown()
  File "c:\Users\Yaroslav\Python\Yellow-Wave\core\ui\widgets\sliders\track_slider.py", line 103, in start_countdown
    self.update_time()
  File "c:\Users\Yaroslav\Python\Yellow-Wave\core\ui\widgets\sliders\track_slider.py", line 148, in update_time
    self.main.frontend.play_menu.sound.on_track_end()
  File "c:\Users\Yaroslav\Python\Yellow-Wave\core\ui\widgets\menu\main_menu.py", line 306, in on_track_end
    self.play_music(self.current)
  File "c:\Users\Yaroslav\Python\Yellow-Wave\core\ui\widgets\menu\main_menu.py", line 190, in play_music
    self.slider.start_countdown()
  File "c:\Users\Yaroslav\Python\Yellow-Wave\core\ui\widgets\sliders\track_slider.py", line 103, in start_countdown
    self.update_time()
  File "c:\Users\Yaroslav\Python\Yellow-Wave\core\ui\widgets\sliders\track_slider.py", line 148, in update_time
    self.main.frontend.play_menu.sound.on_track_end()
  File "c:\Users\Yaroslav\Python\Yellow-Wave\core\ui\widgets\menu\main_menu.py", line 306, in on_track_end
    self.play_music(self.current)
  File "c:\Users\Yaroslav\Python\Yellow-Wave\core\ui\widgets\menu\main_menu.py", line 190, in play_music
    self.slider.start_countdown()
  File "c:\Users\Yaroslav\Python\Yellow-Wave\core\ui\widgets\sliders\track_slider.py", line 103, in start_countdown
    self.update_time()
  File "c:\Users\Yaroslav\Python\Yellow-Wave\core\ui\widgets\sliders\track_slider.py", line 148, in update_time
    self.main.frontend.play_menu.sound.on_track_end()
  File "c:\Users\Yaroslav\Python\Yellow-Wave\core\ui\widgets\menu\main_menu.py", line 306, in on_track_end
    self.play_music(self.current)
  File "c:\Users\Yaroslav\Python\Yellow-Wave\core\ui\widgets\menu\main_menu.py", line 190, in play_music
    self.slider.start_countdown()
  File "c:\Users\Yaroslav\Python\Yellow-Wave\core\ui\widgets\sliders\track_slider.py", line 103, in start_countdown
    self.update_time()
  File "c:\Users\Yaroslav\Python\Yellow-Wave\core\ui\widgets\sliders\track_slider.py", line 148, in update_time
    self.main.frontend.play_menu.sound.on_track_end()
  File "c:\Users\Yaroslav\Python\Yellow-Wave\core\ui\widgets\menu\main_menu.py", line 306, in on_track_end
    self.play_music(self.current)
  File "c:\Users\Yaroslav\Python\Yellow-Wave\core\ui\widgets\menu\main_menu.py", line 190, in play_music
    self.slider.start_countdown()
  File "c:\Users\Yaroslav\Python\Yellow-Wave\core\ui\widgets\sliders\track_slider.py", line 103, in start_countdown
    self.update_time()
  File "c:\Users\Yaroslav\Python\Yellow-Wave\core\ui\widgets\sliders\track_slider.py", line 148, in update_time
    self.main.frontend.play_menu.sound.on_track_end()
  File "c:\Users\Yaroslav\Python\Yellow-Wave\core\ui\widgets\menu\main_menu.py", line 306, in on_track_end
    self.play_music(self.current)
  File "c:\Users\Yaroslav\Python\Yellow-Wave\core\ui\widgets\menu\main_menu.py", line 190, in play_music
    self.slider.start_countdown()
  File "c:\Users\Yaroslav\Python\Yellow-Wave\core\ui\widgets\sliders\track_slider.py", line 103, in start_countdown
    self.update_time()
  File "c:\Users\Yaroslav\Python\Yellow-Wave\core\ui\widgets\sliders\track_slider.py", line 148, in update_time
    self.main.frontend.play_menu.sound.on_track_end()
  File "c:\Users\Yaroslav\Python\Yellow-Wave\core\ui\widgets\menu\main_menu.py", line 306, in on_track_end
    self.play_music(self.current)
  File "c:\Users\Yaroslav\Python\Yellow-Wave\core\ui\widgets\menu\main_menu.py", line 190, in play_music
    self.slider.start_countdown()
  File "c:\Users\Yaroslav\Python\Yellow-Wave\core\ui\widgets\sliders\track_slider.py", line 103, in start_countdown
    self.update_time()
  File "c:\Users\Yaroslav\Python\Yellow-Wave\core\ui\widgets\sliders\track_slider.py", line 148, in update_time
    self.main.frontend.play_menu.sound.on_track_end()
  File "c:\Users\Yaroslav\Python\Yellow-Wave\core\ui\widgets\menu\main_menu.py", line 306, in on_track_end
    self.play_music(self.current)
  File "c:\Users\Yaroslav\Python\Yellow-Wave\core\ui\widgets\menu\main_menu.py", line 190, in play_music
    self.slider.start_countdown()
  File "c:\Users\Yaroslav\Python\Yellow-Wave\core\ui\widgets\sliders\track_slider.py", line 103, in start_countdown
    self.update_time()
  File "c:\Users\Yaroslav\Python\Yellow-Wave\core\ui\widgets\sliders\track_slider.py", line 148, in update_time
    self.main.frontend.play_menu.sound.on_track_end()
  File "c:\Users\Yaroslav\Python\Yellow-Wave\core\ui\widgets\menu\main_menu.py", line 306, in on_track_end
    self.play_music(self.current)
  File "c:\Users\Yaroslav\Python\Yellow-Wave\core\ui\widgets\menu\main_menu.py", line 190, in play_music
    self.slider.start_countdown()
  File "c:\Users\Yaroslav\Python\Yellow-Wave\core\ui\widgets\sliders\track_slider.py", line 103, in start_countdown
    self.update_time()
  File "c:\Users\Yaroslav\Python\Yellow-Wave\core\ui\widgets\sliders\track_slider.py", line 148, in update_time
    self.main.frontend.play_menu.sound.on_track_end()
  File "c:\Users\Yaroslav\Python\Yellow-Wave\core\ui\widgets\menu\main_menu.py", line 306, in on_track_end
    self.play_music(self.current)
  File "c:\Users\Yaroslav\Python\Yellow-Wave\core\ui\widgets\menu\main_menu.py", line 190, in play_music
    self.slider.start_countdown()
  File "c:\Users\Yaroslav\Python\Yellow-Wave\core\ui\widgets\sliders\track_slider.py", line 103, in start_countdown
    self.update_time()
  File "c:\Users\Yaroslav\Python\Yellow-Wave\core\ui\widgets\sliders\track_slider.py", line 148, in update_time
    self.main.frontend.play_menu.sound.on_track_end()
  File "c:\Users\Yaroslav\Python\Yellow-Wave\core\ui\widgets\menu\main_menu.py", line 306, in on_track_end
    self.play_music(self.current)
  File "c:\Users\Yaroslav\Python\Yellow-Wave\core\ui\widgets\menu\main_menu.py", line 190, in play_music
    self.slider.start_countdown()
  File "c:\Users\Yaroslav\Python\Yellow-Wave\core\ui\widgets\sliders\track_slider.py", line 103, in start_countdown
    self.update_time()
  File "c:\Users\Yaroslav\Python\Yellow-Wave\core\ui\widgets\sliders\track_slider.py", line 148, in update_time
    self.main.frontend.play_menu.sound.on_track_end()
  File "c:\Users\Yaroslav\Python\Yellow-Wave\core\ui\widgets\menu\main_menu.py", line 306, in on_track_end
    self.play_music(self.current)
  File "c:\Users\Yaroslav\Python\Yellow-Wave\core\ui\widgets\menu\main_menu.py", line 179, in play_music
    pygame.mixer.music.load(str(self.tracks[track]))
RecursionError: maximum recursion depth exceeded
2026-09-28 22:31:49 [CRITICAL] YellowWave: Необработанное исключение
Traceback (most recent call last):
  File "c:\Users\Yaroslav\Python\Yellow-Wave\core\ui\widgets\sliders\track_slider.py", line 148, in update_time
    self.main.frontend.play_menu.sound.on_track_end()
  File "c:\Users\Yaroslav\Python\Yellow-Wave\core\ui\widgets\menu\main_menu.py", line 306, in on_track_end
    self.play_music(self.current)
  File "c:\Users\Yaroslav\Python\Yellow-Wave\core\ui\widgets\menu\main_menu.py", line 190, in play_music
    self.slider.start_countdown()
  File "c:\Users\Yaroslav\Python\Yellow-Wave\core\ui\widgets\sliders\track_slider.py", line 103, in start_countdown
    self.update_time()
  File "c:\Users\Yaroslav\Python\Yellow-Wave\core\ui\widgets\sliders\track_slider.py", line 148, in update_time
    self.main.frontend.play_menu.sound.on_track_end()
  File "c:\Users\Yaroslav\Python\Yellow-Wave\core\ui\widgets\menu\main_menu.py", line 306, in on_track_end
    self.play_music(self.current)
  File "c:\Users\Yaroslav\Python\Yellow-Wave\core\ui\widgets\menu\main_menu.py", line 190, in play_music
    self.slider.start_countdown()
  File "c:\Users\Yaroslav\Python\Yellow-Wave\core\ui\widgets\sliders\track_slider.py", line 103, in start_countdown
    self.update_time()
  File "c:\Users\Yaroslav\Python\Yellow-Wave\core\ui\widgets\sliders\track_slider.py", line 148, in update_time
    self.main.frontend.play_menu.sound.on_track_end()
  File "c:\Users\Yaroslav\Python\Yellow-Wave\core\ui\widgets\menu\main_menu.py", line 306, in on_track_end
    self.play_music(self.current)
  File "c:\Users\Yaroslav\Python\Yellow-Wave\core\ui\widgets\menu\main_menu.py", line 190, in play_music
    self.slider.start_countdown()
  File "c:\Users\Yaroslav\Python\Yellow-Wave\core\ui\widgets\sliders\track_slider.py", line 103, in start_countdown
    self.update_time()
  File "c:\Users\Yaroslav\Python\Yellow-Wave\core\ui\widgets\sliders\track_slider.py", line 148, in update_time
    self.main.frontend.play_menu.sound.on_track_end()
  File "c:\Users\Yaroslav\Python\Yellow-Wave\core\ui\widgets\menu\main_menu.py", line 306, in on_track_end
    self.play_music(self.current)
  File "c:\Users\Yaroslav\Python\Yellow-Wave\core\ui\widgets\menu\main_menu.py", line 190, in play_music
    self.slider.start_countdown()
  File "c:\Users\Yaroslav\Python\Yellow-Wave\core\ui\widgets\sliders\track_slider.py", line 103, in start_countdown
    self.update_time()
  File "c:\Users\Yaroslav\Python\Yellow-Wave\core\ui\widgets\sliders\track_slider.py", line 148, in update_time
    self.main.frontend.play_menu.sound.on_track_end()
  File "c:\Users\Yaroslav\Python\Yellow-Wave\core\ui\widgets\menu\main_menu.py", line 306, in on_track_end
    self.play_music(self.current)
  File "c:\Users\Yaroslav\Python\Yellow-Wave\core\ui\widgets\menu\main_menu.py", line 190, in play_music
    self.slider.start_countdown()
  File "c:\Users\Yaroslav\Python\Yellow-Wave\core\ui\widgets\sliders\track_slider.py", line 103, in start_countdown
    self.update_time()
  File "c:\Users\Yaroslav\Python\Yellow-Wave\core\ui\widgets\sliders\track_slider.py", line 148, in update_time
    self.main.frontend.play_menu.sound.on_track_end()
  File "c:\Users\Yaroslav\Python\Yellow-Wave\core\ui\widgets\menu\main_menu.py", line 306, in on_track_end
    self.play_music(self.current)
  File "c:\Users\Yaroslav\Python\Yellow-Wave\core\ui\widgets\menu\main_menu.py", line 190, in play_music
    self.slider.start_countdown()
  File "c:\Users\Yaroslav\Python\Yellow-Wave\core\ui\widgets\sliders\track_slider.py", line 103, in start_countdown
    self.update_time()
  File "c:\Users\Yaroslav\Python\Yellow-Wave\core\ui\widgets\sliders\track_slider.py", line 148, in update_time
    self.main.frontend.play_menu.sound.on_track_end()
  File "c:\Users\Yaroslav\Python\Yellow-Wave\core\ui\widgets\menu\main_menu.py", line 306, in on_track_end
    self.play_music(self.current)
  File "c:\Users\Yaroslav\Python\Yellow-Wave\core\ui\widgets\menu\main_menu.py", line 190, in play_music
    self.slider.start_countdown()
  File "c:\Users\Yaroslav\Python\Yellow-Wave\core\ui\widgets\sliders\track_slider.py", line 103, in start_countdown
    self.update_time()
  File "c:\Users\Yaroslav\Python\Yellow-Wave\core\ui\widgets\sliders\track_slider.py", line 148, in update_time
    self.main.frontend.play_menu.sound.on_track_end()
  File "c:\Users\Yaroslav\Python\Yellow-Wave\core\ui\widgets\menu\main_menu.py", line 306, in on_track_end
    self.play_music(self.current)
  File "c:\Users\Yaroslav\Python\Yellow-Wave\core\ui\widgets\menu\main_menu.py", line 190, in play_music
    self.slider.start_countdown()
  File "c:\Users\Yaroslav\Python\Yellow-Wave\core\ui\widgets\sliders\track_slider.py", line 103, in start_countdown
    self.update_time()
  File "c:\Users\Yaroslav\Python\Yellow-Wave\core\ui\widgets\sliders\track_slider.py", line 148, in update_time
    self.main.frontend.play_menu.sound.on_track_end()
  File "c:\Users\Yaroslav\Python\Yellow-Wave\core\ui\widgets\menu\main_menu.py", line 306, in on_track_end
    self.play_music(self.current)
  File "c:\Users\Yaroslav\Python\Yellow-Wave\core\ui\widgets\menu\main_menu.py", line 190, in play_music
    self.slider.start_countdown()
  File "c:\Users\Yaroslav\Python\Yellow-Wave\core\ui\widgets\sliders\track_slider.py", line 103, in start_countdown
    self.update_time()
  File "c:\Users\Yaroslav\Python\Yellow-Wave\core\ui\widgets\sliders\track_slider.py", line 148, in update_time
    self.main.frontend.play_menu.sound.on_track_end()
  File "c:\Users\Yaroslav\Python\Yellow-Wave\core\ui\widgets\menu\main_menu.py", line 306, in on_track_end
    self.play_music(self.current)
  File "c:\Users\Yaroslav\Python\Yellow-Wave\core\ui\widgets\menu\main_menu.py", line 190, in play_music
    self.slider.start_countdown()
  File "c:\Users\Yaroslav\Python\Yellow-Wave\core\ui\widgets\sliders\track_slider.py", line 103, in start_countdown
    self.update_time()
  File "c:\Users\Yaroslav\Python\Yellow-Wave\core\ui\widgets\sliders\track_slider.py", line 148, in update_time
    self.main.frontend.play_menu.sound.on_track_end()
  File "c:\Users\Yaroslav\Python\Yellow-Wave\core\ui\widgets\menu\main_menu.py", line 306, in on_track_end
    self.play_music(self.current)
  File "c:\Users\Yaroslav\Python\Yellow-Wave\core\ui\widgets\menu\main_menu.py", line 190, in play_music
    self.slider.start_countdown()
  File "c:\Users\Yaroslav\Python\Yellow-Wave\core\ui\widgets\sliders\track_slider.py", line 103, in start_countdown
    self.update_time()
  File "c:\Users\Yaroslav\Python\Yellow-Wave\core\ui\widgets\sliders\track_slider.py", line 148, in update_time
    self.main.frontend.play_menu.sound.on_track_end()
  File "c:\Users\Yaroslav\Python\Yellow-Wave\core\ui\widgets\menu\main_menu.py", line 306, in on_track_end
    self.play_music(self.current)
  File "c:\Users\Yaroslav\Python\Yellow-Wave\core\ui\widgets\menu\main_menu.py", line 190, in play_music
    self.slider.start_countdown()
  File "c:\Users\Yaroslav\Python\Yellow-Wave\core\ui\widgets\sliders\track_slider.py", line 103, in start_countdown
    self.update_time()
  File "c:\Users\Yaroslav\Python\Yellow-Wave\core\ui\widgets\sliders\track_slider.py", line 148, in update_time
    self.main.frontend.play_menu.sound.on_track_end()
  File "c:\Users\Yaroslav\Python\Yellow-Wave\core\ui\widgets\menu\main_menu.py", line 306, in on_track_end
    self.play_music(self.current)
  File "c:\Users\Yaroslav\Python\Yellow-Wave\core\ui\widgets\menu\main_menu.py", line 190, in play_music
    self.slider.start_countdown()
  File "c:\Users\Yaroslav\Python\Yellow-Wave\core\ui\widgets\sliders\track_slider.py", line 103, in start_countdown
    self.update_time()
  File "c:\Users\Yaroslav\Python\Yellow-Wave\core\ui\widgets\sliders\track_slider.py", line 148, in update_time
    self.main.frontend.play_menu.sound.on_track_end()
  File "c:\Users\Yaroslav\Python\Yellow-Wave\core\ui\widgets\menu\main_menu.py", line 306, in on_track_end
    self.play_music(self.current)
  File "c:\Users\Yaroslav\Python\Yellow-Wave\core\ui\widgets\menu\main_menu.py", line 190, in play_music
    self.slider.start_countdown()
  File "c:\Users\Yaroslav\Python\Yellow-Wave\core\ui\widgets\sliders\track_slider.py", line 103, in start_countdown
    self.update_time()
  File "c:\Users\Yaroslav\Python\Yellow-Wave\core\ui\widgets\sliders\track_slider.py", line 148, in update_time
    self.main.frontend.play_menu.sound.on_track_end()
  File "c:\Users\Yaroslav\Python\Yellow-Wave\core\ui\widgets\menu\main_menu.py", line 306, in on_track_end
    self.play_music(self.current)
  File "c:\Users\Yaroslav\Python\Yellow-Wave\core\ui\widgets\menu\main_menu.py", line 190, in play_music
    self.slider.start_countdown()
  File "c:\Users\Yaroslav\Python\Yellow-Wave\core\ui\widgets\sliders\track_slider.py", line 103, in start_countdown
    self.update_time()
  File "c:\Users\Yaroslav\Python\Yellow-Wave\core\ui\widgets\sliders\track_slider.py", line 148, in update_time
    self.main.frontend.play_menu.sound.on_track_end()
  File "c:\Users\Yaroslav\Python\Yellow-Wave\core\ui\widgets\menu\main_menu.py", line 306, in on_track_end
    self.play_music(self.current)
  File "c:\Users\Yaroslav\Python\Yellow-Wave\core\ui\widgets\menu\main_menu.py", line 190, in play_music
    self.slider.start_countdown()
  File "c:\Users\Yaroslav\Python\Yellow-Wave\core\ui\widgets\sliders\track_slider.py", line 103, in start_countdown
    self.update_time()
  File "c:\Users\Yaroslav\Python\Yellow-Wave\core\ui\widgets\sliders\track_slider.py", line 148, in update_time
    self.main.frontend.play_menu.sound.on_track_end()
  File "c:\Users\Yaroslav\Python\Yellow-Wave\core\ui\widgets\menu\main_menu.py", line 306, in on_track_end
    self.play_music(self.current)
  File "c:\Users\Yaroslav\Python\Yellow-Wave\core\ui\widgets\menu\main_menu.py", line 190, in play_music
    self.slider.start_countdown()
  File "c:\Users\Yaroslav\Python\Yellow-Wave\core\ui\widgets\sliders\track_slider.py", line 103, in start_countdown
    self.update_time()
  File "c:\Users\Yaroslav\Python\Yellow-Wave\core\ui\widgets\sliders\track_slider.py", line 148, in update_time
    self.main.frontend.play_menu.sound.on_track_end()
  File "c:\Users\Yaroslav\Python\Yellow-Wave\core\ui\widgets\menu\main_menu.py", line 306, in on_track_end
    self.play_music(self.current)
  File "c:\Users\Yaroslav\Python\Yellow-Wave\core\ui\widgets\menu\main_menu.py", line 190, in play_music
    self.slider.start_countdown()
  File "c:\Users\Yaroslav\Python\Yellow-Wave\core\ui\widgets\sliders\track_slider.py", line 103, in start_countdown
    self.update_time()
  File "c:\Users\Yaroslav\Python\Yellow-Wave\core\ui\widgets\sliders\track_slider.py", line 148, in update_time
    self.main.frontend.play_menu.sound.on_track_end()
  File "c:\Users\Yaroslav\Python\Yellow-Wave\core\ui\widgets\menu\main_menu.py", line 306, in on_track_end
    self.play_music(self.current)
  File "c:\Users\Yaroslav\Python\Yellow-Wave\core\ui\widgets\menu\main_menu.py", line 190, in play_music
    self.slider.start_countdown()
  File "c:\Users\Yaroslav\Python\Yellow-Wave\core\ui\widgets\sliders\track_slider.py", line 103, in start_countdown
    self.update_time()
  File "c:\Users\Yaroslav\Python\Yellow-Wave\core\ui\widgets\sliders\track_slider.py", line 148, in update_time
    self.main.frontend.play_menu.sound.on_track_end()
  File "c:\Users\Yaroslav\Python\Yellow-Wave\core\ui\widgets\menu\main_menu.py", line 306, in on_track_end
    self.play_music(self.current)
  File "c:\Users\Yaroslav\Python\Yellow-Wave\core\ui\widgets\menu\main_menu.py", line 190, in play_music
    self.slider.start_countdown()
  File "c:\Users\Yaroslav\Python\Yellow-Wave\core\ui\widgets\sliders\track_slider.py", line 103, in start_countdown
    self.update_time()
  File "c:\Users\Yaroslav\Python\Yellow-Wave\core\ui\widgets\sliders\track_slider.py", line 148, in update_time
    self.main.frontend.play_menu.sound.on_track_end()
  File "c:\Users\Yaroslav\Python\Yellow-Wave\core\ui\widgets\menu\main_menu.py", line 306, in on_track_end
    self.play_music(self.current)
  File "c:\Users\Yaroslav\Python\Yellow-Wave\core\ui\widgets\menu\main_menu.py", line 190, in play_music
    self.slider.start_countdown()
  File "c:\Users\Yaroslav\Python\Yellow-Wave\core\ui\widgets\sliders\track_slider.py", line 103, in start_countdown
    self.update_time()
  File "c:\Users\Yaroslav\Python\Yellow-Wave\core\ui\widgets\sliders\track_slider.py", line 148, in update_time
    self.main.frontend.play_menu.sound.on_track_end()
  File "c:\Users\Yaroslav\Python\Yellow-Wave\core\ui\widgets\menu\main_menu.py", line 306, in on_track_end
    self.play_music(self.current)
  File "c:\Users\Yaroslav\Python\Yellow-Wave\core\ui\widgets\menu\main_menu.py", line 190, in play_music
    self.slider.start_countdown()
  File "c:\Users\Yaroslav\Python\Yellow-Wave\core\ui\widgets\sliders\track_slider.py", line 103, in start_countdown
    self.update_time()
  File "c:\Users\Yaroslav\Python\Yellow-Wave\core\ui\widgets\sliders\track_slider.py", line 148, in update_time
    self.main.frontend.play_menu.sound.on_track_end()
  File "c:\Users\Yaroslav\Python\Yellow-Wave\core\ui\widgets\menu\main_menu.py", line 306, in on_track_end
    self.play_music(self.current)
  File "c:\Users\Yaroslav\Python\Yellow-Wave\core\ui\widgets\menu\main_menu.py", line 190, in play_music
    self.slider.start_countdown()
  File "c:\Users\Yaroslav\Python\Yellow-Wave\core\ui\widgets\sliders\track_slider.py", line 103, in start_countdown
    self.update_time()
  File "c:\Users\Yaroslav\Python\Yellow-Wave\core\ui\widgets\sliders\track_slider.py", line 148, in update_time
    self.main.frontend.play_menu.sound.on_track_end()
  File "c:\Users\Yaroslav\Python\Yellow-Wave\core\ui\widgets\menu\main_menu.py", line 306, in on_track_end
    self.play_music(self.current)
  File "c:\Users\Yaroslav\Python\Yellow-Wave\core\ui\widgets\menu\main_menu.py", line 190, in play_music
    self.slider.start_countdown()
  File "c:\Users\Yaroslav\Python\Yellow-Wave\core\ui\widgets\sliders\track_slider.py", line 103, in start_countdown
    self.update_time()
  File "c:\Users\Yaroslav\Python\Yellow-Wave\core\ui\widgets\sliders\track_slider.py", line 148, in update_time
    self.main.frontend.play_menu.sound.on_track_end()
  File "c:\Users\Yaroslav\Python\Yellow-Wave\core\ui\widgets\menu\main_menu.py", line 306, in on_track_end
    self.play_music(self.current)
  File "c:\Users\Yaroslav\Python\Yellow-Wave\core\ui\widgets\menu\main_menu.py", line 190, in play_music
    self.slider.start_countdown()
  File "c:\Users\Yaroslav\Python\Yellow-Wave\core\ui\widgets\sliders\track_slider.py", line 103, in start_countdown
    self.update_time()
  File "c:\Users\Yaroslav\Python\Yellow-Wave\core\ui\widgets\sliders\track_slider.py", line 148, in update_time
    self.main.frontend.play_menu.sound.on_track_end()
  File "c:\Users\Yaroslav\Python\Yellow-Wave\core\ui\widgets\menu\main_menu.py", line 306, in on_track_end
    self.play_music(self.current)
  File "c:\Users\Yaroslav\Python\Yellow-Wave\core\ui\widgets\menu\main_menu.py", line 190, in play_music
    self.slider.start_countdown()
  File "c:\Users\Yaroslav\Python\Yellow-Wave\core\ui\widgets\sliders\track_slider.py", line 103, in start_countdown
    self.update_time()
  File "c:\Users\Yaroslav\Python\Yellow-Wave\core\ui\widgets\sliders\track_slider.py", line 148, in update_time
    self.main.frontend.play_menu.sound.on_track_end()
  File "c:\Users\Yaroslav\Python\Yellow-Wave\core\ui\widgets\menu\main_menu.py", line 306, in on_track_end
    self.play_music(self.current)
  File "c:\Users\Yaroslav\Python\Yellow-Wave\core\ui\widgets\menu\main_menu.py", line 190, in play_music
    self.slider.start_countdown()
  File "c:\Users\Yaroslav\Python\Yellow-Wave\core\ui\widgets\sliders\track_slider.py", line 103, in start_countdown
    self.update_time()
  File "c:\Users\Yaroslav\Python\Yellow-Wave\core\ui\widgets\sliders\track_slider.py", line 148, in update_time
    self.main.frontend.play_menu.sound.on_track_end()
  File "c:\Users\Yaroslav\Python\Yellow-Wave\core\ui\widgets\menu\main_menu.py", line 306, in on_track_end
    self.play_music(self.current)
  File "c:\Users\Yaroslav\Python\Yellow-Wave\core\ui\widgets\menu\main_menu.py", line 190, in play_music
    self.slider.start_countdown()
  File "c:\Users\Yaroslav\Python\Yellow-Wave\core\ui\widgets\sliders\track_slider.py", line 103, in start_countdown
    self.update_time()
  File "c:\Users\Yaroslav\Python\Yellow-Wave\core\ui\widgets\sliders\track_slider.py", line 148, in update_time
    self.main.frontend.play_menu.sound.on_track_end()
  File "c:\Users\Yaroslav\Python\Yellow-Wave\core\ui\widgets\menu\main_menu.py", line 306, in on_track_end
    self.play_music(self.current)
  File "c:\Users\Yaroslav\Python\Yellow-Wave\core\ui\widgets\menu\main_menu.py", line 190, in play_music
    self.slider.start_countdown()
  File "c:\Users\Yaroslav\Python\Yellow-Wave\core\ui\widgets\sliders\track_slider.py", line 103, in start_countdown
    self.update_time()
  File "c:\Users\Yaroslav\Python\Yellow-Wave\core\ui\widgets\sliders\track_slider.py", line 148, in update_time
    self.main.frontend.play_menu.sound.on_track_end()
  File "c:\Users\Yaroslav\Python\Yellow-Wave\core\ui\widgets\menu\main_menu.py", line 306, in on_track_end
    self.play_music(self.current)
  File "c:\Users\Yaroslav\Python\Yellow-Wave\core\ui\widgets\menu\main_menu.py", line 190, in play_music
    self.slider.start_countdown()
  File "c:\Users\Yaroslav\Python\Yellow-Wave\core\ui\widgets\sliders\track_slider.py", line 103, in start_countdown
    self.update_time()
  File "c:\Users\Yaroslav\Python\Yellow-Wave\core\ui\widgets\sliders\track_slider.py", line 148, in update_time
    self.main.frontend.play_menu.sound.on_track_end()
  File "c:\Users\Yaroslav\Python\Yellow-Wave\core\ui\widgets\menu\main_menu.py", line 306, in on_track_end
    self.play_music(self.current)
  File "c:\Users\Yaroslav\Python\Yellow-Wave\core\ui\widgets\menu\main_menu.py", line 190, in play_music
    self.slider.start_countdown()
  File "c:\Users\Yaroslav\Python\Yellow-Wave\core\ui\widgets\sliders\track_slider.py", line 103, in start_countdown
    self.update_time()
  File "c:\Users\Yaroslav\Python\Yellow-Wave\core\ui\widgets\sliders\track_slider.py", line 148, in update_time
    self.main.frontend.play_menu.sound.on_track_end()
  File "c:\Users\Yaroslav\Python\Yellow-Wave\core\ui\widgets\menu\main_menu.py", line 306, in on_track_end
    self.play_music(self.current)
  File "c:\Users\Yaroslav\Python\Yellow-Wave\core\ui\widgets\menu\main_menu.py", line 190, in play_music
    self.slider.start_countdown()
  File "c:\Users\Yaroslav\Python\Yellow-Wave\core\ui\widgets\sliders\track_slider.py", line 103, in start_countdown
    self.update_time()
  File "c:\Users\Yaroslav\Python\Yellow-Wave\core\ui\widgets\sliders\track_slider.py", line 148, in update_time
    self.main.frontend.play_menu.sound.on_track_end()
  File "c:\Users\Yaroslav\Python\Yellow-Wave\core\ui\widgets\menu\main_menu.py", line 306, in on_track_end
    self.play_music(self.current)
  File "c:\Users\Yaroslav\Python\Yellow-Wave\core\ui\widgets\menu\main_menu.py", line 190, in play_music
    self.slider.start_countdown()
  File "c:\Users\Yaroslav\Python\Yellow-Wave\core\ui\widgets\sliders\track_slider.py", line 103, in start_countdown
    self.update_time()
  File "c:\Users\Yaroslav\Python\Yellow-Wave\core\ui\widgets\sliders\track_slider.py", line 148, in update_time
    self.main.frontend.play_menu.sound.on_track_end()
  File "c:\Users\Yaroslav\Python\Yellow-Wave\core\ui\widgets\menu\main_menu.py", line 306, in on_track_end
    self.play_music(self.current)
  File "c:\Users\Yaroslav\Python\Yellow-Wave\core\ui\widgets\menu\main_menu.py", line 190, in play_music
    self.slider.start_countdown()
  File "c:\Users\Yaroslav\Python\Yellow-Wave\core\ui\widgets\sliders\track_slider.py", line 103, in start_countdown
    self.update_time()
  File "c:\Users\Yaroslav\Python\Yellow-Wave\core\ui\widgets\sliders\track_slider.py", line 148, in update_time
    self.main.frontend.play_menu.sound.on_track_end()
  File "c:\Users\Yaroslav\Python\Yellow-Wave\core\ui\widgets\menu\main_menu.py", line 306, in on_track_end
    self.play_music(self.current)
  File "c:\Users\Yaroslav\Python\Yellow-Wave\core\ui\widgets\menu\main_menu.py", line 190, in play_music
    self.slider.start_countdown()
  File "c:\Users\Yaroslav\Python\Yellow-Wave\core\ui\widgets\sliders\track_slider.py", line 103, in start_countdown
    self.update_time()
  File "c:\Users\Yaroslav\Python\Yellow-Wave\core\ui\widgets\sliders\track_slider.py", line 148, in update_time
    self.main.frontend.play_menu.sound.on_track_end()
  File "c:\Users\Yaroslav\Python\Yellow-Wave\core\ui\widgets\menu\main_menu.py", line 306, in on_track_end
    self.play_music(self.current)
  File "c:\Users\Yaroslav\Python\Yellow-Wave\core\ui\widgets\menu\main_menu.py", line 190, in play_music
    self.slider.start_countdown()
  File "c:\Users\Yaroslav\Python\Yellow-Wave\core\ui\widgets\sliders\track_slider.py", line 103, in start_countdown
    self.update_time()
  File "c:\Users\Yaroslav\Python\Yellow-Wave\core\ui\widgets\sliders\track_slider.py", line 148, in update_time
    self.main.frontend.play_menu.sound.on_track_end()
  File "c:\Users\Yaroslav\Python\Yellow-Wave\core\ui\widgets\menu\main_menu.py", line 306, in on_track_end
    self.play_music(self.current)
  File "c:\Users\Yaroslav\Python\Yellow-Wave\core\ui\widgets\menu\main_menu.py", line 190, in play_music
    self.slider.start_countdown()
  File "c:\Users\Yaroslav\Python\Yellow-Wave\core\ui\widgets\sliders\track_slider.py", line 103, in start_countdown
    self.update_time()
  File "c:\Users\Yaroslav\Python\Yellow-Wave\core\ui\widgets\sliders\track_slider.py", line 148, in update_time
    self.main.frontend.play_menu.sound.on_track_end()
  File "c:\Users\Yaroslav\Python\Yellow-Wave\core\ui\widgets\menu\main_menu.py", line 306, in on_track_end
    self.play_music(self.current)
  File "c:\Users\Yaroslav\Python\Yellow-Wave\core\ui\widgets\menu\main_menu.py", line 190, in play_music
    self.slider.start_countdown()
  File "c:\Users\Yaroslav\Python\Yellow-Wave\core\ui\widgets\sliders\track_slider.py", line 103, in start_countdown
    self.update_time()
  File "c:\Users\Yaroslav\Python\Yellow-Wave\core\ui\widgets\sliders\track_slider.py", line 148, in update_time
    self.main.frontend.play_menu.sound.on_track_end()
  File "c:\Users\Yaroslav\Python\Yellow-Wave\core\ui\widgets\menu\main_menu.py", line 306, in on_track_end
    self.play_music(self.current)
  File "c:\Users\Yaroslav\Python\Yellow-Wave\core\ui\widgets\menu\main_menu.py", line 190, in play_music
    self.slider.start_countdown()
  File "c:\Users\Yaroslav\Python\Yellow-Wave\core\ui\widgets\sliders\track_slider.py", line 103, in start_countdown
    self.update_time()
  File "c:\Users\Yaroslav\Python\Yellow-Wave\core\ui\widgets\sliders\track_slider.py", line 148, in update_time
    self.main.frontend.play_menu.sound.on_track_end()
  File "c:\Users\Yaroslav\Python\Yellow-Wave\core\ui\widgets\menu\main_menu.py", line 306, in on_track_end
    self.play_music(self.current)
  File "c:\Users\Yaroslav\Python\Yellow-Wave\core\ui\widgets\menu\main_menu.py", line 190, in play_music
    self.slider.start_countdown()
  File "c:\Users\Yaroslav\Python\Yellow-Wave\core\ui\widgets\sliders\track_slider.py", line 103, in start_countdown
    self.update_time()
  File "c:\Users\Yaroslav\Python\Yellow-Wave\core\ui\widgets\sliders\track_slider.py", line 148, in update_time
    self.main.frontend.play_menu.sound.on_track_end()
  File "c:\Users\Yaroslav\Python\Yellow-Wave\core\ui\widgets\menu\main_menu.py", line 306, in on_track_end
    self.play_music(self.current)
  File "c:\Users\Yaroslav\Python\Yellow-Wave\core\ui\widgets\menu\main_menu.py", line 190, in play_music
    self.slider.start_countdown()
  File "c:\Users\Yaroslav\Python\Yellow-Wave\core\ui\widgets\sliders\track_slider.py", line 103, in start_countdown
    self.update_time()
  File "c:\Users\Yaroslav\Python\Yellow-Wave\core\ui\widgets\sliders\track_slider.py", line 148, in update_time
    self.main.frontend.play_menu.sound.on_track_end()
  File "c:\Users\Yaroslav\Python\Yellow-Wave\core\ui\widgets\menu\main_menu.py", line 306, in on_track_end
    self.play_music(self.current)
  File "c:\Users\Yaroslav\Python\Yellow-Wave\core\ui\widgets\menu\main_menu.py", line 190, in play_music
    self.slider.start_countdown()
  File "c:\Users\Yaroslav\Python\Yellow-Wave\core\ui\widgets\sliders\track_slider.py", line 103, in start_countdown
    self.update_time()
  File "c:\Users\Yaroslav\Python\Yellow-Wave\core\ui\widgets\sliders\track_slider.py", line 148, in update_time
    self.main.frontend.play_menu.sound.on_track_end()
  File "c:\Users\Yaroslav\Python\Yellow-Wave\core\ui\widgets\menu\main_menu.py", line 306, in on_track_end
    self.play_music(self.current)
  File "c:\Users\Yaroslav\Python\Yellow-Wave\core\ui\widgets\menu\main_menu.py", line 190, in play_music
    self.slider.start_countdown()
  File "c:\Users\Yaroslav\Python\Yellow-Wave\core\ui\widgets\sliders\track_slider.py", line 103, in start_countdown
    self.update_time()
  File "c:\Users\Yaroslav\Python\Yellow-Wave\core\ui\widgets\sliders\track_slider.py", line 148, in update_time
    self.main.frontend.play_menu.sound.on_track_end()
  File "c:\Users\Yaroslav\Python\Yellow-Wave\core\ui\widgets\menu\main_menu.py", line 306, in on_track_end
    self.play_music(self.current)
  File "c:\Users\Yaroslav\Python\Yellow-Wave\core\ui\widgets\menu\main_menu.py", line 190, in play_music
    self.slider.start_countdown()
  File "c:\Users\Yaroslav\Python\Yellow-Wave\core\ui\widgets\sliders\track_slider.py", line 103, in start_countdown
    self.update_time()
  File "c:\Users\Yaroslav\Python\Yellow-Wave\core\ui\widgets\sliders\track_slider.py", line 148, in update_time
    self.main.frontend.play_menu.sound.on_track_end()
  File "c:\Users\Yaroslav\Python\Yellow-Wave\core\ui\widgets\menu\main_menu.py", line 306, in on_track_end
    self.play_music(self.current)
  File "c:\Users\Yaroslav\Python\Yellow-Wave\core\ui\widgets\menu\main_menu.py", line 190, in play_music
    self.slider.start_countdown()
  File "c:\Users\Yaroslav\Python\Yellow-Wave\core\ui\widgets\sliders\track_slider.py", line 103, in start_countdown
    self.update_time()
  File "c:\Users\Yaroslav\Python\Yellow-Wave\core\ui\widgets\sliders\track_slider.py", line 148, in update_time
    self.main.frontend.play_menu.sound.on_track_end()
  File "c:\Users\Yaroslav\Python\Yellow-Wave\core\ui\widgets\menu\main_menu.py", line 306, in on_track_end
    self.play_music(self.current)
  File "c:\Users\Yaroslav\Python\Yellow-Wave\core\ui\widgets\menu\main_menu.py", line 190, in play_music
    self.slider.start_countdown()
  File "c:\Users\Yaroslav\Python\Yellow-Wave\core\ui\widgets\sliders\track_slider.py", line 103, in start_countdown
    self.update_time()
  File "c:\Users\Yaroslav\Python\Yellow-Wave\core\ui\widgets\sliders\track_slider.py", line 148, in update_time
    self.main.frontend.play_menu.sound.on_track_end()
  File "c:\Users\Yaroslav\Python\Yellow-Wave\core\ui\widgets\menu\main_menu.py", line 306, in on_track_end
    self.play_music(self.current)
  File "c:\Users\Yaroslav\Python\Yellow-Wave\core\ui\widgets\menu\main_menu.py", line 190, in play_music
    self.slider.start_countdown()
  File "c:\Users\Yaroslav\Python\Yellow-Wave\core\ui\widgets\sliders\track_slider.py", line 103, in start_countdown
    self.update_time()
  File "c:\Users\Yaroslav\Python\Yellow-Wave\core\ui\widgets\sliders\track_slider.py", line 148, in update_time
    self.main.frontend.play_menu.sound.on_track_end()
  File "c:\Users\Yaroslav\Python\Yellow-Wave\core\ui\widgets\menu\main_menu.py", line 306, in on_track_end
    self.play_music(self.current)
  File "c:\Users\Yaroslav\Python\Yellow-Wave\core\ui\widgets\menu\main_menu.py", line 190, in play_music
    self.slider.start_countdown()
  File "c:\Users\Yaroslav\Python\Yellow-Wave\core\ui\widgets\sliders\track_slider.py", line 103, in start_countdown
    self.update_time()
  File "c:\Users\Yaroslav\Python\Yellow-Wave\core\ui\widgets\sliders\track_slider.py", line 148, in update_time
    self.main.frontend.play_menu.sound.on_track_end()
  File "c:\Users\Yaroslav\Python\Yellow-Wave\core\ui\widgets\menu\main_menu.py", line 306, in on_track_end
    self.play_music(self.current)
  File "c:\Users\Yaroslav\Python\Yellow-Wave\core\ui\widgets\menu\main_menu.py", line 190, in play_music
    self.slider.start_countdown()
  File "c:\Users\Yaroslav\Python\Yellow-Wave\core\ui\widgets\sliders\track_slider.py", line 103, in start_countdown
    self.update_time()
  File "c:\Users\Yaroslav\Python\Yellow-Wave\core\ui\widgets\sliders\track_slider.py", line 148, in update_time
    self.main.frontend.play_menu.sound.on_track_end()
  File "c:\Users\Yaroslav\Python\Yellow-Wave\core\ui\widgets\menu\main_menu.py", line 306, in on_track_end
    self.play_music(self.current)
  File "c:\Users\Yaroslav\Python\Yellow-Wave\core\ui\widgets\menu\main_menu.py", line 190, in play_music
    self.slider.start_countdown()
  File "c:\Users\Yaroslav\Python\Yellow-Wave\core\ui\widgets\sliders\track_slider.py", line 103, in start_countdown
    self.update_time()
  File "c:\Users\Yaroslav\Python\Yellow-Wave\core\ui\widgets\sliders\track_slider.py", line 148, in update_time
    self.main.frontend.play_menu.sound.on_track_end()
  File "c:\Users\Yaroslav\Python\Yellow-Wave\core\ui\widgets\menu\main_menu.py", line 306, in on_track_end
    self.play_music(self.current)
  File "c:\Users\Yaroslav\Python\Yellow-Wave\core\ui\widgets\menu\main_menu.py", line 190, in play_music
    self.slider.start_countdown()
  File "c:\Users\Yaroslav\Python\Yellow-Wave\core\ui\widgets\sliders\track_slider.py", line 103, in start_countdown
    self.update_time()
  File "c:\Users\Yaroslav\Python\Yellow-Wave\core\ui\widgets\sliders\track_slider.py", line 148, in update_time
    self.main.frontend.play_menu.sound.on_track_end()
  File "c:\Users\Yaroslav\Python\Yellow-Wave\core\ui\widgets\menu\main_menu.py", line 306, in on_track_end
    self.play_music(self.current)
  File "c:\Users\Yaroslav\Python\Yellow-Wave\core\ui\widgets\menu\main_menu.py", line 190, in play_music
    self.slider.start_countdown()
  File "c:\Users\Yaroslav\Python\Yellow-Wave\core\ui\widgets\sliders\track_slider.py", line 103, in start_countdown
    self.update_time()
  File "c:\Users\Yaroslav\Python\Yellow-Wave\core\ui\widgets\sliders\track_slider.py", line 148, in update_time
    self.main.frontend.play_menu.sound.on_track_end()
  File "c:\Users\Yaroslav\Python\Yellow-Wave\core\ui\widgets\menu\main_menu.py", line 306, in on_track_end
    self.play_music(self.current)
  File "c:\Users\Yaroslav\Python\Yellow-Wave\core\ui\widgets\menu\main_menu.py", line 190, in play_music
    self.slider.start_countdown()
  File "c:\Users\Yaroslav\Python\Yellow-Wave\core\ui\widgets\sliders\track_slider.py", line 103, in start_countdown
    self.update_time()
  File "c:\Users\Yaroslav\Python\Yellow-Wave\core\ui\widgets\sliders\track_slider.py", line 148, in update_time
    self.main.frontend.play_menu.sound.on_track_end()
  File "c:\Users\Yaroslav\Python\Yellow-Wave\core\ui\widgets\menu\main_menu.py", line 306, in on_track_end
    self.play_music(self.current)
  File "c:\Users\Yaroslav\Python\Yellow-Wave\core\ui\widgets\menu\main_menu.py", line 190, in play_music
    self.slider.start_countdown()
  File "c:\Users\Yaroslav\Python\Yellow-Wave\core\ui\widgets\sliders\track_slider.py", line 103, in start_countdown
    self.update_time()
  File "c:\Users\Yaroslav\Python\Yellow-Wave\core\ui\widgets\sliders\track_slider.py", line 148, in update_time
    self.main.frontend.play_menu.sound.on_track_end()
  File "c:\Users\Yaroslav\Python\Yellow-Wave\core\ui\widgets\menu\main_menu.py", line 306, in on_track_end
    self.play_music(self.current)
  File "c:\Users\Yaroslav\Python\Yellow-Wave\core\ui\widgets\menu\main_menu.py", line 190, in play_music
    self.slider.start_countdown()
  File "c:\Users\Yaroslav\Python\Yellow-Wave\core\ui\widgets\sliders\track_slider.py", line 103, in start_countdown
    self.update_time()
  File "c:\Users\Yaroslav\Python\Yellow-Wave\core\ui\widgets\sliders\track_slider.py", line 148, in update_time
    self.main.frontend.play_menu.sound.on_track_end()
  File "c:\Users\Yaroslav\Python\Yellow-Wave\core\ui\widgets\menu\main_menu.py", line 306, in on_track_end
    self.play_music(self.current)
  File "c:\Users\Yaroslav\Python\Yellow-Wave\core\ui\widgets\menu\main_menu.py", line 190, in play_music
    self.slider.start_countdown()
  File "c:\Users\Yaroslav\Python\Yellow-Wave\core\ui\widgets\sliders\track_slider.py", line 103, in start_countdown
    self.update_time()
  File "c:\Users\Yaroslav\Python\Yellow-Wave\core\ui\widgets\sliders\track_slider.py", line 148, in update_time
    self.main.frontend.play_menu.sound.on_track_end()
  File "c:\Users\Yaroslav\Python\Yellow-Wave\core\ui\widgets\menu\main_menu.py", line 306, in on_track_end
    self.play_music(self.current)
  File "c:\Users\Yaroslav\Python\Yellow-Wave\core\ui\widgets\menu\main_menu.py", line 190, in play_music
    self.slider.start_countdown()
  File "c:\Users\Yaroslav\Python\Yellow-Wave\core\ui\widgets\sliders\track_slider.py", line 103, in start_countdown
    self.update_time()
  File "c:\Users\Yaroslav\Python\Yellow-Wave\core\ui\widgets\sliders\track_slider.py", line 148, in update_time
    self.main.frontend.play_menu.sound.on_track_end()
  File "c:\Users\Yaroslav\Python\Yellow-Wave\core\ui\widgets\menu\main_menu.py", line 306, in on_track_end
    self.play_music(self.current)
  File "c:\Users\Yaroslav\Python\Yellow-Wave\core\ui\widgets\menu\main_menu.py", line 190, in play_music
    self.slider.start_countdown()
  File "c:\Users\Yaroslav\Python\Yellow-Wave\core\ui\widgets\sliders\track_slider.py", line 103, in start_countdown
    self.update_time()
  File "c:\Users\Yaroslav\Python\Yellow-Wave\core\ui\widgets\sliders\track_slider.py", line 148, in update_time
    self.main.frontend.play_menu.sound.on_track_end()
  File "c:\Users\Yaroslav\Python\Yellow-Wave\core\ui\widgets\menu\main_menu.py", line 306, in on_track_end
    self.play_music(self.current)
  File "c:\Users\Yaroslav\Python\Yellow-Wave\core\ui\widgets\menu\main_menu.py", line 190, in play_music
    self.slider.start_countdown()
  File "c:\Users\Yaroslav\Python\Yellow-Wave\core\ui\widgets\sliders\track_slider.py", line 103, in start_countdown
    self.update_time()
  File "c:\Users\Yaroslav\Python\Yellow-Wave\core\ui\widgets\sliders\track_slider.py", line 148, in update_time
    self.main.frontend.play_menu.sound.on_track_end()
  File "c:\Users\Yaroslav\Python\Yellow-Wave\core\ui\widgets\menu\main_menu.py", line 306, in on_track_end
    self.play_music(self.current)
  File "c:\Users\Yaroslav\Python\Yellow-Wave\core\ui\widgets\menu\main_menu.py", line 190, in play_music
    self.slider.start_countdown()
  File "c:\Users\Yaroslav\Python\Yellow-Wave\core\ui\widgets\sliders\track_slider.py", line 103, in start_countdown
    self.update_time()
  File "c:\Users\Yaroslav\Python\Yellow-Wave\core\ui\widgets\sliders\track_slider.py", line 148, in update_time
    self.main.frontend.play_menu.sound.on_track_end()
  File "c:\Users\Yaroslav\Python\Yellow-Wave\core\ui\widgets\menu\main_menu.py", line 306, in on_track_end
    self.play_music(self.current)
  File "c:\Users\Yaroslav\Python\Yellow-Wave\core\ui\widgets\menu\main_menu.py", line 190, in play_music
    self.slider.start_countdown()
  File "c:\Users\Yaroslav\Python\Yellow-Wave\core\ui\widgets\sliders\track_slider.py", line 103, in start_countdown
    self.update_time()
  File "c:\Users\Yaroslav\Python\Yellow-Wave\core\ui\widgets\sliders\track_slider.py", line 148, in update_time
    self.main.frontend.play_menu.sound.on_track_end()
  File "c:\Users\Yaroslav\Python\Yellow-Wave\core\ui\widgets\menu\main_menu.py", line 306, in on_track_end
    self.play_music(self.current)
  File "c:\Users\Yaroslav\Python\Yellow-Wave\core\ui\widgets\menu\main_menu.py", line 190, in play_music
    self.slider.start_countdown()
  File "c:\Users\Yaroslav\Python\Yellow-Wave\core\ui\widgets\sliders\track_slider.py", line 103, in start_countdown
    self.update_time()
  File "c:\Users\Yaroslav\Python\Yellow-Wave\core\ui\widgets\sliders\track_slider.py", line 148, in update_time
    self.main.frontend.play_menu.sound.on_track_end()
  File "c:\Users\Yaroslav\Python\Yellow-Wave\core\ui\widgets\menu\main_menu.py", line 306, in on_track_end
    self.play_music(self.current)
  File "c:\Users\Yaroslav\Python\Yellow-Wave\core\ui\widgets\menu\main_menu.py", line 190, in play_music
    self.slider.start_countdown()
  File "c:\Users\Yaroslav\Python\Yellow-Wave\core\ui\widgets\sliders\track_slider.py", line 103, in start_countdown
    self.update_time()
  File "c:\Users\Yaroslav\Python\Yellow-Wave\core\ui\widgets\sliders\track_slider.py", line 148, in update_time
    self.main.frontend.play_menu.sound.on_track_end()
  File "c:\Users\Yaroslav\Python\Yellow-Wave\core\ui\widgets\menu\main_menu.py", line 306, in on_track_end
    self.play_music(self.current)
  File "c:\Users\Yaroslav\Python\Yellow-Wave\core\ui\widgets\menu\main_menu.py", line 190, in play_music
    self.slider.start_countdown()
  File "c:\Users\Yaroslav\Python\Yellow-Wave\core\ui\widgets\sliders\track_slider.py", line 103, in start_countdown
    self.update_time()
  File "c:\Users\Yaroslav\Python\Yellow-Wave\core\ui\widgets\sliders\track_slider.py", line 148, in update_time
    self.main.frontend.play_menu.sound.on_track_end()
  File "c:\Users\Yaroslav\Python\Yellow-Wave\core\ui\widgets\menu\main_menu.py", line 306, in on_track_end
    self.play_music(self.current)
  File "c:\Users\Yaroslav\Python\Yellow-Wave\core\ui\widgets\menu\main_menu.py", line 190, in play_music
    self.slider.start_countdown()
  File "c:\Users\Yaroslav\Python\Yellow-Wave\core\ui\widgets\sliders\track_slider.py", line 103, in start_countdown
    self.update_time()
  File "c:\Users\Yaroslav\Python\Yellow-Wave\core\ui\widgets\sliders\track_slider.py", line 148, in update_time
    self.main.frontend.play_menu.sound.on_track_end()
  File "c:\Users\Yaroslav\Python\Yellow-Wave\core\ui\widgets\menu\main_menu.py", line 306, in on_track_end
    self.play_music(self.current)
  File "c:\Users\Yaroslav\Python\Yellow-Wave\core\ui\widgets\menu\main_menu.py", line 190, in play_music
    self.slider.start_countdown()
  File "c:\Users\Yaroslav\Python\Yellow-Wave\core\ui\widgets\sliders\track_slider.py", line 103, in start_countdown
    self.update_time()
  File "c:\Users\Yaroslav\Python\Yellow-Wave\core\ui\widgets\sliders\track_slider.py", line 148, in update_time
    self.main.frontend.play_menu.sound.on_track_end()
  File "c:\Users\Yaroslav\Python\Yellow-Wave\core\ui\widgets\menu\main_menu.py", line 306, in on_track_end
    self.play_music(self.current)
  File "c:\Users\Yaroslav\Python\Yellow-Wave\core\ui\widgets\menu\main_menu.py", line 190, in play_music
    self.slider.start_countdown()
  File "c:\Users\Yaroslav\Python\Yellow-Wave\core\ui\widgets\sliders\track_slider.py", line 103, in start_countdown
    self.update_time()
  File "c:\Users\Yaroslav\Python\Yellow-Wave\core\ui\widgets\sliders\track_slider.py", line 148, in update_time
    self.main.frontend.play_menu.sound.on_track_end()
  File "c:\Users\Yaroslav\Python\Yellow-Wave\core\ui\widgets\menu\main_menu.py", line 306, in on_track_end
    self.play_music(self.current)
  File "c:\Users\Yaroslav\Python\Yellow-Wave\core\ui\widgets\menu\main_menu.py", line 190, in play_music
    self.slider.start_countdown()
  File "c:\Users\Yaroslav\Python\Yellow-Wave\core\ui\widgets\sliders\track_slider.py", line 103, in start_countdown
    self.update_time()
  File "c:\Users\Yaroslav\Python\Yellow-Wave\core\ui\widgets\sliders\track_slider.py", line 148, in update_time
    self.main.frontend.play_menu.sound.on_track_end()
  File "c:\Users\Yaroslav\Python\Yellow-Wave\core\ui\widgets\menu\main_menu.py", line 306, in on_track_end
    self.play_music(self.current)
  File "c:\Users\Yaroslav\Python\Yellow-Wave\core\ui\widgets\menu\main_menu.py", line 190, in play_music
    self.slider.start_countdown()
  File "c:\Users\Yaroslav\Python\Yellow-Wave\core\ui\widgets\sliders\track_slider.py", line 103, in start_countdown
    self.update_time()
  File "c:\Users\Yaroslav\Python\Yellow-Wave\core\ui\widgets\sliders\track_slider.py", line 148, in update_time
    self.main.frontend.play_menu.sound.on_track_end()
  File "c:\Users\Yaroslav\Python\Yellow-Wave\core\ui\widgets\menu\main_menu.py", line 306, in on_track_end
    self.play_music(self.current)
  File "c:\Users\Yaroslav\Python\Yellow-Wave\core\ui\widgets\menu\main_menu.py", line 190, in play_music
    self.slider.start_countdown()
  File "c:\Users\Yaroslav\Python\Yellow-Wave\core\ui\widgets\sliders\track_slider.py", line 103, in start_countdown
    self.update_time()
  File "c:\Users\Yaroslav\Python\Yellow-Wave\core\ui\widgets\sliders\track_slider.py", line 148, in update_time
    self.main.frontend.play_menu.sound.on_track_end()
  File "c:\Users\Yaroslav\Python\Yellow-Wave\core\ui\widgets\menu\main_menu.py", line 306, in on_track_end
    self.play_music(self.current)
  File "c:\Users\Yaroslav\Python\Yellow-Wave\core\ui\widgets\menu\main_menu.py", line 190, in play_music
    self.slider.start_countdown()
  File "c:\Users\Yaroslav\Python\Yellow-Wave\core\ui\widgets\sliders\track_slider.py", line 103, in start_countdown
    self.update_time()
  File "c:\Users\Yaroslav\Python\Yellow-Wave\core\ui\widgets\sliders\track_slider.py", line 148, in update_time
    self.main.frontend.play_menu.sound.on_track_end()
  File "c:\Users\Yaroslav\Python\Yellow-Wave\core\ui\widgets\menu\main_menu.py", line 306, in on_track_end
    self.play_music(self.current)
  File "c:\Users\Yaroslav\Python\Yellow-Wave\core\ui\widgets\menu\main_menu.py", line 190, in play_music
    self.slider.start_countdown()
  File "c:\Users\Yaroslav\Python\Yellow-Wave\core\ui\widgets\sliders\track_slider.py", line 103, in start_countdown
    self.update_time()
  File "c:\Users\Yaroslav\Python\Yellow-Wave\core\ui\widgets\sliders\track_slider.py", line 148, in update_time
    self.main.frontend.play_menu.sound.on_track_end()
  File "c:\Users\Yaroslav\Python\Yellow-Wave\core\ui\widgets\menu\main_menu.py", line 306, in on_track_end
    self.play_music(self.current)
  File "c:\Users\Yaroslav\Python\Yellow-Wave\core\ui\widgets\menu\main_menu.py", line 190, in play_music
    self.slider.start_countdown()
  File "c:\Users\Yaroslav\Python\Yellow-Wave\core\ui\widgets\sliders\track_slider.py", line 103, in start_countdown
    self.update_time()
  File "c:\Users\Yaroslav\Python\Yellow-Wave\core\ui\widgets\sliders\track_slider.py", line 148, in update_time
    self.main.frontend.play_menu.sound.on_track_end()
  File "c:\Users\Yaroslav\Python\Yellow-Wave\core\ui\widgets\menu\main_menu.py", line 306, in on_track_end
    self.play_music(self.current)
  File "c:\Users\Yaroslav\Python\Yellow-Wave\core\ui\widgets\menu\main_menu.py", line 190, in play_music
    self.slider.start_countdown()
  File "c:\Users\Yaroslav\Python\Yellow-Wave\core\ui\widgets\sliders\track_slider.py", line 103, in start_countdown
    self.update_time()
  File "c:\Users\Yaroslav\Python\Yellow-Wave\core\ui\widgets\sliders\track_slider.py", line 148, in update_time
    self.main.frontend.play_menu.sound.on_track_end()
  File "c:\Users\Yaroslav\Python\Yellow-Wave\core\ui\widgets\menu\main_menu.py", line 306, in on_track_end
    self.play_music(self.current)
  File "c:\Users\Yaroslav\Python\Yellow-Wave\core\ui\widgets\menu\main_menu.py", line 190, in play_music
    self.slider.start_countdown()
  File "c:\Users\Yaroslav\Python\Yellow-Wave\core\ui\widgets\sliders\track_slider.py", line 103, in start_countdown
    self.update_time()
  File "c:\Users\Yaroslav\Python\Yellow-Wave\core\ui\widgets\sliders\track_slider.py", line 148, in update_time
    self.main.frontend.play_menu.sound.on_track_end()
  File "c:\Users\Yaroslav\Python\Yellow-Wave\core\ui\widgets\menu\main_menu.py", line 306, in on_track_end
    self.play_music(self.current)
  File "c:\Users\Yaroslav\Python\Yellow-Wave\core\ui\widgets\menu\main_menu.py", line 190, in play_music
    self.slider.start_countdown()
  File "c:\Users\Yaroslav\Python\Yellow-Wave\core\ui\widgets\sliders\track_slider.py", line 103, in start_countdown
    self.update_time()
  File "c:\Users\Yaroslav\Python\Yellow-Wave\core\ui\widgets\sliders\track_slider.py", line 148, in update_time
    self.main.frontend.play_menu.sound.on_track_end()
  File "c:\Users\Yaroslav\Python\Yellow-Wave\core\ui\widgets\menu\main_menu.py", line 306, in on_track_end
    self.play_music(self.current)
  File "c:\Users\Yaroslav\Python\Yellow-Wave\core\ui\widgets\menu\main_menu.py", line 190, in play_music
    self.slider.start_countdown()
  File "c:\Users\Yaroslav\Python\Yellow-Wave\core\ui\widgets\sliders\track_slider.py", line 103, in start_countdown
    self.update_time()
  File "c:\Users\Yaroslav\Python\Yellow-Wave\core\ui\widgets\sliders\track_slider.py", line 148, in update_time
    self.main.frontend.play_menu.sound.on_track_end()
  File "c:\Users\Yaroslav\Python\Yellow-Wave\core\ui\widgets\menu\main_menu.py", line 306, in on_track_end
    self.play_music(self.current)
  File "c:\Users\Yaroslav\Python\Yellow-Wave\core\ui\widgets\menu\main_menu.py", line 190, in play_music
    self.slider.start_countdown()
  File "c:\Users\Yaroslav\Python\Yellow-Wave\core\ui\widgets\sliders\track_slider.py", line 103, in start_countdown
    self.update_time()
  File "c:\Users\Yaroslav\Python\Yellow-Wave\core\ui\widgets\sliders\track_slider.py", line 148, in update_time
    self.main.frontend.play_menu.sound.on_track_end()
  File "c:\Users\Yaroslav\Python\Yellow-Wave\core\ui\widgets\menu\main_menu.py", line 306, in on_track_end
    self.play_music(self.current)
  File "c:\Users\Yaroslav\Python\Yellow-Wave\core\ui\widgets\menu\main_menu.py", line 190, in play_music
    self.slider.start_countdown()
  File "c:\Users\Yaroslav\Python\Yellow-Wave\core\ui\widgets\sliders\track_slider.py", line 103, in start_countdown
    self.update_time()
  File "c:\Users\Yaroslav\Python\Yellow-Wave\core\ui\widgets\sliders\track_slider.py", line 148, in update_time
    self.main.frontend.play_menu.sound.on_track_end()
  File "c:\Users\Yaroslav\Python\Yellow-Wave\core\ui\widgets\menu\main_menu.py", line 306, in on_track_end
    self.play_music(self.current)
  File "c:\Users\Yaroslav\Python\Yellow-Wave\core\ui\widgets\menu\main_menu.py", line 190, in play_music
    self.slider.start_countdown()
  File "c:\Users\Yaroslav\Python\Yellow-Wave\core\ui\widgets\sliders\track_slider.py", line 103, in start_countdown
    self.update_time()
  File "c:\Users\Yaroslav\Python\Yellow-Wave\core\ui\widgets\sliders\track_slider.py", line 148, in update_time
    self.main.frontend.play_menu.sound.on_track_end()
  File "c:\Users\Yaroslav\Python\Yellow-Wave\core\ui\widgets\menu\main_menu.py", line 306, in on_track_end
    self.play_music(self.current)
  File "c:\Users\Yaroslav\Python\Yellow-Wave\core\ui\widgets\menu\main_menu.py", line 190, in play_music
    self.slider.start_countdown()
  File "c:\Users\Yaroslav\Python\Yellow-Wave\core\ui\widgets\sliders\track_slider.py", line 103, in start_countdown
    self.update_time()
  File "c:\Users\Yaroslav\Python\Yellow-Wave\core\ui\widgets\sliders\track_slider.py", line 148, in update_time
    self.main.frontend.play_menu.sound.on_track_end()
  File "c:\Users\Yaroslav\Python\Yellow-Wave\core\ui\widgets\menu\main_menu.py", line 306, in on_track_end
    self.play_music(self.current)
  File "c:\Users\Yaroslav\Python\Yellow-Wave\core\ui\widgets\menu\main_menu.py", line 190, in play_music
    self.slider.start_countdown()
  File "c:\Users\Yaroslav\Python\Yellow-Wave\core\ui\widgets\sliders\track_slider.py", line 103, in start_countdown
    self.update_time()
  File "c:\Users\Yaroslav\Python\Yellow-Wave\core\ui\widgets\sliders\track_slider.py", line 148, in update_time
    self.main.frontend.play_menu.sound.on_track_end()
  File "c:\Users\Yaroslav\Python\Yellow-Wave\core\ui\widgets\menu\main_menu.py", line 306, in on_track_end
    self.play_music(self.current)
  File "c:\Users\Yaroslav\Python\Yellow-Wave\core\ui\widgets\menu\main_menu.py", line 190, in play_music
    self.slider.start_countdown()
  File "c:\Users\Yaroslav\Python\Yellow-Wave\core\ui\widgets\sliders\track_slider.py", line 103, in start_countdown
    self.update_time()
  File "c:\Users\Yaroslav\Python\Yellow-Wave\core\ui\widgets\sliders\track_slider.py", line 148, in update_time
    self.main.frontend.play_menu.sound.on_track_end()
  File "c:\Users\Yaroslav\Python\Yellow-Wave\core\ui\widgets\menu\main_menu.py", line 306, in on_track_end
    self.play_music(self.current)
  File "c:\Users\Yaroslav\Python\Yellow-Wave\core\ui\widgets\menu\main_menu.py", line 190, in play_music
    self.slider.start_countdown()
  File "c:\Users\Yaroslav\Python\Yellow-Wave\core\ui\widgets\sliders\track_slider.py", line 103, in start_countdown
    self.update_time()
  File "c:\Users\Yaroslav\Python\Yellow-Wave\core\ui\widgets\sliders\track_slider.py", line 148, in update_time
    self.main.frontend.play_menu.sound.on_track_end()
  File "c:\Users\Yaroslav\Python\Yellow-Wave\core\ui\widgets\menu\main_menu.py", line 306, in on_track_end
    self.play_music(self.current)
  File "c:\Users\Yaroslav\Python\Yellow-Wave\core\ui\widgets\menu\main_menu.py", line 190, in play_music
    self.slider.start_countdown()
  File "c:\Users\Yaroslav\Python\Yellow-Wave\core\ui\widgets\sliders\track_slider.py", line 103, in start_countdown
    self.update_time()
  File "c:\Users\Yaroslav\Python\Yellow-Wave\core\ui\widgets\sliders\track_slider.py", line 148, in update_time
    self.main.frontend.play_menu.sound.on_track_end()
  File "c:\Users\Yaroslav\Python\Yellow-Wave\core\ui\widgets\menu\main_menu.py", line 306, in on_track_end
    self.play_music(self.current)
  File "c:\Users\Yaroslav\Python\Yellow-Wave\core\ui\widgets\menu\main_menu.py", line 190, in play_music
    self.slider.start_countdown()
  File "c:\Users\Yaroslav\Python\Yellow-Wave\core\ui\widgets\sliders\track_slider.py", line 103, in start_countdown
    self.update_time()
  File "c:\Users\Yaroslav\Python\Yellow-Wave\core\ui\widgets\sliders\track_slider.py", line 148, in update_time
    self.main.frontend.play_menu.sound.on_track_end()
  File "c:\Users\Yaroslav\Python\Yellow-Wave\core\ui\widgets\menu\main_menu.py", line 306, in on_track_end
    self.play_music(self.current)
  File "c:\Users\Yaroslav\Python\Yellow-Wave\core\ui\widgets\menu\main_menu.py", line 190, in play_music
    self.slider.start_countdown()
  File "c:\Users\Yaroslav\Python\Yellow-Wave\core\ui\widgets\sliders\track_slider.py", line 103, in start_countdown
    self.update_time()
  File "c:\Users\Yaroslav\Python\Yellow-Wave\core\ui\widgets\sliders\track_slider.py", line 148, in update_time
    self.main.frontend.play_menu.sound.on_track_end()
  File "c:\Users\Yaroslav\Python\Yellow-Wave\core\ui\widgets\menu\main_menu.py", line 306, in on_track_end
    self.play_music(self.current)
  File "c:\Users\Yaroslav\Python\Yellow-Wave\core\ui\widgets\menu\main_menu.py", line 190, in play_music
    self.slider.start_countdown()
  File "c:\Users\Yaroslav\Python\Yellow-Wave\core\ui\widgets\sliders\track_slider.py", line 103, in start_countdown
    self.update_time()
  File "c:\Users\Yaroslav\Python\Yellow-Wave\core\ui\widgets\sliders\track_slider.py", line 148, in update_time
    self.main.frontend.play_menu.sound.on_track_end()
  File "c:\Users\Yaroslav\Python\Yellow-Wave\core\ui\widgets\menu\main_menu.py", line 306, in on_track_end
    self.play_music(self.current)
  File "c:\Users\Yaroslav\Python\Yellow-Wave\core\ui\widgets\menu\main_menu.py", line 190, in play_music
    self.slider.start_countdown()
  File "c:\Users\Yaroslav\Python\Yellow-Wave\core\ui\widgets\sliders\track_slider.py", line 103, in start_countdown
    self.update_time()
  File "c:\Users\Yaroslav\Python\Yellow-Wave\core\ui\widgets\sliders\track_slider.py", line 148, in update_time
    self.main.frontend.play_menu.sound.on_track_end()
  File "c:\Users\Yaroslav\Python\Yellow-Wave\core\ui\widgets\menu\main_menu.py", line 306, in on_track_end
    self.play_music(self.current)
  File "c:\Users\Yaroslav\Python\Yellow-Wave\core\ui\widgets\menu\main_menu.py", line 190, in play_music
    self.slider.start_countdown()
  File "c:\Users\Yaroslav\Python\Yellow-Wave\core\ui\widgets\sliders\track_slider.py", line 103, in start_countdown
    self.update_time()
  File "c:\Users\Yaroslav\Python\Yellow-Wave\core\ui\widgets\sliders\track_slider.py", line 148, in update_time
    self.main.frontend.play_menu.sound.on_track_end()
  File "c:\Users\Yaroslav\Python\Yellow-Wave\core\ui\widgets\menu\main_menu.py", line 306, in on_track_end
    self.play_music(self.current)
  File "c:\Users\Yaroslav\Python\Yellow-Wave\core\ui\widgets\menu\main_menu.py", line 190, in play_music
    self.slider.start_countdown()
  File "c:\Users\Yaroslav\Python\Yellow-Wave\core\ui\widgets\sliders\track_slider.py", line 103, in start_countdown
    self.update_time()
  File "c:\Users\Yaroslav\Python\Yellow-Wave\core\ui\widgets\sliders\track_slider.py", line 148, in update_time
    self.main.frontend.play_menu.sound.on_track_end()
  File "c:\Users\Yaroslav\Python\Yellow-Wave\core\ui\widgets\menu\main_menu.py", line 306, in on_track_end
    self.play_music(self.current)
  File "c:\Users\Yaroslav\Python\Yellow-Wave\core\ui\widgets\menu\main_menu.py", line 190, in play_music
    self.slider.start_countdown()
  File "c:\Users\Yaroslav\Python\Yellow-Wave\core\ui\widgets\sliders\track_slider.py", line 103, in start_countdown
    self.update_time()
  File "c:\Users\Yaroslav\Python\Yellow-Wave\core\ui\widgets\sliders\track_slider.py", line 148, in update_time
    self.main.frontend.play_menu.sound.on_track_end()
  File "c:\Users\Yaroslav\Python\Yellow-Wave\core\ui\widgets\menu\main_menu.py", line 306, in on_track_end
    self.play_music(self.current)
  File "c:\Users\Yaroslav\Python\Yellow-Wave\core\ui\widgets\menu\main_menu.py", line 190, in play_music
    self.slider.start_countdown()
  File "c:\Users\Yaroslav\Python\Yellow-Wave\core\ui\widgets\sliders\track_slider.py", line 103, in start_countdown
    self.update_time()
  File "c:\Users\Yaroslav\Python\Yellow-Wave\core\ui\widgets\sliders\track_slider.py", line 148, in update_time
    self.main.frontend.play_menu.sound.on_track_end()
  File "c:\Users\Yaroslav\Python\Yellow-Wave\core\ui\widgets\menu\main_menu.py", line 306, in on_track_end
    self.play_music(self.current)
  File "c:\Users\Yaroslav\Python\Yellow-Wave\core\ui\widgets\menu\main_menu.py", line 190, in play_music
    self.slider.start_countdown()
  File "c:\Users\Yaroslav\Python\Yellow-Wave\core\ui\widgets\sliders\track_slider.py", line 103, in start_countdown
    self.update_time()
  File "c:\Users\Yaroslav\Python\Yellow-Wave\core\ui\widgets\sliders\track_slider.py", line 148, in update_time
    self.main.frontend.play_menu.sound.on_track_end()
  File "c:\Users\Yaroslav\Python\Yellow-Wave\core\ui\widgets\menu\main_menu.py", line 306, in on_track_end
    self.play_music(self.current)
  File "c:\Users\Yaroslav\Python\Yellow-Wave\core\ui\widgets\menu\main_menu.py", line 190, in play_music
    self.slider.start_countdown()
  File "c:\Users\Yaroslav\Python\Yellow-Wave\core\ui\widgets\sliders\track_slider.py", line 103, in start_countdown
    self.update_time()
  File "c:\Users\Yaroslav\Python\Yellow-Wave\core\ui\widgets\sliders\track_slider.py", line 148, in update_time
    self.main.frontend.play_menu.sound.on_track_end()
  File "c:\Users\Yaroslav\Python\Yellow-Wave\core\ui\widgets\menu\main_menu.py", line 306, in on_track_end
    self.play_music(self.current)
  File "c:\Users\Yaroslav\Python\Yellow-Wave\core\ui\widgets\menu\main_menu.py", line 190, in play_music
    self.slider.start_countdown()
  File "c:\Users\Yaroslav\Python\Yellow-Wave\core\ui\widgets\sliders\track_slider.py", line 103, in start_countdown
    self.update_time()
  File "c:\Users\Yaroslav\Python\Yellow-Wave\core\ui\widgets\sliders\track_slider.py", line 148, in update_time
    self.main.frontend.play_menu.sound.on_track_end()
  File "c:\Users\Yaroslav\Python\Yellow-Wave\core\ui\widgets\menu\main_menu.py", line 306, in on_track_end
    self.play_music(self.current)
  File "c:\Users\Yaroslav\Python\Yellow-Wave\core\ui\widgets\menu\main_menu.py", line 190, in play_music
    self.slider.start_countdown()
  File "c:\Users\Yaroslav\Python\Yellow-Wave\core\ui\widgets\sliders\track_slider.py", line 103, in start_countdown
    self.update_time()
  File "c:\Users\Yaroslav\Python\Yellow-Wave\core\ui\widgets\sliders\track_slider.py", line 148, in update_time
    self.main.frontend.play_menu.sound.on_track_end()
  File "c:\Users\Yaroslav\Python\Yellow-Wave\core\ui\widgets\menu\main_menu.py", line 306, in on_track_end
    self.play_music(self.current)
  File "c:\Users\Yaroslav\Python\Yellow-Wave\core\ui\widgets\menu\main_menu.py", line 190, in play_music
    self.slider.start_countdown()
  File "c:\Users\Yaroslav\Python\Yellow-Wave\core\ui\widgets\sliders\track_slider.py", line 103, in start_countdown
    self.update_time()
  File "c:\Users\Yaroslav\Python\Yellow-Wave\core\ui\widgets\sliders\track_slider.py", line 148, in update_time
    self.main.frontend.play_menu.sound.on_track_end()
  File "c:\Users\Yaroslav\Python\Yellow-Wave\core\ui\widgets\menu\main_menu.py", line 306, in on_track_end
    self.play_music(self.current)
  File "c:\Users\Yaroslav\Python\Yellow-Wave\core\ui\widgets\menu\main_menu.py", line 190, in play_music
    self.slider.start_countdown()
  File "c:\Users\Yaroslav\Python\Yellow-Wave\core\ui\widgets\sliders\track_slider.py", line 103, in start_countdown
    self.update_time()
  File "c:\Users\Yaroslav\Python\Yellow-Wave\core\ui\widgets\sliders\track_slider.py", line 148, in update_time
    self.main.frontend.play_menu.sound.on_track_end()
  File "c:\Users\Yaroslav\Python\Yellow-Wave\core\ui\widgets\menu\main_menu.py", line 306, in on_track_end
    self.play_music(self.current)
  File "c:\Users\Yaroslav\Python\Yellow-Wave\core\ui\widgets\menu\main_menu.py", line 190, in play_music
    self.slider.start_countdown()
  File "c:\Users\Yaroslav\Python\Yellow-Wave\core\ui\widgets\sliders\track_slider.py", line 103, in start_countdown
    self.update_time()
  File "c:\Users\Yaroslav\Python\Yellow-Wave\core\ui\widgets\sliders\track_slider.py", line 148, in update_time
    self.main.frontend.play_menu.sound.on_track_end()
  File "c:\Users\Yaroslav\Python\Yellow-Wave\core\ui\widgets\menu\main_menu.py", line 306, in on_track_end
    self.play_music(self.current)
  File "c:\Users\Yaroslav\Python\Yellow-Wave\core\ui\widgets\menu\main_menu.py", line 190, in play_music
    self.slider.start_countdown()
  File "c:\Users\Yaroslav\Python\Yellow-Wave\core\ui\widgets\sliders\track_slider.py", line 103, in start_countdown
    self.update_time()
  File "c:\Users\Yaroslav\Python\Yellow-Wave\core\ui\widgets\sliders\track_slider.py", line 148, in update_time
    self.main.frontend.play_menu.sound.on_track_end()
  File "c:\Users\Yaroslav\Python\Yellow-Wave\core\ui\widgets\menu\main_menu.py", line 306, in on_track_end
    self.play_music(self.current)
  File "c:\Users\Yaroslav\Python\Yellow-Wave\core\ui\widgets\menu\main_menu.py", line 190, in play_music
    self.slider.start_countdown()
  File "c:\Users\Yaroslav\Python\Yellow-Wave\core\ui\widgets\sliders\track_slider.py", line 103, in start_countdown
    self.update_time()
  File "c:\Users\Yaroslav\Python\Yellow-Wave\core\ui\widgets\sliders\track_slider.py", line 148, in update_time
    self.main.frontend.play_menu.sound.on_track_end()
  File "c:\Users\Yaroslav\Python\Yellow-Wave\core\ui\widgets\menu\main_menu.py", line 306, in on_track_end
    self.play_music(self.current)
  File "c:\Users\Yaroslav\Python\Yellow-Wave\core\ui\widgets\menu\main_menu.py", line 190, in play_music
    self.slider.start_countdown()
  File "c:\Users\Yaroslav\Python\Yellow-Wave\core\ui\widgets\sliders\track_slider.py", line 103, in start_countdown
    self.update_time()
  File "c:\Users\Yaroslav\Python\Yellow-Wave\core\ui\widgets\sliders\track_slider.py", line 148, in update_time
    self.main.frontend.play_menu.sound.on_track_end()
  File "c:\Users\Yaroslav\Python\Yellow-Wave\core\ui\widgets\menu\main_menu.py", line 306, in on_track_end
    self.play_music(self.current)
  File "c:\Users\Yaroslav\Python\Yellow-Wave\core\ui\widgets\menu\main_menu.py", line 190, in play_music
    self.slider.start_countdown()
  File "c:\Users\Yaroslav\Python\Yellow-Wave\core\ui\widgets\sliders\track_slider.py", line 103, in start_countdown
    self.update_time()
  File "c:\Users\Yaroslav\Python\Yellow-Wave\core\ui\widgets\sliders\track_slider.py", line 148, in update_time
    self.main.frontend.play_menu.sound.on_track_end()
  File "c:\Users\Yaroslav\Python\Yellow-Wave\core\ui\widgets\menu\main_menu.py", line 306, in on_track_end
    self.play_music(self.current)
  File "c:\Users\Yaroslav\Python\Yellow-Wave\core\ui\widgets\menu\main_menu.py", line 190, in play_music
    self.slider.start_countdown()
  File "c:\Users\Yaroslav\Python\Yellow-Wave\core\ui\widgets\sliders\track_slider.py", line 103, in start_countdown
    self.update_time()
  File "c:\Users\Yaroslav\Python\Yellow-Wave\core\ui\widgets\sliders\track_slider.py", line 148, in update_time
    self.main.frontend.play_menu.sound.on_track_end()
  File "c:\Users\Yaroslav\Python\Yellow-Wave\core\ui\widgets\menu\main_menu.py", line 306, in on_track_end
    self.play_music(self.current)
  File "c:\Users\Yaroslav\Python\Yellow-Wave\core\ui\widgets\menu\main_menu.py", line 190, in play_music
    self.slider.start_countdown()
  File "c:\Users\Yaroslav\Python\Yellow-Wave\core\ui\widgets\sliders\track_slider.py", line 103, in start_countdown
    self.update_time()
  File "c:\Users\Yaroslav\Python\Yellow-Wave\core\ui\widgets\sliders\track_slider.py", line 148, in update_time
    self.main.frontend.play_menu.sound.on_track_end()
  File "c:\Users\Yaroslav\Python\Yellow-Wave\core\ui\widgets\menu\main_menu.py", line 306, in on_track_end
    self.play_music(self.current)
  File "c:\Users\Yaroslav\Python\Yellow-Wave\core\ui\widgets\menu\main_menu.py", line 190, in play_music
    self.slider.start_countdown()
  File "c:\Users\Yaroslav\Python\Yellow-Wave\core\ui\widgets\sliders\track_slider.py", line 103, in start_countdown
    self.update_time()
  File "c:\Users\Yaroslav\Python\Yellow-Wave\core\ui\widgets\sliders\track_slider.py", line 148, in update_time
    self.main.frontend.play_menu.sound.on_track_end()
  File "c:\Users\Yaroslav\Python\Yellow-Wave\core\ui\widgets\menu\main_menu.py", line 306, in on_track_end
    self.play_music(self.current)
  File "c:\Users\Yaroslav\Python\Yellow-Wave\core\ui\widgets\menu\main_menu.py", line 190, in play_music
    self.slider.start_countdown()
  File "c:\Users\Yaroslav\Python\Yellow-Wave\core\ui\widgets\sliders\track_slider.py", line 103, in start_countdown
    self.update_time()
  File "c:\Users\Yaroslav\Python\Yellow-Wave\core\ui\widgets\sliders\track_slider.py", line 148, in update_time
    self.main.frontend.play_menu.sound.on_track_end()
  File "c:\Users\Yaroslav\Python\Yellow-Wave\core\ui\widgets\menu\main_menu.py", line 306, in on_track_end
    self.play_music(self.current)
  File "c:\Users\Yaroslav\Python\Yellow-Wave\core\ui\widgets\menu\main_menu.py", line 190, in play_music
    self.slider.start_countdown()
  File "c:\Users\Yaroslav\Python\Yellow-Wave\core\ui\widgets\sliders\track_slider.py", line 103, in start_countdown
    self.update_time()
  File "c:\Users\Yaroslav\Python\Yellow-Wave\core\ui\widgets\sliders\track_slider.py", line 148, in update_time
    self.main.frontend.play_menu.sound.on_track_end()
  File "c:\Users\Yaroslav\Python\Yellow-Wave\core\ui\widgets\menu\main_menu.py", line 306, in on_track_end
    self.play_music(self.current)
  File "c:\Users\Yaroslav\Python\Yellow-Wave\core\ui\widgets\menu\main_menu.py", line 190, in play_music
    self.slider.start_countdown()
  File "c:\Users\Yaroslav\Python\Yellow-Wave\core\ui\widgets\sliders\track_slider.py", line 103, in start_countdown
    self.update_time()
  File "c:\Users\Yaroslav\Python\Yellow-Wave\core\ui\widgets\sliders\track_slider.py", line 148, in update_time
    self.main.frontend.play_menu.sound.on_track_end()
  File "c:\Users\Yaroslav\Python\Yellow-Wave\core\ui\widgets\menu\main_menu.py", line 306, in on_track_end
    self.play_music(self.current)
  File "c:\Users\Yaroslav\Python\Yellow-Wave\core\ui\widgets\menu\main_menu.py", line 190, in play_music
    self.slider.start_countdown()
  File "c:\Users\Yaroslav\Python\Yellow-Wave\core\ui\widgets\sliders\track_slider.py", line 103, in start_countdown
    self.update_time()
  File "c:\Users\Yaroslav\Python\Yellow-Wave\core\ui\widgets\sliders\track_slider.py", line 148, in update_time
    self.main.frontend.play_menu.sound.on_track_end()
  File "c:\Users\Yaroslav\Python\Yellow-Wave\core\ui\widgets\menu\main_menu.py", line 306, in on_track_end
    self.play_music(self.current)
  File "c:\Users\Yaroslav\Python\Yellow-Wave\core\ui\widgets\menu\main_menu.py", line 190, in play_music
    self.slider.start_countdown()
  File "c:\Users\Yaroslav\Python\Yellow-Wave\core\ui\widgets\sliders\track_slider.py", line 103, in start_countdown
    self.update_time()
  File "c:\Users\Yaroslav\Python\Yellow-Wave\core\ui\widgets\sliders\track_slider.py", line 148, in update_time
    self.main.frontend.play_menu.sound.on_track_end()
  File "c:\Users\Yaroslav\Python\Yellow-Wave\core\ui\widgets\menu\main_menu.py", line 306, in on_track_end
    self.play_music(self.current)
  File "c:\Users\Yaroslav\Python\Yellow-Wave\core\ui\widgets\menu\main_menu.py", line 190, in play_music
    self.slider.start_countdown()
  File "c:\Users\Yaroslav\Python\Yellow-Wave\core\ui\widgets\sliders\track_slider.py", line 103, in start_countdown
    self.update_time()
  File "c:\Users\Yaroslav\Python\Yellow-Wave\core\ui\widgets\sliders\track_slider.py", line 148, in update_time
    self.main.frontend.play_menu.sound.on_track_end()
  File "c:\Users\Yaroslav\Python\Yellow-Wave\core\ui\widgets\menu\main_menu.py", line 306, in on_track_end
    self.play_music(self.current)
  File "c:\Users\Yaroslav\Python\Yellow-Wave\core\ui\widgets\menu\main_menu.py", line 190, in play_music
    self.slider.start_countdown()
  File "c:\Users\Yaroslav\Python\Yellow-Wave\core\ui\widgets\sliders\track_slider.py", line 103, in start_countdown
    self.update_time()
  File "c:\Users\Yaroslav\Python\Yellow-Wave\core\ui\widgets\sliders\track_slider.py", line 148, in update_time
    self.main.frontend.play_menu.sound.on_track_end()
  File "c:\Users\Yaroslav\Python\Yellow-Wave\core\ui\widgets\menu\main_menu.py", line 306, in on_track_end
    self.play_music(self.current)
  File "c:\Users\Yaroslav\Python\Yellow-Wave\core\ui\widgets\menu\main_menu.py", line 190, in play_music
    self.slider.start_countdown()
  File "c:\Users\Yaroslav\Python\Yellow-Wave\core\ui\widgets\sliders\track_slider.py", line 103, in start_countdown
    self.update_time()
  File "c:\Users\Yaroslav\Python\Yellow-Wave\core\ui\widgets\sliders\track_slider.py", line 148, in update_time
    self.main.frontend.play_menu.sound.on_track_end()
  File "c:\Users\Yaroslav\Python\Yellow-Wave\core\ui\widgets\menu\main_menu.py", line 306, in on_track_end
    self.play_music(self.current)
  File "c:\Users\Yaroslav\Python\Yellow-Wave\core\ui\widgets\menu\main_menu.py", line 190, in play_music
    self.slider.start_countdown()
  File "c:\Users\Yaroslav\Python\Yellow-Wave\core\ui\widgets\sliders\track_slider.py", line 103, in start_countdown
    self.update_time()
  File "c:\Users\Yaroslav\Python\Yellow-Wave\core\ui\widgets\sliders\track_slider.py", line 148, in update_time
    self.main.frontend.play_menu.sound.on_track_end()
  File "c:\Users\Yaroslav\Python\Yellow-Wave\core\ui\widgets\menu\main_menu.py", line 306, in on_track_end
    self.play_music(self.current)
  File "c:\Users\Yaroslav\Python\Yellow-Wave\core\ui\widgets\menu\main_menu.py", line 190, in play_music
    self.slider.start_countdown()
  File "c:\Users\Yaroslav\Python\Yellow-Wave\core\ui\widgets\sliders\track_slider.py", line 103, in start_countdown
    self.update_time()
  File "c:\Users\Yaroslav\Python\Yellow-Wave\core\ui\widgets\sliders\track_slider.py", line 148, in update_time
    self.main.frontend.play_menu.sound.on_track_end()
  File "c:\Users\Yaroslav\Python\Yellow-Wave\core\ui\widgets\menu\main_menu.py", line 306, in on_track_end
    self.play_music(self.current)
  File "c:\Users\Yaroslav\Python\Yellow-Wave\core\ui\widgets\menu\main_menu.py", line 190, in play_music
    self.slider.start_countdown()
  File "c:\Users\Yaroslav\Python\Yellow-Wave\core\ui\widgets\sliders\track_slider.py", line 103, in start_countdown
    self.update_time()
  File "c:\Users\Yaroslav\Python\Yellow-Wave\core\ui\widgets\sliders\track_slider.py", line 148, in update_time
    self.main.frontend.play_menu.sound.on_track_end()
  File "c:\Users\Yaroslav\Python\Yellow-Wave\core\ui\widgets\menu\main_menu.py", line 306, in on_track_end
    self.play_music(self.current)
  File "c:\Users\Yaroslav\Python\Yellow-Wave\core\ui\widgets\menu\main_menu.py", line 190, in play_music
    self.slider.start_countdown()
  File "c:\Users\Yaroslav\Python\Yellow-Wave\core\ui\widgets\sliders\track_slider.py", line 103, in start_countdown
    self.update_time()
  File "c:\Users\Yaroslav\Python\Yellow-Wave\core\ui\widgets\sliders\track_slider.py", line 148, in update_time
    self.main.frontend.play_menu.sound.on_track_end()
  File "c:\Users\Yaroslav\Python\Yellow-Wave\core\ui\widgets\menu\main_menu.py", line 306, in on_track_end
    self.play_music(self.current)
  File "c:\Users\Yaroslav\Python\Yellow-Wave\core\ui\widgets\menu\main_menu.py", line 190, in play_music
    self.slider.start_countdown()
  File "c:\Users\Yaroslav\Python\Yellow-Wave\core\ui\widgets\sliders\track_slider.py", line 103, in start_countdown
    self.update_time()
  File "c:\Users\Yaroslav\Python\Yellow-Wave\core\ui\widgets\sliders\track_slider.py", line 148, in update_time
    self.main.frontend.play_menu.sound.on_track_end()
  File "c:\Users\Yaroslav\Python\Yellow-Wave\core\ui\widgets\menu\main_menu.py", line 306, in on_track_end
    self.play_music(self.current)
  File "c:\Users\Yaroslav\Python\Yellow-Wave\core\ui\widgets\menu\main_menu.py", line 190, in play_music
    self.slider.start_countdown()
  File "c:\Users\Yaroslav\Python\Yellow-Wave\core\ui\widgets\sliders\track_slider.py", line 103, in start_countdown
    self.update_time()
  File "c:\Users\Yaroslav\Python\Yellow-Wave\core\ui\widgets\sliders\track_slider.py", line 148, in update_time
    self.main.frontend.play_menu.sound.on_track_end()
  File "c:\Users\Yaroslav\Python\Yellow-Wave\core\ui\widgets\menu\main_menu.py", line 306, in on_track_end
    self.play_music(self.current)
  File "c:\Users\Yaroslav\Python\Yellow-Wave\core\ui\widgets\menu\main_menu.py", line 190, in play_music
    self.slider.start_countdown()
  File "c:\Users\Yaroslav\Python\Yellow-Wave\core\ui\widgets\sliders\track_slider.py", line 103, in start_countdown
    self.update_time()
  File "c:\Users\Yaroslav\Python\Yellow-Wave\core\ui\widgets\sliders\track_slider.py", line 148, in update_time
    self.main.frontend.play_menu.sound.on_track_end()
  File "c:\Users\Yaroslav\Python\Yellow-Wave\core\ui\widgets\menu\main_menu.py", line 306, in on_track_end
    self.play_music(self.current)
  File "c:\Users\Yaroslav\Python\Yellow-Wave\core\ui\widgets\menu\main_menu.py", line 190, in play_music
    self.slider.start_countdown()
  File "c:\Users\Yaroslav\Python\Yellow-Wave\core\ui\widgets\sliders\track_slider.py", line 103, in start_countdown
    self.update_time()
  File "c:\Users\Yaroslav\Python\Yellow-Wave\core\ui\widgets\sliders\track_slider.py", line 148, in update_time
    self.main.frontend.play_menu.sound.on_track_end()
  File "c:\Users\Yaroslav\Python\Yellow-Wave\core\ui\widgets\menu\main_menu.py", line 306, in on_track_end
    self.play_music(self.current)
  File "c:\Users\Yaroslav\Python\Yellow-Wave\core\ui\widgets\menu\main_menu.py", line 190, in play_music
    self.slider.start_countdown()
  File "c:\Users\Yaroslav\Python\Yellow-Wave\core\ui\widgets\sliders\track_slider.py", line 103, in start_countdown
    self.update_time()
  File "c:\Users\Yaroslav\Python\Yellow-Wave\core\ui\widgets\sliders\track_slider.py", line 148, in update_time
    self.main.frontend.play_menu.sound.on_track_end()
  File "c:\Users\Yaroslav\Python\Yellow-Wave\core\ui\widgets\menu\main_menu.py", line 306, in on_track_end
    self.play_music(self.current)
  File "c:\Users\Yaroslav\Python\Yellow-Wave\core\ui\widgets\menu\main_menu.py", line 190, in play_music
    self.slider.start_countdown()
  File "c:\Users\Yaroslav\Python\Yellow-Wave\core\ui\widgets\sliders\track_slider.py", line 103, in start_countdown
    self.update_time()
  File "c:\Users\Yaroslav\Python\Yellow-Wave\core\ui\widgets\sliders\track_slider.py", line 148, in update_time
    self.main.frontend.play_menu.sound.on_track_end()
  File "c:\Users\Yaroslav\Python\Yellow-Wave\core\ui\widgets\menu\main_menu.py", line 306, in on_track_end
    self.play_music(self.current)
  File "c:\Users\Yaroslav\Python\Yellow-Wave\core\ui\widgets\menu\main_menu.py", line 190, in play_music
    self.slider.start_countdown()
  File "c:\Users\Yaroslav\Python\Yellow-Wave\core\ui\widgets\sliders\track_slider.py", line 103, in start_countdown
    self.update_time()
  File "c:\Users\Yaroslav\Python\Yellow-Wave\core\ui\widgets\sliders\track_slider.py", line 148, in update_time
    self.main.frontend.play_menu.sound.on_track_end()
  File "c:\Users\Yaroslav\Python\Yellow-Wave\core\ui\widgets\menu\main_menu.py", line 306, in on_track_end
    self.play_music(self.current)
  File "c:\Users\Yaroslav\Python\Yellow-Wave\core\ui\widgets\menu\main_menu.py", line 190, in play_music
    self.slider.start_countdown()
  File "c:\Users\Yaroslav\Python\Yellow-Wave\core\ui\widgets\sliders\track_slider.py", line 103, in start_countdown
    self.update_time()
  File "c:\Users\Yaroslav\Python\Yellow-Wave\core\ui\widgets\sliders\track_slider.py", line 148, in update_time
    self.main.frontend.play_menu.sound.on_track_end()
  File "c:\Users\Yaroslav\Python\Yellow-Wave\core\ui\widgets\menu\main_menu.py", line 306, in on_track_end
    self.play_music(self.current)
  File "c:\Users\Yaroslav\Python\Yellow-Wave\core\ui\widgets\menu\main_menu.py", line 190, in play_music
    self.slider.start_countdown()
  File "c:\Users\Yaroslav\Python\Yellow-Wave\core\ui\widgets\sliders\track_slider.py", line 103, in start_countdown
    self.update_time()
  File "c:\Users\Yaroslav\Python\Yellow-Wave\core\ui\widgets\sliders\track_slider.py", line 148, in update_time
    self.main.frontend.play_menu.sound.on_track_end()
  File "c:\Users\Yaroslav\Python\Yellow-Wave\core\ui\widgets\menu\main_menu.py", line 306, in on_track_end
    self.play_music(self.current)
  File "c:\Users\Yaroslav\Python\Yellow-Wave\core\ui\widgets\menu\main_menu.py", line 190, in play_music
    self.slider.start_countdown()
  File "c:\Users\Yaroslav\Python\Yellow-Wave\core\ui\widgets\sliders\track_slider.py", line 103, in start_countdown
    self.update_time()
  File "c:\Users\Yaroslav\Python\Yellow-Wave\core\ui\widgets\sliders\track_slider.py", line 148, in update_time
    self.main.frontend.play_menu.sound.on_track_end()
  File "c:\Users\Yaroslav\Python\Yellow-Wave\core\ui\widgets\menu\main_menu.py", line 306, in on_track_end
    self.play_music(self.current)
  File "c:\Users\Yaroslav\Python\Yellow-Wave\core\ui\widgets\menu\main_menu.py", line 190, in play_music
    self.slider.start_countdown()
  File "c:\Users\Yaroslav\Python\Yellow-Wave\core\ui\widgets\sliders\track_slider.py", line 103, in start_countdown
    self.update_time()
  File "c:\Users\Yaroslav\Python\Yellow-Wave\core\ui\widgets\sliders\track_slider.py", line 148, in update_time
    self.main.frontend.play_menu.sound.on_track_end()
  File "c:\Users\Yaroslav\Python\Yellow-Wave\core\ui\widgets\menu\main_menu.py", line 306, in on_track_end
    self.play_music(self.current)
  File "c:\Users\Yaroslav\Python\Yellow-Wave\core\ui\widgets\menu\main_menu.py", line 190, in play_music
    self.slider.start_countdown()
  File "c:\Users\Yaroslav\Python\Yellow-Wave\core\ui\widgets\sliders\track_slider.py", line 103, in start_countdown
    self.update_time()
  File "c:\Users\Yaroslav\Python\Yellow-Wave\core\ui\widgets\sliders\track_slider.py", line 148, in update_time
    self.main.frontend.play_menu.sound.on_track_end()
  File "c:\Users\Yaroslav\Python\Yellow-Wave\core\ui\widgets\menu\main_menu.py", line 306, in on_track_end
    self.play_music(self.current)
  File "c:\Users\Yaroslav\Python\Yellow-Wave\core\ui\widgets\menu\main_menu.py", line 190, in play_music
    self.slider.start_countdown()
  File "c:\Users\Yaroslav\Python\Yellow-Wave\core\ui\widgets\sliders\track_slider.py", line 103, in start_countdown
    self.update_time()
  File "c:\Users\Yaroslav\Python\Yellow-Wave\core\ui\widgets\sliders\track_slider.py", line 148, in update_time
    self.main.frontend.play_menu.sound.on_track_end()
  File "c:\Users\Yaroslav\Python\Yellow-Wave\core\ui\widgets\menu\main_menu.py", line 306, in on_track_end
    self.play_music(self.current)
  File "c:\Users\Yaroslav\Python\Yellow-Wave\core\ui\widgets\menu\main_menu.py", line 190, in play_music
    self.slider.start_countdown()
  File "c:\Users\Yaroslav\Python\Yellow-Wave\core\ui\widgets\sliders\track_slider.py", line 103, in start_countdown
    self.update_time()
  File "c:\Users\Yaroslav\Python\Yellow-Wave\core\ui\widgets\sliders\track_slider.py", line 148, in update_time
    self.main.frontend.play_menu.sound.on_track_end()
  File "c:\Users\Yaroslav\Python\Yellow-Wave\core\ui\widgets\menu\main_menu.py", line 306, in on_track_end
    self.play_music(self.current)
  File "c:\Users\Yaroslav\Python\Yellow-Wave\core\ui\widgets\menu\main_menu.py", line 190, in play_music
    self.slider.start_countdown()
  File "c:\Users\Yaroslav\Python\Yellow-Wave\core\ui\widgets\sliders\track_slider.py", line 103, in start_countdown
    self.update_time()
  File "c:\Users\Yaroslav\Python\Yellow-Wave\core\ui\widgets\sliders\track_slider.py", line 148, in update_time
    self.main.frontend.play_menu.sound.on_track_end()
  File "c:\Users\Yaroslav\Python\Yellow-Wave\core\ui\widgets\menu\main_menu.py", line 306, in on_track_end
    self.play_music(self.current)
  File "c:\Users\Yaroslav\Python\Yellow-Wave\core\ui\widgets\menu\main_menu.py", line 190, in play_music
    self.slider.start_countdown()
  File "c:\Users\Yaroslav\Python\Yellow-Wave\core\ui\widgets\sliders\track_slider.py", line 103, in start_countdown
    self.update_time()
  File "c:\Users\Yaroslav\Python\Yellow-Wave\core\ui\widgets\sliders\track_slider.py", line 148, in update_time
    self.main.frontend.play_menu.sound.on_track_end()
  File "c:\Users\Yaroslav\Python\Yellow-Wave\core\ui\widgets\menu\main_menu.py", line 306, in on_track_end
    self.play_music(self.current)
  File "c:\Users\Yaroslav\Python\Yellow-Wave\core\ui\widgets\menu\main_menu.py", line 190, in play_music
    self.slider.start_countdown()
  File "c:\Users\Yaroslav\Python\Yellow-Wave\core\ui\widgets\sliders\track_slider.py", line 103, in start_countdown
    self.update_time()
  File "c:\Users\Yaroslav\Python\Yellow-Wave\core\ui\widgets\sliders\track_slider.py", line 148, in update_time
    self.main.frontend.play_menu.sound.on_track_end()
  File "c:\Users\Yaroslav\Python\Yellow-Wave\core\ui\widgets\menu\main_menu.py", line 306, in on_track_end
    self.play_music(self.current)
  File "c:\Users\Yaroslav\Python\Yellow-Wave\core\ui\widgets\menu\main_menu.py", line 190, in play_music
    self.slider.start_countdown()
  File "c:\Users\Yaroslav\Python\Yellow-Wave\core\ui\widgets\sliders\track_slider.py", line 103, in start_countdown
    self.update_time()
  File "c:\Users\Yaroslav\Python\Yellow-Wave\core\ui\widgets\sliders\track_slider.py", line 148, in update_time
    self.main.frontend.play_menu.sound.on_track_end()
  File "c:\Users\Yaroslav\Python\Yellow-Wave\core\ui\widgets\menu\main_menu.py", line 306, in on_track_end
    self.play_music(self.current)
  File "c:\Users\Yaroslav\Python\Yellow-Wave\core\ui\widgets\menu\main_menu.py", line 190, in play_music
    self.slider.start_countdown()
  File "c:\Users\Yaroslav\Python\Yellow-Wave\core\ui\widgets\sliders\track_slider.py", line 103, in start_countdown
    self.update_time()
  File "c:\Users\Yaroslav\Python\Yellow-Wave\core\ui\widgets\sliders\track_slider.py", line 148, in update_time
    self.main.frontend.play_menu.sound.on_track_end()
  File "c:\Users\Yaroslav\Python\Yellow-Wave\core\ui\widgets\menu\main_menu.py", line 306, in on_track_end
    self.play_music(self.current)
  File "c:\Users\Yaroslav\Python\Yellow-Wave\core\ui\widgets\menu\main_menu.py", line 190, in play_music
    self.slider.start_countdown()
  File "c:\Users\Yaroslav\Python\Yellow-Wave\core\ui\widgets\sliders\track_slider.py", line 103, in start_countdown
    self.update_time()
  File "c:\Users\Yaroslav\Python\Yellow-Wave\core\ui\widgets\sliders\track_slider.py", line 148, in update_time
    self.main.frontend.play_menu.sound.on_track_end()
  File "c:\Users\Yaroslav\Python\Yellow-Wave\core\ui\widgets\menu\main_menu.py", line 306, in on_track_end
    self.play_music(self.current)
  File "c:\Users\Yaroslav\Python\Yellow-Wave\core\ui\widgets\menu\main_menu.py", line 190, in play_music
    self.slider.start_countdown()
  File "c:\Users\Yaroslav\Python\Yellow-Wave\core\ui\widgets\sliders\track_slider.py", line 103, in start_countdown
    self.update_time()
  File "c:\Users\Yaroslav\Python\Yellow-Wave\core\ui\widgets\sliders\track_slider.py", line 148, in update_time
    self.main.frontend.play_menu.sound.on_track_end()
  File "c:\Users\Yaroslav\Python\Yellow-Wave\core\ui\widgets\menu\main_menu.py", line 306, in on_track_end
    self.play_music(self.current)
  File "c:\Users\Yaroslav\Python\Yellow-Wave\core\ui\widgets\menu\main_menu.py", line 190, in play_music
    self.slider.start_countdown()
  File "c:\Users\Yaroslav\Python\Yellow-Wave\core\ui\widgets\sliders\track_slider.py", line 103, in start_countdown
    self.update_time()
  File "c:\Users\Yaroslav\Python\Yellow-Wave\core\ui\widgets\sliders\track_slider.py", line 148, in update_time
    self.main.frontend.play_menu.sound.on_track_end()
  File "c:\Users\Yaroslav\Python\Yellow-Wave\core\ui\widgets\menu\main_menu.py", line 306, in on_track_end
    self.play_music(self.current)
  File "c:\Users\Yaroslav\Python\Yellow-Wave\core\ui\widgets\menu\main_menu.py", line 190, in play_music
    self.slider.start_countdown()
  File "c:\Users\Yaroslav\Python\Yellow-Wave\core\ui\widgets\sliders\track_slider.py", line 103, in start_countdown
    self.update_time()
  File "c:\Users\Yaroslav\Python\Yellow-Wave\core\ui\widgets\sliders\track_slider.py", line 148, in update_time
    self.main.frontend.play_menu.sound.on_track_end()
  File "c:\Users\Yaroslav\Python\Yellow-Wave\core\ui\widgets\menu\main_menu.py", line 306, in on_track_end
    self.play_music(self.current)
  File "c:\Users\Yaroslav\Python\Yellow-Wave\core\ui\widgets\menu\main_menu.py", line 190, in play_music
    self.slider.start_countdown()
  File "c:\Users\Yaroslav\Python\Yellow-Wave\core\ui\widgets\sliders\track_slider.py", line 103, in start_countdown
    self.update_time()
  File "c:\Users\Yaroslav\Python\Yellow-Wave\core\ui\widgets\sliders\track_slider.py", line 148, in update_time
    self.main.frontend.play_menu.sound.on_track_end()
  File "c:\Users\Yaroslav\Python\Yellow-Wave\core\ui\widgets\menu\main_menu.py", line 306, in on_track_end
    self.play_music(self.current)
  File "c:\Users\Yaroslav\Python\Yellow-Wave\core\ui\widgets\menu\main_menu.py", line 190, in play_music
    self.slider.start_countdown()
  File "c:\Users\Yaroslav\Python\Yellow-Wave\core\ui\widgets\sliders\track_slider.py", line 103, in start_countdown
    self.update_time()
  File "c:\Users\Yaroslav\Python\Yellow-Wave\core\ui\widgets\sliders\track_slider.py", line 148, in update_time
    self.main.frontend.play_menu.sound.on_track_end()
  File "c:\Users\Yaroslav\Python\Yellow-Wave\core\ui\widgets\menu\main_menu.py", line 306, in on_track_end
    self.play_music(self.current)
  File "c:\Users\Yaroslav\Python\Yellow-Wave\core\ui\widgets\menu\main_menu.py", line 190, in play_music
    self.slider.start_countdown()
  File "c:\Users\Yaroslav\Python\Yellow-Wave\core\ui\widgets\sliders\track_slider.py", line 103, in start_countdown
    self.update_time()
  File "c:\Users\Yaroslav\Python\Yellow-Wave\core\ui\widgets\sliders\track_slider.py", line 148, in update_time
    self.main.frontend.play_menu.sound.on_track_end()
  File "c:\Users\Yaroslav\Python\Yellow-Wave\core\ui\widgets\menu\main_menu.py", line 306, in on_track_end
    self.play_music(self.current)
  File "c:\Users\Yaroslav\Python\Yellow-Wave\core\ui\widgets\menu\main_menu.py", line 190, in play_music
    self.slider.start_countdown()
  File "c:\Users\Yaroslav\Python\Yellow-Wave\core\ui\widgets\sliders\track_slider.py", line 103, in start_countdown
    self.update_time()
  File "c:\Users\Yaroslav\Python\Yellow-Wave\core\ui\widgets\sliders\track_slider.py", line 148, in update_time
    self.main.frontend.play_menu.sound.on_track_end()
  File "c:\Users\Yaroslav\Python\Yellow-Wave\core\ui\widgets\menu\main_menu.py", line 306, in on_track_end
    self.play_music(self.current)
  File "c:\Users\Yaroslav\Python\Yellow-Wave\core\ui\widgets\menu\main_menu.py", line 190, in play_music
    self.slider.start_countdown()
  File "c:\Users\Yaroslav\Python\Yellow-Wave\core\ui\widgets\sliders\track_slider.py", line 103, in start_countdown
    self.update_time()
  File "c:\Users\Yaroslav\Python\Yellow-Wave\core\ui\widgets\sliders\track_slider.py", line 148, in update_time
    self.main.frontend.play_menu.sound.on_track_end()
  File "c:\Users\Yaroslav\Python\Yellow-Wave\core\ui\widgets\menu\main_menu.py", line 306, in on_track_end
    self.play_music(self.current)
  File "c:\Users\Yaroslav\Python\Yellow-Wave\core\ui\widgets\menu\main_menu.py", line 190, in play_music
    self.slider.start_countdown()
  File "c:\Users\Yaroslav\Python\Yellow-Wave\core\ui\widgets\sliders\track_slider.py", line 103, in start_countdown
    self.update_time()
  File "c:\Users\Yaroslav\Python\Yellow-Wave\core\ui\widgets\sliders\track_slider.py", line 148, in update_time
    self.main.frontend.play_menu.sound.on_track_end()
  File "c:\Users\Yaroslav\Python\Yellow-Wave\core\ui\widgets\menu\main_menu.py", line 306, in on_track_end
    self.play_music(self.current)
  File "c:\Users\Yaroslav\Python\Yellow-Wave\core\ui\widgets\menu\main_menu.py", line 190, in play_music
    self.slider.start_countdown()
  File "c:\Users\Yaroslav\Python\Yellow-Wave\core\ui\widgets\sliders\track_slider.py", line 103, in start_countdown
    self.update_time()
  File "c:\Users\Yaroslav\Python\Yellow-Wave\core\ui\widgets\sliders\track_slider.py", line 148, in update_time
    self.main.frontend.play_menu.sound.on_track_end()
  File "c:\Users\Yaroslav\Python\Yellow-Wave\core\ui\widgets\menu\main_menu.py", line 306, in on_track_end
    self.play_music(self.current)
  File "c:\Users\Yaroslav\Python\Yellow-Wave\core\ui\widgets\menu\main_menu.py", line 190, in play_music
    self.slider.start_countdown()
  File "c:\Users\Yaroslav\Python\Yellow-Wave\core\ui\widgets\sliders\track_slider.py", line 103, in start_countdown
    self.update_time()
  File "c:\Users\Yaroslav\Python\Yellow-Wave\core\ui\widgets\sliders\track_slider.py", line 148, in update_time
    self.main.frontend.play_menu.sound.on_track_end()
  File "c:\Users\Yaroslav\Python\Yellow-Wave\core\ui\widgets\menu\main_menu.py", line 306, in on_track_end
    self.play_music(self.current)
  File "c:\Users\Yaroslav\Python\Yellow-Wave\core\ui\widgets\menu\main_menu.py", line 190, in play_music
    self.slider.start_countdown()
  File "c:\Users\Yaroslav\Python\Yellow-Wave\core\ui\widgets\sliders\track_slider.py", line 103, in start_countdown
    self.update_time()
  File "c:\Users\Yaroslav\Python\Yellow-Wave\core\ui\widgets\sliders\track_slider.py", line 148, in update_time
    self.main.frontend.play_menu.sound.on_track_end()
  File "c:\Users\Yaroslav\Python\Yellow-Wave\core\ui\widgets\menu\main_menu.py", line 306, in on_track_end
    self.play_music(self.current)
  File "c:\Users\Yaroslav\Python\Yellow-Wave\core\ui\widgets\menu\main_menu.py", line 190, in play_music
    self.slider.start_countdown()
  File "c:\Users\Yaroslav\Python\Yellow-Wave\core\ui\widgets\sliders\track_slider.py", line 103, in start_countdown
    self.update_time()
  File "c:\Users\Yaroslav\Python\Yellow-Wave\core\ui\widgets\sliders\track_slider.py", line 148, in update_time
    self.main.frontend.play_menu.sound.on_track_end()
  File "c:\Users\Yaroslav\Python\Yellow-Wave\core\ui\widgets\menu\main_menu.py", line 306, in on_track_end
    self.play_music(self.current)
  File "c:\Users\Yaroslav\Python\Yellow-Wave\core\ui\widgets\menu\main_menu.py", line 190, in play_music
    self.slider.start_countdown()
  File "c:\Users\Yaroslav\Python\Yellow-Wave\core\ui\widgets\sliders\track_slider.py", line 103, in start_countdown
    self.update_time()
  File "c:\Users\Yaroslav\Python\Yellow-Wave\core\ui\widgets\sliders\track_slider.py", line 148, in update_time
    self.main.frontend.play_menu.sound.on_track_end()
  File "c:\Users\Yaroslav\Python\Yellow-Wave\core\ui\widgets\menu\main_menu.py", line 306, in on_track_end
    self.play_music(self.current)
  File "c:\Users\Yaroslav\Python\Yellow-Wave\core\ui\widgets\menu\main_menu.py", line 190, in play_music
    self.slider.start_countdown()
  File "c:\Users\Yaroslav\Python\Yellow-Wave\core\ui\widgets\sliders\track_slider.py", line 103, in start_countdown
    self.update_time()
  File "c:\Users\Yaroslav\Python\Yellow-Wave\core\ui\widgets\sliders\track_slider.py", line 148, in update_time
    self.main.frontend.play_menu.sound.on_track_end()
  File "c:\Users\Yaroslav\Python\Yellow-Wave\core\ui\widgets\menu\main_menu.py", line 306, in on_track_end
    self.play_music(self.current)
  File "c:\Users\Yaroslav\Python\Yellow-Wave\core\ui\widgets\menu\main_menu.py", line 190, in play_music
    self.slider.start_countdown()
  File "c:\Users\Yaroslav\Python\Yellow-Wave\core\ui\widgets\sliders\track_slider.py", line 103, in start_countdown
    self.update_time()
  File "c:\Users\Yaroslav\Python\Yellow-Wave\core\ui\widgets\sliders\track_slider.py", line 148, in update_time
    self.main.frontend.play_menu.sound.on_track_end()
  File "c:\Users\Yaroslav\Python\Yellow-Wave\core\ui\widgets\menu\main_menu.py", line 306, in on_track_end
    self.play_music(self.current)
  File "c:\Users\Yaroslav\Python\Yellow-Wave\core\ui\widgets\menu\main_menu.py", line 190, in play_music
    self.slider.start_countdown()
  File "c:\Users\Yaroslav\Python\Yellow-Wave\core\ui\widgets\sliders\track_slider.py", line 103, in start_countdown
    self.update_time()
  File "c:\Users\Yaroslav\Python\Yellow-Wave\core\ui\widgets\sliders\track_slider.py", line 148, in update_time
    self.main.frontend.play_menu.sound.on_track_end()
  File "c:\Users\Yaroslav\Python\Yellow-Wave\core\ui\widgets\menu\main_menu.py", line 306, in on_track_end
    self.play_music(self.current)
  File "c:\Users\Yaroslav\Python\Yellow-Wave\core\ui\widgets\menu\main_menu.py", line 190, in play_music
    self.slider.start_countdown()
  File "c:\Users\Yaroslav\Python\Yellow-Wave\core\ui\widgets\sliders\track_slider.py", line 103, in start_countdown
    self.update_time()
  File "c:\Users\Yaroslav\Python\Yellow-Wave\core\ui\widgets\sliders\track_slider.py", line 148, in update_time
    self.main.frontend.play_menu.sound.on_track_end()
  File "c:\Users\Yaroslav\Python\Yellow-Wave\core\ui\widgets\menu\main_menu.py", line 306, in on_track_end
    self.play_music(self.current)
  File "c:\Users\Yaroslav\Python\Yellow-Wave\core\ui\widgets\menu\main_menu.py", line 190, in play_music
    self.slider.start_countdown()
  File "c:\Users\Yaroslav\Python\Yellow-Wave\core\ui\widgets\sliders\track_slider.py", line 103, in start_countdown
    self.update_time()
  File "c:\Users\Yaroslav\Python\Yellow-Wave\core\ui\widgets\sliders\track_slider.py", line 148, in update_time
    self.main.frontend.play_menu.sound.on_track_end()
  File "c:\Users\Yaroslav\Python\Yellow-Wave\core\ui\widgets\menu\main_menu.py", line 306, in on_track_end
    self.play_music(self.current)
  File "c:\Users\Yaroslav\Python\Yellow-Wave\core\ui\widgets\menu\main_menu.py", line 190, in play_music
    self.slider.start_countdown()
  File "c:\Users\Yaroslav\Python\Yellow-Wave\core\ui\widgets\sliders\track_slider.py", line 103, in start_countdown
    self.update_time()
  File "c:\Users\Yaroslav\Python\Yellow-Wave\core\ui\widgets\sliders\track_slider.py", line 148, in update_time
    self.main.frontend.play_menu.sound.on_track_end()
  File "c:\Users\Yaroslav\Python\Yellow-Wave\core\ui\widgets\menu\main_menu.py", line 306, in on_track_end
    self.play_music(self.current)
  File "c:\Users\Yaroslav\Python\Yellow-Wave\core\ui\widgets\menu\main_menu.py", line 190, in play_music
    self.slider.start_countdown()
  File "c:\Users\Yaroslav\Python\Yellow-Wave\core\ui\widgets\sliders\track_slider.py", line 103, in start_countdown
    self.update_time()
  File "c:\Users\Yaroslav\Python\Yellow-Wave\core\ui\widgets\sliders\track_slider.py", line 148, in update_time
    self.main.frontend.play_menu.sound.on_track_end()
  File "c:\Users\Yaroslav\Python\Yellow-Wave\core\ui\widgets\menu\main_menu.py", line 306, in on_track_end
    self.play_music(self.current)
  File "c:\Users\Yaroslav\Python\Yellow-Wave\core\ui\widgets\menu\main_menu.py", line 190, in play_music
    self.slider.start_countdown()
  File "c:\Users\Yaroslav\Python\Yellow-Wave\core\ui\widgets\sliders\track_slider.py", line 103, in start_countdown
    self.update_time()
  File "c:\Users\Yaroslav\Python\Yellow-Wave\core\ui\widgets\sliders\track_slider.py", line 148, in update_time
    self.main.frontend.play_menu.sound.on_track_end()
  File "c:\Users\Yaroslav\Python\Yellow-Wave\core\ui\widgets\menu\main_menu.py", line 306, in on_track_end
    self.play_music(self.current)
  File "c:\Users\Yaroslav\Python\Yellow-Wave\core\ui\widgets\menu\main_menu.py", line 190, in play_music
    self.slider.start_countdown()
  File "c:\Users\Yaroslav\Python\Yellow-Wave\core\ui\widgets\sliders\track_slider.py", line 103, in start_countdown
    self.update_time()
  File "c:\Users\Yaroslav\Python\Yellow-Wave\core\ui\widgets\sliders\track_slider.py", line 148, in update_time
    self.main.frontend.play_menu.sound.on_track_end()
  File "c:\Users\Yaroslav\Python\Yellow-Wave\core\ui\widgets\menu\main_menu.py", line 306, in on_track_end
    self.play_music(self.current)
  File "c:\Users\Yaroslav\Python\Yellow-Wave\core\ui\widgets\menu\main_menu.py", line 190, in play_music
    self.slider.start_countdown()
  File "c:\Users\Yaroslav\Python\Yellow-Wave\core\ui\widgets\sliders\track_slider.py", line 103, in start_countdown
    self.update_time()
  File "c:\Users\Yaroslav\Python\Yellow-Wave\core\ui\widgets\sliders\track_slider.py", line 148, in update_time
    self.main.frontend.play_menu.sound.on_track_end()
  File "c:\Users\Yaroslav\Python\Yellow-Wave\core\ui\widgets\menu\main_menu.py", line 306, in on_track_end
    self.play_music(self.current)
  File "c:\Users\Yaroslav\Python\Yellow-Wave\core\ui\widgets\menu\main_menu.py", line 190, in play_music
    self.slider.start_countdown()
  File "c:\Users\Yaroslav\Python\Yellow-Wave\core\ui\widgets\sliders\track_slider.py", line 103, in start_countdown
    self.update_time()
  File "c:\Users\Yaroslav\Python\Yellow-Wave\core\ui\widgets\sliders\track_slider.py", line 148, in update_time
    self.main.frontend.play_menu.sound.on_track_end()
  File "c:\Users\Yaroslav\Python\Yellow-Wave\core\ui\widgets\menu\main_menu.py", line 306, in on_track_end
    self.play_music(self.current)
  File "c:\Users\Yaroslav\Python\Yellow-Wave\core\ui\widgets\menu\main_menu.py", line 190, in play_music
    self.slider.start_countdown()
  File "c:\Users\Yaroslav\Python\Yellow-Wave\core\ui\widgets\sliders\track_slider.py", line 103, in start_countdown
    self.update_time()
  File "c:\Users\Yaroslav\Python\Yellow-Wave\core\ui\widgets\sliders\track_slider.py", line 148, in update_time
    self.main.frontend.play_menu.sound.on_track_end()
  File "c:\Users\Yaroslav\Python\Yellow-Wave\core\ui\widgets\menu\main_menu.py", line 306, in on_track_end
    self.play_music(self.current)
  File "c:\Users\Yaroslav\Python\Yellow-Wave\core\ui\widgets\menu\main_menu.py", line 190, in play_music
    self.slider.start_countdown()
  File "c:\Users\Yaroslav\Python\Yellow-Wave\core\ui\widgets\sliders\track_slider.py", line 103, in start_countdown
    self.update_time()
  File "c:\Users\Yaroslav\Python\Yellow-Wave\core\ui\widgets\sliders\track_slider.py", line 148, in update_time
    self.main.frontend.play_menu.sound.on_track_end()
  File "c:\Users\Yaroslav\Python\Yellow-Wave\core\ui\widgets\menu\main_menu.py", line 306, in on_track_end
    self.play_music(self.current)
  File "c:\Users\Yaroslav\Python\Yellow-Wave\core\ui\widgets\menu\main_menu.py", line 190, in play_music
    self.slider.start_countdown()
  File "c:\Users\Yaroslav\Python\Yellow-Wave\core\ui\widgets\sliders\track_slider.py", line 103, in start_countdown
    self.update_time()
  File "c:\Users\Yaroslav\Python\Yellow-Wave\core\ui\widgets\sliders\track_slider.py", line 148, in update_time
    self.main.frontend.play_menu.sound.on_track_end()
  File "c:\Users\Yaroslav\Python\Yellow-Wave\core\ui\widgets\menu\main_menu.py", line 306, in on_track_end
    self.play_music(self.current)
  File "c:\Users\Yaroslav\Python\Yellow-Wave\core\ui\widgets\menu\main_menu.py", line 190, in play_music
    self.slider.start_countdown()
  File "c:\Users\Yaroslav\Python\Yellow-Wave\core\ui\widgets\sliders\track_slider.py", line 103, in start_countdown
    self.update_time()
  File "c:\Users\Yaroslav\Python\Yellow-Wave\core\ui\widgets\sliders\track_slider.py", line 148, in update_time
    self.main.frontend.play_menu.sound.on_track_end()
  File "c:\Users\Yaroslav\Python\Yellow-Wave\core\ui\widgets\menu\main_menu.py", line 306, in on_track_end
    self.play_music(self.current)
  File "c:\Users\Yaroslav\Python\Yellow-Wave\core\ui\widgets\menu\main_menu.py", line 190, in play_music
    self.slider.start_countdown()
  File "c:\Users\Yaroslav\Python\Yellow-Wave\core\ui\widgets\sliders\track_slider.py", line 103, in start_countdown
    self.update_time()
  File "c:\Users\Yaroslav\Python\Yellow-Wave\core\ui\widgets\sliders\track_slider.py", line 148, in update_time
    self.main.frontend.play_menu.sound.on_track_end()
  File "c:\Users\Yaroslav\Python\Yellow-Wave\core\ui\widgets\menu\main_menu.py", line 306, in on_track_end
    self.play_music(self.current)
  File "c:\Users\Yaroslav\Python\Yellow-Wave\core\ui\widgets\menu\main_menu.py", line 190, in play_music
    self.slider.start_countdown()
  File "c:\Users\Yaroslav\Python\Yellow-Wave\core\ui\widgets\sliders\track_slider.py", line 103, in start_countdown
    self.update_time()
  File "c:\Users\Yaroslav\Python\Yellow-Wave\core\ui\widgets\sliders\track_slider.py", line 148, in update_time
    self.main.frontend.play_menu.sound.on_track_end()
  File "c:\Users\Yaroslav\Python\Yellow-Wave\core\ui\widgets\menu\main_menu.py", line 306, in on_track_end
    self.play_music(self.current)
  File "c:\Users\Yaroslav\Python\Yellow-Wave\core\ui\widgets\menu\main_menu.py", line 190, in play_music
    self.slider.start_countdown()
  File "c:\Users\Yaroslav\Python\Yellow-Wave\core\ui\widgets\sliders\track_slider.py", line 103, in start_countdown
    self.update_time()
  File "c:\Users\Yaroslav\Python\Yellow-Wave\core\ui\widgets\sliders\track_slider.py", line 148, in update_time
    self.main.frontend.play_menu.sound.on_track_end()
  File "c:\Users\Yaroslav\Python\Yellow-Wave\core\ui\widgets\menu\main_menu.py", line 306, in on_track_end
    self.play_music(self.current)
  File "c:\Users\Yaroslav\Python\Yellow-Wave\core\ui\widgets\menu\main_menu.py", line 190, in play_music
    self.slider.start_countdown()
  File "c:\Users\Yaroslav\Python\Yellow-Wave\core\ui\widgets\sliders\track_slider.py", line 103, in start_countdown
    self.update_time()
  File "c:\Users\Yaroslav\Python\Yellow-Wave\core\ui\widgets\sliders\track_slider.py", line 148, in update_time
    self.main.frontend.play_menu.sound.on_track_end()
  File "c:\Users\Yaroslav\Python\Yellow-Wave\core\ui\widgets\menu\main_menu.py", line 306, in on_track_end
    self.play_music(self.current)
  File "c:\Users\Yaroslav\Python\Yellow-Wave\core\ui\widgets\menu\main_menu.py", line 190, in play_music
    self.slider.start_countdown()
  File "c:\Users\Yaroslav\Python\Yellow-Wave\core\ui\widgets\sliders\track_slider.py", line 103, in start_countdown
    self.update_time()
  File "c:\Users\Yaroslav\Python\Yellow-Wave\core\ui\widgets\sliders\track_slider.py", line 148, in update_time
    self.main.frontend.play_menu.sound.on_track_end()
  File "c:\Users\Yaroslav\Python\Yellow-Wave\core\ui\widgets\menu\main_menu.py", line 306, in on_track_end
    self.play_music(self.current)
  File "c:\Users\Yaroslav\Python\Yellow-Wave\core\ui\widgets\menu\main_menu.py", line 190, in play_music
    self.slider.start_countdown()
  File "c:\Users\Yaroslav\Python\Yellow-Wave\core\ui\widgets\sliders\track_slider.py", line 103, in start_countdown
    self.update_time()
  File "c:\Users\Yaroslav\Python\Yellow-Wave\core\ui\widgets\sliders\track_slider.py", line 148, in update_time
    self.main.frontend.play_menu.sound.on_track_end()
  File "c:\Users\Yaroslav\Python\Yellow-Wave\core\ui\widgets\menu\main_menu.py", line 306, in on_track_end
    self.play_music(self.current)
  File "c:\Users\Yaroslav\Python\Yellow-Wave\core\ui\widgets\menu\main_menu.py", line 190, in play_music
    self.slider.start_countdown()
  File "c:\Users\Yaroslav\Python\Yellow-Wave\core\ui\widgets\sliders\track_slider.py", line 103, in start_countdown
    self.update_time()
  File "c:\Users\Yaroslav\Python\Yellow-Wave\core\ui\widgets\sliders\track_slider.py", line 148, in update_time
    self.main.frontend.play_menu.sound.on_track_end()
  File "c:\Users\Yaroslav\Python\Yellow-Wave\core\ui\widgets\menu\main_menu.py", line 306, in on_track_end
    self.play_music(self.current)
  File "c:\Users\Yaroslav\Python\Yellow-Wave\core\ui\widgets\menu\main_menu.py", line 190, in play_music
    self.slider.start_countdown()
  File "c:\Users\Yaroslav\Python\Yellow-Wave\core\ui\widgets\sliders\track_slider.py", line 103, in start_countdown
    self.update_time()
  File "c:\Users\Yaroslav\Python\Yellow-Wave\core\ui\widgets\sliders\track_slider.py", line 148, in update_time
    self.main.frontend.play_menu.sound.on_track_end()
  File "c:\Users\Yaroslav\Python\Yellow-Wave\core\ui\widgets\menu\main_menu.py", line 306, in on_track_end
    self.play_music(self.current)
  File "c:\Users\Yaroslav\Python\Yellow-Wave\core\ui\widgets\menu\main_menu.py", line 190, in play_music
    self.slider.start_countdown()
  File "c:\Users\Yaroslav\Python\Yellow-Wave\core\ui\widgets\sliders\track_slider.py", line 103, in start_countdown
    self.update_time()
  File "c:\Users\Yaroslav\Python\Yellow-Wave\core\ui\widgets\sliders\track_slider.py", line 148, in update_time
    self.main.frontend.play_menu.sound.on_track_end()
  File "c:\Users\Yaroslav\Python\Yellow-Wave\core\ui\widgets\menu\main_menu.py", line 306, in on_track_end
    self.play_music(self.current)
  File "c:\Users\Yaroslav\Python\Yellow-Wave\core\ui\widgets\menu\main_menu.py", line 190, in play_music
    self.slider.start_countdown()
  File "c:\Users\Yaroslav\Python\Yellow-Wave\core\ui\widgets\sliders\track_slider.py", line 103, in start_countdown
    self.update_time()
  File "c:\Users\Yaroslav\Python\Yellow-Wave\core\ui\widgets\sliders\track_slider.py", line 148, in update_time
    self.main.frontend.play_menu.sound.on_track_end()
  File "c:\Users\Yaroslav\Python\Yellow-Wave\core\ui\widgets\menu\main_menu.py", line 306, in on_track_end
    self.play_music(self.current)
  File "c:\Users\Yaroslav\Python\Yellow-Wave\core\ui\widgets\menu\main_menu.py", line 190, in play_music
    self.slider.start_countdown()
  File "c:\Users\Yaroslav\Python\Yellow-Wave\core\ui\widgets\sliders\track_slider.py", line 103, in start_countdown
    self.update_time()
  File "c:\Users\Yaroslav\Python\Yellow-Wave\core\ui\widgets\sliders\track_slider.py", line 148, in update_time
    self.main.frontend.play_menu.sound.on_track_end()
  File "c:\Users\Yaroslav\Python\Yellow-Wave\core\ui\widgets\menu\main_menu.py", line 306, in on_track_end
    self.play_music(self.current)
  File "c:\Users\Yaroslav\Python\Yellow-Wave\core\ui\widgets\menu\main_menu.py", line 190, in play_music
    self.slider.start_countdown()
  File "c:\Users\Yaroslav\Python\Yellow-Wave\core\ui\widgets\sliders\track_slider.py", line 103, in start_countdown
    self.update_time()
  File "c:\Users\Yaroslav\Python\Yellow-Wave\core\ui\widgets\sliders\track_slider.py", line 148, in update_time
    self.main.frontend.play_menu.sound.on_track_end()
  File "c:\Users\Yaroslav\Python\Yellow-Wave\core\ui\widgets\menu\main_menu.py", line 306, in on_track_end
    self.play_music(self.current)
  File "c:\Users\Yaroslav\Python\Yellow-Wave\core\ui\widgets\menu\main_menu.py", line 190, in play_music
    self.slider.start_countdown()
  File "c:\Users\Yaroslav\Python\Yellow-Wave\core\ui\widgets\sliders\track_slider.py", line 103, in start_countdown
    self.update_time()
  File "c:\Users\Yaroslav\Python\Yellow-Wave\core\ui\widgets\sliders\track_slider.py", line 148, in update_time
    self.main.frontend.play_menu.sound.on_track_end()
  File "c:\Users\Yaroslav\Python\Yellow-Wave\core\ui\widgets\menu\main_menu.py", line 306, in on_track_end
    self.play_music(self.current)
  File "c:\Users\Yaroslav\Python\Yellow-Wave\core\ui\widgets\menu\main_menu.py", line 190, in play_music
    self.slider.start_countdown()
  File "c:\Users\Yaroslav\Python\Yellow-Wave\core\ui\widgets\sliders\track_slider.py", line 103, in start_countdown
    self.update_time()
  File "c:\Users\Yaroslav\Python\Yellow-Wave\core\ui\widgets\sliders\track_slider.py", line 148, in update_time
    self.main.frontend.play_menu.sound.on_track_end()
  File "c:\Users\Yaroslav\Python\Yellow-Wave\core\ui\widgets\menu\main_menu.py", line 306, in on_track_end
    self.play_music(self.current)
  File "c:\Users\Yaroslav\Python\Yellow-Wave\core\ui\widgets\menu\main_menu.py", line 190, in play_music
    self.slider.start_countdown()
  File "c:\Users\Yaroslav\Python\Yellow-Wave\core\ui\widgets\sliders\track_slider.py", line 103, in start_countdown
    self.update_time()
  File "c:\Users\Yaroslav\Python\Yellow-Wave\core\ui\widgets\sliders\track_slider.py", line 148, in update_time
    self.main.frontend.play_menu.sound.on_track_end()
  File "c:\Users\Yaroslav\Python\Yellow-Wave\core\ui\widgets\menu\main_menu.py", line 306, in on_track_end
    self.play_music(self.current)
  File "c:\Users\Yaroslav\Python\Yellow-Wave\core\ui\widgets\menu\main_menu.py", line 190, in play_music
    self.slider.start_countdown()
  File "c:\Users\Yaroslav\Python\Yellow-Wave\core\ui\widgets\sliders\track_slider.py", line 103, in start_countdown
    self.update_time()
  File "c:\Users\Yaroslav\Python\Yellow-Wave\core\ui\widgets\sliders\track_slider.py", line 148, in update_time
    self.main.frontend.play_menu.sound.on_track_end()
  File "c:\Users\Yaroslav\Python\Yellow-Wave\core\ui\widgets\menu\main_menu.py", line 306, in on_track_end
    self.play_music(self.current)
  File "c:\Users\Yaroslav\Python\Yellow-Wave\core\ui\widgets\menu\main_menu.py", line 190, in play_music
    self.slider.start_countdown()
  File "c:\Users\Yaroslav\Python\Yellow-Wave\core\ui\widgets\sliders\track_slider.py", line 103, in start_countdown
    self.update_time()
  File "c:\Users\Yaroslav\Python\Yellow-Wave\core\ui\widgets\sliders\track_slider.py", line 148, in update_time
    self.main.frontend.play_menu.sound.on_track_end()
  File "c:\Users\Yaroslav\Python\Yellow-Wave\core\ui\widgets\menu\main_menu.py", line 306, in on_track_end
    self.play_music(self.current)
  File "c:\Users\Yaroslav\Python\Yellow-Wave\core\ui\widgets\menu\main_menu.py", line 190, in play_music
    self.slider.start_countdown()
  File "c:\Users\Yaroslav\Python\Yellow-Wave\core\ui\widgets\sliders\track_slider.py", line 103, in start_countdown
    self.update_time()
  File "c:\Users\Yaroslav\Python\Yellow-Wave\core\ui\widgets\sliders\track_slider.py", line 148, in update_time
    self.main.frontend.play_menu.sound.on_track_end()
  File "c:\Users\Yaroslav\Python\Yellow-Wave\core\ui\widgets\menu\main_menu.py", line 306, in on_track_end
    self.play_music(self.current)
  File "c:\Users\Yaroslav\Python\Yellow-Wave\core\ui\widgets\menu\main_menu.py", line 190, in play_music
    self.slider.start_countdown()
  File "c:\Users\Yaroslav\Python\Yellow-Wave\core\ui\widgets\sliders\track_slider.py", line 103, in start_countdown
    self.update_time()
  File "c:\Users\Yaroslav\Python\Yellow-Wave\core\ui\widgets\sliders\track_slider.py", line 148, in update_time
    self.main.frontend.play_menu.sound.on_track_end()
  File "c:\Users\Yaroslav\Python\Yellow-Wave\core\ui\widgets\menu\main_menu.py", line 306, in on_track_end
    self.play_music(self.current)
  File "c:\Users\Yaroslav\Python\Yellow-Wave\core\ui\widgets\menu\main_menu.py", line 190, in play_music
    self.slider.start_countdown()
  File "c:\Users\Yaroslav\Python\Yellow-Wave\core\ui\widgets\sliders\track_slider.py", line 103, in start_countdown
    self.update_time()
  File "c:\Users\Yaroslav\Python\Yellow-Wave\core\ui\widgets\sliders\track_slider.py", line 148, in update_time
    self.main.frontend.play_menu.sound.on_track_end()
  File "c:\Users\Yaroslav\Python\Yellow-Wave\core\ui\widgets\menu\main_menu.py", line 306, in on_track_end
    self.play_music(self.current)
  File "c:\Users\Yaroslav\Python\Yellow-Wave\core\ui\widgets\menu\main_menu.py", line 190, in play_music
    self.slider.start_countdown()
  File "c:\Users\Yaroslav\Python\Yellow-Wave\core\ui\widgets\sliders\track_slider.py", line 103, in start_countdown
    self.update_time()
  File "c:\Users\Yaroslav\Python\Yellow-Wave\core\ui\widgets\sliders\track_slider.py", line 148, in update_time
    self.main.frontend.play_menu.sound.on_track_end()
  File "c:\Users\Yaroslav\Python\Yellow-Wave\core\ui\widgets\menu\main_menu.py", line 306, in on_track_end
    self.play_music(self.current)
  File "c:\Users\Yaroslav\Python\Yellow-Wave\core\ui\widgets\menu\main_menu.py", line 190, in play_music
    self.slider.start_countdown()
  File "c:\Users\Yaroslav\Python\Yellow-Wave\core\ui\widgets\sliders\track_slider.py", line 103, in start_countdown
    self.update_time()
  File "c:\Users\Yaroslav\Python\Yellow-Wave\core\ui\widgets\sliders\track_slider.py", line 148, in update_time
    self.main.frontend.play_menu.sound.on_track_end()
  File "c:\Users\Yaroslav\Python\Yellow-Wave\core\ui\widgets\menu\main_menu.py", line 306, in on_track_end
    self.play_music(self.current)
  File "c:\Users\Yaroslav\Python\Yellow-Wave\core\ui\widgets\menu\main_menu.py", line 190, in play_music
    self.slider.start_countdown()
  File "c:\Users\Yaroslav\Python\Yellow-Wave\core\ui\widgets\sliders\track_slider.py", line 103, in start_countdown
    self.update_time()
  File "c:\Users\Yaroslav\Python\Yellow-Wave\core\ui\widgets\sliders\track_slider.py", line 148, in update_time
    self.main.frontend.play_menu.sound.on_track_end()
  File "c:\Users\Yaroslav\Python\Yellow-Wave\core\ui\widgets\menu\main_menu.py", line 306, in on_track_end
    self.play_music(self.current)
  File "c:\Users\Yaroslav\Python\Yellow-Wave\core\ui\widgets\menu\main_menu.py", line 190, in play_music
    self.slider.start_countdown()
  File "c:\Users\Yaroslav\Python\Yellow-Wave\core\ui\widgets\sliders\track_slider.py", line 103, in start_countdown
    self.update_time()
  File "c:\Users\Yaroslav\Python\Yellow-Wave\core\ui\widgets\sliders\track_slider.py", line 148, in update_time
    self.main.frontend.play_menu.sound.on_track_end()
  File "c:\Users\Yaroslav\Python\Yellow-Wave\core\ui\widgets\menu\main_menu.py", line 306, in on_track_end
    self.play_music(self.current)
  File "c:\Users\Yaroslav\Python\Yellow-Wave\core\ui\widgets\menu\main_menu.py", line 190, in play_music
    self.slider.start_countdown()
  File "c:\Users\Yaroslav\Python\Yellow-Wave\core\ui\widgets\sliders\track_slider.py", line 103, in start_countdown
    self.update_time()
  File "c:\Users\Yaroslav\Python\Yellow-Wave\core\ui\widgets\sliders\track_slider.py", line 148, in update_time
    self.main.frontend.play_menu.sound.on_track_end()
  File "c:\Users\Yaroslav\Python\Yellow-Wave\core\ui\widgets\menu\main_menu.py", line 306, in on_track_end
    self.play_music(self.current)
  File "c:\Users\Yaroslav\Python\Yellow-Wave\core\ui\widgets\menu\main_menu.py", line 190, in play_music
    self.slider.start_countdown()
  File "c:\Users\Yaroslav\Python\Yellow-Wave\core\ui\widgets\sliders\track_slider.py", line 103, in start_countdown
    self.update_time()
  File "c:\Users\Yaroslav\Python\Yellow-Wave\core\ui\widgets\sliders\track_slider.py", line 148, in update_time
    self.main.frontend.play_menu.sound.on_track_end()
  File "c:\Users\Yaroslav\Python\Yellow-Wave\core\ui\widgets\menu\main_menu.py", line 306, in on_track_end
    self.play_music(self.current)
  File "c:\Users\Yaroslav\Python\Yellow-Wave\core\ui\widgets\menu\main_menu.py", line 190, in play_music
    self.slider.start_countdown()
  File "c:\Users\Yaroslav\Python\Yellow-Wave\core\ui\widgets\sliders\track_slider.py", line 103, in start_countdown
    self.update_time()
  File "c:\Users\Yaroslav\Python\Yellow-Wave\core\ui\widgets\sliders\track_slider.py", line 148, in update_time
    self.main.frontend.play_menu.sound.on_track_end()
  File "c:\Users\Yaroslav\Python\Yellow-Wave\core\ui\widgets\menu\main_menu.py", line 306, in on_track_end
    self.play_music(self.current)
  File "c:\Users\Yaroslav\Python\Yellow-Wave\core\ui\widgets\menu\main_menu.py", line 190, in play_music
    self.slider.start_countdown()
  File "c:\Users\Yaroslav\Python\Yellow-Wave\core\ui\widgets\sliders\track_slider.py", line 103, in start_countdown
    self.update_time()
  File "c:\Users\Yaroslav\Python\Yellow-Wave\core\ui\widgets\sliders\track_slider.py", line 148, in update_time
    self.main.frontend.play_menu.sound.on_track_end()
  File "c:\Users\Yaroslav\Python\Yellow-Wave\core\ui\widgets\menu\main_menu.py", line 306, in on_track_end
    self.play_music(self.current)
  File "c:\Users\Yaroslav\Python\Yellow-Wave\core\ui\widgets\menu\main_menu.py", line 190, in play_music
    self.slider.start_countdown()
  File "c:\Users\Yaroslav\Python\Yellow-Wave\core\ui\widgets\sliders\track_slider.py", line 103, in start_countdown
    self.update_time()
  File "c:\Users\Yaroslav\Python\Yellow-Wave\core\ui\widgets\sliders\track_slider.py", line 148, in update_time
    self.main.frontend.play_menu.sound.on_track_end()
  File "c:\Users\Yaroslav\Python\Yellow-Wave\core\ui\widgets\menu\main_menu.py", line 306, in on_track_end
    self.play_music(self.current)
  File "c:\Users\Yaroslav\Python\Yellow-Wave\core\ui\widgets\menu\main_menu.py", line 190, in play_music
    self.slider.start_countdown()
  File "c:\Users\Yaroslav\Python\Yellow-Wave\core\ui\widgets\sliders\track_slider.py", line 103, in start_countdown
    self.update_time()
  File "c:\Users\Yaroslav\Python\Yellow-Wave\core\ui\widgets\sliders\track_slider.py", line 148, in update_time
    self.main.frontend.play_menu.sound.on_track_end()
  File "c:\Users\Yaroslav\Python\Yellow-Wave\core\ui\widgets\menu\main_menu.py", line 306, in on_track_end
    self.play_music(self.current)
  File "c:\Users\Yaroslav\Python\Yellow-Wave\core\ui\widgets\menu\main_menu.py", line 190, in play_music
    self.slider.start_countdown()
  File "c:\Users\Yaroslav\Python\Yellow-Wave\core\ui\widgets\sliders\track_slider.py", line 103, in start_countdown
    self.update_time()
  File "c:\Users\Yaroslav\Python\Yellow-Wave\core\ui\widgets\sliders\track_slider.py", line 148, in update_time
    self.main.frontend.play_menu.sound.on_track_end()
  File "c:\Users\Yaroslav\Python\Yellow-Wave\core\ui\widgets\menu\main_menu.py", line 306, in on_track_end
    self.play_music(self.current)
  File "c:\Users\Yaroslav\Python\Yellow-Wave\core\ui\widgets\menu\main_menu.py", line 190, in play_music
    self.slider.start_countdown()
  File "c:\Users\Yaroslav\Python\Yellow-Wave\core\ui\widgets\sliders\track_slider.py", line 103, in start_countdown
    self.update_time()
  File "c:\Users\Yaroslav\Python\Yellow-Wave\core\ui\widgets\sliders\track_slider.py", line 148, in update_time
    self.main.frontend.play_menu.sound.on_track_end()
  File "c:\Users\Yaroslav\Python\Yellow-Wave\core\ui\widgets\menu\main_menu.py", line 306, in on_track_end
    self.play_music(self.current)
  File "c:\Users\Yaroslav\Python\Yellow-Wave\core\ui\widgets\menu\main_menu.py", line 190, in play_music
    self.slider.start_countdown()
  File "c:\Users\Yaroslav\Python\Yellow-Wave\core\ui\widgets\sliders\track_slider.py", line 103, in start_countdown
    self.update_time()
  File "c:\Users\Yaroslav\Python\Yellow-Wave\core\ui\widgets\sliders\track_slider.py", line 148, in update_time
    self.main.frontend.play_menu.sound.on_track_end()
  File "c:\Users\Yaroslav\Python\Yellow-Wave\core\ui\widgets\menu\main_menu.py", line 306, in on_track_end
    self.play_music(self.current)
  File "c:\Users\Yaroslav\Python\Yellow-Wave\core\ui\widgets\menu\main_menu.py", line 190, in play_music
    self.slider.start_countdown()
  File "c:\Users\Yaroslav\Python\Yellow-Wave\core\ui\widgets\sliders\track_slider.py", line 103, in start_countdown
    self.update_time()
  File "c:\Users\Yaroslav\Python\Yellow-Wave\core\ui\widgets\sliders\track_slider.py", line 148, in update_time
    self.main.frontend.play_menu.sound.on_track_end()
  File "c:\Users\Yaroslav\Python\Yellow-Wave\core\ui\widgets\menu\main_menu.py", line 306, in on_track_end
    self.play_music(self.current)
  File "c:\Users\Yaroslav\Python\Yellow-Wave\core\ui\widgets\menu\main_menu.py", line 190, in play_music
    self.slider.start_countdown()
  File "c:\Users\Yaroslav\Python\Yellow-Wave\core\ui\widgets\sliders\track_slider.py", line 103, in start_countdown
    self.update_time()
  File "c:\Users\Yaroslav\Python\Yellow-Wave\core\ui\widgets\sliders\track_slider.py", line 148, in update_time
    self.main.frontend.play_menu.sound.on_track_end()
  File "c:\Users\Yaroslav\Python\Yellow-Wave\core\ui\widgets\menu\main_menu.py", line 306, in on_track_end
    self.play_music(self.current)
  File "c:\Users\Yaroslav\Python\Yellow-Wave\core\ui\widgets\menu\main_menu.py", line 190, in play_music
    self.slider.start_countdown()
  File "c:\Users\Yaroslav\Python\Yellow-Wave\core\ui\widgets\sliders\track_slider.py", line 103, in start_countdown
    self.update_time()
  File "c:\Users\Yaroslav\Python\Yellow-Wave\core\ui\widgets\sliders\track_slider.py", line 148, in update_time
    self.main.frontend.play_menu.sound.on_track_end()
  File "c:\Users\Yaroslav\Python\Yellow-Wave\core\ui\widgets\menu\main_menu.py", line 306, in on_track_end
    self.play_music(self.current)
  File "c:\Users\Yaroslav\Python\Yellow-Wave\core\ui\widgets\menu\main_menu.py", line 190, in play_music
    self.slider.start_countdown()
  File "c:\Users\Yaroslav\Python\Yellow-Wave\core\ui\widgets\sliders\track_slider.py", line 103, in start_countdown
    self.update_time()
  File "c:\Users\Yaroslav\Python\Yellow-Wave\core\ui\widgets\sliders\track_slider.py", line 148, in update_time
    self.main.frontend.play_menu.sound.on_track_end()
  File "c:\Users\Yaroslav\Python\Yellow-Wave\core\ui\widgets\menu\main_menu.py", line 306, in on_track_end
    self.play_music(self.current)
  File "c:\Users\Yaroslav\Python\Yellow-Wave\core\ui\widgets\menu\main_menu.py", line 190, in play_music
    self.slider.start_countdown()
  File "c:\Users\Yaroslav\Python\Yellow-Wave\core\ui\widgets\sliders\track_slider.py", line 103, in start_countdown
    self.update_time()
  File "c:\Users\Yaroslav\Python\Yellow-Wave\core\ui\widgets\sliders\track_slider.py", line 148, in update_time
    self.main.frontend.play_menu.sound.on_track_end()
  File "c:\Users\Yaroslav\Python\Yellow-Wave\core\ui\widgets\menu\main_menu.py", line 306, in on_track_end
    self.play_music(self.current)
  File "c:\Users\Yaroslav\Python\Yellow-Wave\core\ui\widgets\menu\main_menu.py", line 190, in play_music
    self.slider.start_countdown()
  File "c:\Users\Yaroslav\Python\Yellow-Wave\core\ui\widgets\sliders\track_slider.py", line 103, in start_countdown
    self.update_time()
  File "c:\Users\Yaroslav\Python\Yellow-Wave\core\ui\widgets\sliders\track_slider.py", line 148, in update_time
    self.main.frontend.play_menu.sound.on_track_end()
  File "c:\Users\Yaroslav\Python\Yellow-Wave\core\ui\widgets\menu\main_menu.py", line 306, in on_track_end
    self.play_music(self.current)
  File "c:\Users\Yaroslav\Python\Yellow-Wave\core\ui\widgets\menu\main_menu.py", line 190, in play_music
    self.slider.start_countdown()
  File "c:\Users\Yaroslav\Python\Yellow-Wave\core\ui\widgets\sliders\track_slider.py", line 103, in start_countdown
    self.update_time()
  File "c:\Users\Yaroslav\Python\Yellow-Wave\core\ui\widgets\sliders\track_slider.py", line 148, in update_time
    self.main.frontend.play_menu.sound.on_track_end()
  File "c:\Users\Yaroslav\Python\Yellow-Wave\core\ui\widgets\menu\main_menu.py", line 306, in on_track_end
    self.play_music(self.current)
  File "c:\Users\Yaroslav\Python\Yellow-Wave\core\ui\widgets\menu\main_menu.py", line 190, in play_music
    self.slider.start_countdown()
  File "c:\Users\Yaroslav\Python\Yellow-Wave\core\ui\widgets\sliders\track_slider.py", line 103, in start_countdown
    self.update_time()
  File "c:\Users\Yaroslav\Python\Yellow-Wave\core\ui\widgets\sliders\track_slider.py", line 148, in update_time
    self.main.frontend.play_menu.sound.on_track_end()
  File "c:\Users\Yaroslav\Python\Yellow-Wave\core\ui\widgets\menu\main_menu.py", line 306, in on_track_end
    self.play_music(self.current)
  File "c:\Users\Yaroslav\Python\Yellow-Wave\core\ui\widgets\menu\main_menu.py", line 190, in play_music
    self.slider.start_countdown()
  File "c:\Users\Yaroslav\Python\Yellow-Wave\core\ui\widgets\sliders\track_slider.py", line 103, in start_countdown
    self.update_time()
  File "c:\Users\Yaroslav\Python\Yellow-Wave\core\ui\widgets\sliders\track_slider.py", line 148, in update_time
    self.main.frontend.play_menu.sound.on_track_end()
  File "c:\Users\Yaroslav\Python\Yellow-Wave\core\ui\widgets\menu\main_menu.py", line 306, in on_track_end
    self.play_music(self.current)
  File "c:\Users\Yaroslav\Python\Yellow-Wave\core\ui\widgets\menu\main_menu.py", line 190, in play_music
    self.slider.start_countdown()
  File "c:\Users\Yaroslav\Python\Yellow-Wave\core\ui\widgets\sliders\track_slider.py", line 103, in start_countdown
    self.update_time()
  File "c:\Users\Yaroslav\Python\Yellow-Wave\core\ui\widgets\sliders\track_slider.py", line 148, in update_time
    self.main.frontend.play_menu.sound.on_track_end()
  File "c:\Users\Yaroslav\Python\Yellow-Wave\core\ui\widgets\menu\main_menu.py", line 306, in on_track_end
    self.play_music(self.current)
  File "c:\Users\Yaroslav\Python\Yellow-Wave\core\ui\widgets\menu\main_menu.py", line 190, in play_music
    self.slider.start_countdown()
  File "c:\Users\Yaroslav\Python\Yellow-Wave\core\ui\widgets\sliders\track_slider.py", line 103, in start_countdown
    self.update_time()
  File "c:\Users\Yaroslav\Python\Yellow-Wave\core\ui\widgets\sliders\track_slider.py", line 148, in update_time
    self.main.frontend.play_menu.sound.on_track_end()
  File "c:\Users\Yaroslav\Python\Yellow-Wave\core\ui\widgets\menu\main_menu.py", line 306, in on_track_end
    self.play_music(self.current)
  File "c:\Users\Yaroslav\Python\Yellow-Wave\core\ui\widgets\menu\main_menu.py", line 190, in play_music
    self.slider.start_countdown()
  File "c:\Users\Yaroslav\Python\Yellow-Wave\core\ui\widgets\sliders\track_slider.py", line 103, in start_countdown
    self.update_time()
  File "c:\Users\Yaroslav\Python\Yellow-Wave\core\ui\widgets\sliders\track_slider.py", line 148, in update_time
    self.main.frontend.play_menu.sound.on_track_end()
  File "c:\Users\Yaroslav\Python\Yellow-Wave\core\ui\widgets\menu\main_menu.py", line 306, in on_track_end
    self.play_music(self.current)
  File "c:\Users\Yaroslav\Python\Yellow-Wave\core\ui\widgets\menu\main_menu.py", line 190, in play_music
    self.slider.start_countdown()
  File "c:\Users\Yaroslav\Python\Yellow-Wave\core\ui\widgets\sliders\track_slider.py", line 103, in start_countdown
    self.update_time()
  File "c:\Users\Yaroslav\Python\Yellow-Wave\core\ui\widgets\sliders\track_slider.py", line 148, in update_time
    self.main.frontend.play_menu.sound.on_track_end()
  File "c:\Users\Yaroslav\Python\Yellow-Wave\core\ui\widgets\menu\main_menu.py", line 306, in on_track_end
    self.play_music(self.current)
  File "c:\Users\Yaroslav\Python\Yellow-Wave\core\ui\widgets\menu\main_menu.py", line 190, in play_music
    self.slider.start_countdown()
  File "c:\Users\Yaroslav\Python\Yellow-Wave\core\ui\widgets\sliders\track_slider.py", line 103, in start_countdown
    self.update_time()
  File "c:\Users\Yaroslav\Python\Yellow-Wave\core\ui\widgets\sliders\track_slider.py", line 148, in update_time
    self.main.frontend.play_menu.sound.on_track_end()
  File "c:\Users\Yaroslav\Python\Yellow-Wave\core\ui\widgets\menu\main_menu.py", line 306, in on_track_end
    self.play_music(self.current)
  File "c:\Users\Yaroslav\Python\Yellow-Wave\core\ui\widgets\menu\main_menu.py", line 190, in play_music
    self.slider.start_countdown()
  File "c:\Users\Yaroslav\Python\Yellow-Wave\core\ui\widgets\sliders\track_slider.py", line 103, in start_countdown
    self.update_time()
  File "c:\Users\Yaroslav\Python\Yellow-Wave\core\ui\widgets\sliders\track_slider.py", line 148, in update_time
    self.main.frontend.play_menu.sound.on_track_end()
  File "c:\Users\Yaroslav\Python\Yellow-Wave\core\ui\widgets\menu\main_menu.py", line 306, in on_track_end
    self.play_music(self.current)
  File "c:\Users\Yaroslav\Python\Yellow-Wave\core\ui\widgets\menu\main_menu.py", line 190, in play_music
    self.slider.start_countdown()
  File "c:\Users\Yaroslav\Python\Yellow-Wave\core\ui\widgets\sliders\track_slider.py", line 103, in start_countdown
    self.update_time()
  File "c:\Users\Yaroslav\Python\Yellow-Wave\core\ui\widgets\sliders\track_slider.py", line 148, in update_time
    self.main.frontend.play_menu.sound.on_track_end()
  File "c:\Users\Yaroslav\Python\Yellow-Wave\core\ui\widgets\menu\main_menu.py", line 306, in on_track_end
    self.play_music(self.current)
  File "c:\Users\Yaroslav\Python\Yellow-Wave\core\ui\widgets\menu\main_menu.py", line 190, in play_music
    self.slider.start_countdown()
  File "c:\Users\Yaroslav\Python\Yellow-Wave\core\ui\widgets\sliders\track_slider.py", line 103, in start_countdown
    self.update_time()
  File "c:\Users\Yaroslav\Python\Yellow-Wave\core\ui\widgets\sliders\track_slider.py", line 148, in update_time
    self.main.frontend.play_menu.sound.on_track_end()
  File "c:\Users\Yaroslav\Python\Yellow-Wave\core\ui\widgets\menu\main_menu.py", line 306, in on_track_end
    self.play_music(self.current)
  File "c:\Users\Yaroslav\Python\Yellow-Wave\core\ui\widgets\menu\main_menu.py", line 190, in play_music
    self.slider.start_countdown()
  File "c:\Users\Yaroslav\Python\Yellow-Wave\core\ui\widgets\sliders\track_slider.py", line 103, in start_countdown
    self.update_time()
  File "c:\Users\Yaroslav\Python\Yellow-Wave\core\ui\widgets\sliders\track_slider.py", line 148, in update_time
    self.main.frontend.play_menu.sound.on_track_end()
  File "c:\Users\Yaroslav\Python\Yellow-Wave\core\ui\widgets\menu\main_menu.py", line 306, in on_track_end
    self.play_music(self.current)
  File "c:\Users\Yaroslav\Python\Yellow-Wave\core\ui\widgets\menu\main_menu.py", line 190, in play_music
    self.slider.start_countdown()
  File "c:\Users\Yaroslav\Python\Yellow-Wave\core\ui\widgets\sliders\track_slider.py", line 103, in start_countdown
    self.update_time()
  File "c:\Users\Yaroslav\Python\Yellow-Wave\core\ui\widgets\sliders\track_slider.py", line 148, in update_time
    self.main.frontend.play_menu.sound.on_track_end()
  File "c:\Users\Yaroslav\Python\Yellow-Wave\core\ui\widgets\menu\main_menu.py", line 306, in on_track_end
    self.play_music(self.current)
  File "c:\Users\Yaroslav\Python\Yellow-Wave\core\ui\widgets\menu\main_menu.py", line 190, in play_music
    self.slider.start_countdown()
  File "c:\Users\Yaroslav\Python\Yellow-Wave\core\ui\widgets\sliders\track_slider.py", line 103, in start_countdown
    self.update_time()
  File "c:\Users\Yaroslav\Python\Yellow-Wave\core\ui\widgets\sliders\track_slider.py", line 148, in update_time
    self.main.frontend.play_menu.sound.on_track_end()
  File "c:\Users\Yaroslav\Python\Yellow-Wave\core\ui\widgets\menu\main_menu.py", line 306, in on_track_end
    self.play_music(self.current)
  File "c:\Users\Yaroslav\Python\Yellow-Wave\core\ui\widgets\menu\main_menu.py", line 190, in play_music
    self.slider.start_countdown()
  File "c:\Users\Yaroslav\Python\Yellow-Wave\core\ui\widgets\sliders\track_slider.py", line 103, in start_countdown
    self.update_time()
  File "c:\Users\Yaroslav\Python\Yellow-Wave\core\ui\widgets\sliders\track_slider.py", line 148, in update_time
    self.main.frontend.play_menu.sound.on_track_end()
  File "c:\Users\Yaroslav\Python\Yellow-Wave\core\ui\widgets\menu\main_menu.py", line 306, in on_track_end
    self.play_music(self.current)
  File "c:\Users\Yaroslav\Python\Yellow-Wave\core\ui\widgets\menu\main_menu.py", line 190, in play_music
    self.slider.start_countdown()
  File "c:\Users\Yaroslav\Python\Yellow-Wave\core\ui\widgets\sliders\track_slider.py", line 103, in start_countdown
    self.update_time()
  File "c:\Users\Yaroslav\Python\Yellow-Wave\core\ui\widgets\sliders\track_slider.py", line 148, in update_time
    self.main.frontend.play_menu.sound.on_track_end()
  File "c:\Users\Yaroslav\Python\Yellow-Wave\core\ui\widgets\menu\main_menu.py", line 306, in on_track_end
    self.play_music(self.current)
  File "c:\Users\Yaroslav\Python\Yellow-Wave\core\ui\widgets\menu\main_menu.py", line 190, in play_music
    self.slider.start_countdown()
  File "c:\Users\Yaroslav\Python\Yellow-Wave\core\ui\widgets\sliders\track_slider.py", line 103, in start_countdown
    self.update_time()
  File "c:\Users\Yaroslav\Python\Yellow-Wave\core\ui\widgets\sliders\track_slider.py", line 148, in update_time
    self.main.frontend.play_menu.sound.on_track_end()
  File "c:\Users\Yaroslav\Python\Yellow-Wave\core\ui\widgets\menu\main_menu.py", line 306, in on_track_end
    self.play_music(self.current)
  File "c:\Users\Yaroslav\Python\Yellow-Wave\core\ui\widgets\menu\main_menu.py", line 190, in play_music
    self.slider.start_countdown()
  File "c:\Users\Yaroslav\Python\Yellow-Wave\core\ui\widgets\sliders\track_slider.py", line 103, in start_countdown
    self.update_time()
  File "c:\Users\Yaroslav\Python\Yellow-Wave\core\ui\widgets\sliders\track_slider.py", line 148, in update_time
    self.main.frontend.play_menu.sound.on_track_end()
  File "c:\Users\Yaroslav\Python\Yellow-Wave\core\ui\widgets\menu\main_menu.py", line 306, in on_track_end
    self.play_music(self.current)
  File "c:\Users\Yaroslav\Python\Yellow-Wave\core\ui\widgets\menu\main_menu.py", line 190, in play_music
    self.slider.start_countdown()
  File "c:\Users\Yaroslav\Python\Yellow-Wave\core\ui\widgets\sliders\track_slider.py", line 103, in start_countdown
    self.update_time()
  File "c:\Users\Yaroslav\Python\Yellow-Wave\core\ui\widgets\sliders\track_slider.py", line 148, in update_time
    self.main.frontend.play_menu.sound.on_track_end()
  File "c:\Users\Yaroslav\Python\Yellow-Wave\core\ui\widgets\menu\main_menu.py", line 306, in on_track_end
    self.play_music(self.current)
  File "c:\Users\Yaroslav\Python\Yellow-Wave\core\ui\widgets\menu\main_menu.py", line 190, in play_music
    self.slider.start_countdown()
  File "c:\Users\Yaroslav\Python\Yellow-Wave\core\ui\widgets\sliders\track_slider.py", line 103, in start_countdown
    self.update_time()
  File "c:\Users\Yaroslav\Python\Yellow-Wave\core\ui\widgets\sliders\track_slider.py", line 148, in update_time
    self.main.frontend.play_menu.sound.on_track_end()
  File "c:\Users\Yaroslav\Python\Yellow-Wave\core\ui\widgets\menu\main_menu.py", line 306, in on_track_end
    self.play_music(self.current)
  File "c:\Users\Yaroslav\Python\Yellow-Wave\core\ui\widgets\menu\main_menu.py", line 190, in play_music
    self.slider.start_countdown()
  File "c:\Users\Yaroslav\Python\Yellow-Wave\core\ui\widgets\sliders\track_slider.py", line 103, in start_countdown
    self.update_time()
  File "c:\Users\Yaroslav\Python\Yellow-Wave\core\ui\widgets\sliders\track_slider.py", line 148, in update_time
    self.main.frontend.play_menu.sound.on_track_end()
  File "c:\Users\Yaroslav\Python\Yellow-Wave\core\ui\widgets\menu\main_menu.py", line 306, in on_track_end
    self.play_music(self.current)
  File "c:\Users\Yaroslav\Python\Yellow-Wave\core\ui\widgets\menu\main_menu.py", line 190, in play_music
    self.slider.start_countdown()
  File "c:\Users\Yaroslav\Python\Yellow-Wave\core\ui\widgets\sliders\track_slider.py", line 103, in start_countdown
    self.update_time()
  File "c:\Users\Yaroslav\Python\Yellow-Wave\core\ui\widgets\sliders\track_slider.py", line 148, in update_time
    self.main.frontend.play_menu.sound.on_track_end()
  File "c:\Users\Yaroslav\Python\Yellow-Wave\core\ui\widgets\menu\main_menu.py", line 306, in on_track_end
    self.play_music(self.current)
  File "c:\Users\Yaroslav\Python\Yellow-Wave\core\ui\widgets\menu\main_menu.py", line 190, in play_music
    self.slider.start_countdown()
  File "c:\Users\Yaroslav\Python\Yellow-Wave\core\ui\widgets\sliders\track_slider.py", line 103, in start_countdown
    self.update_time()
  File "c:\Users\Yaroslav\Python\Yellow-Wave\core\ui\widgets\sliders\track_slider.py", line 148, in update_time
    self.main.frontend.play_menu.sound.on_track_end()
  File "c:\Users\Yaroslav\Python\Yellow-Wave\core\ui\widgets\menu\main_menu.py", line 306, in on_track_end
    self.play_music(self.current)
  File "c:\Users\Yaroslav\Python\Yellow-Wave\core\ui\widgets\menu\main_menu.py", line 190, in play_music
    self.slider.start_countdown()
  File "c:\Users\Yaroslav\Python\Yellow-Wave\core\ui\widgets\sliders\track_slider.py", line 103, in start_countdown
    self.update_time()
  File "c:\Users\Yaroslav\Python\Yellow-Wave\core\ui\widgets\sliders\track_slider.py", line 148, in update_time
    self.main.frontend.play_menu.sound.on_track_end()
  File "c:\Users\Yaroslav\Python\Yellow-Wave\core\ui\widgets\menu\main_menu.py", line 306, in on_track_end
    self.play_music(self.current)
  File "c:\Users\Yaroslav\Python\Yellow-Wave\core\ui\widgets\menu\main_menu.py", line 190, in play_music
    self.slider.start_countdown()
  File "c:\Users\Yaroslav\Python\Yellow-Wave\core\ui\widgets\sliders\track_slider.py", line 103, in start_countdown
    self.update_time()
  File "c:\Users\Yaroslav\Python\Yellow-Wave\core\ui\widgets\sliders\track_slider.py", line 148, in update_time
    self.main.frontend.play_menu.sound.on_track_end()
  File "c:\Users\Yaroslav\Python\Yellow-Wave\core\ui\widgets\menu\main_menu.py", line 306, in on_track_end
    self.play_music(self.current)
  File "c:\Users\Yaroslav\Python\Yellow-Wave\core\ui\widgets\menu\main_menu.py", line 190, in play_music
    self.slider.start_countdown()
  File "c:\Users\Yaroslav\Python\Yellow-Wave\core\ui\widgets\sliders\track_slider.py", line 103, in start_countdown
    self.update_time()
  File "c:\Users\Yaroslav\Python\Yellow-Wave\core\ui\widgets\sliders\track_slider.py", line 148, in update_time
    self.main.frontend.play_menu.sound.on_track_end()
  File "c:\Users\Yaroslav\Python\Yellow-Wave\core\ui\widgets\menu\main_menu.py", line 306, in on_track_end
    self.play_music(self.current)
  File "c:\Users\Yaroslav\Python\Yellow-Wave\core\ui\widgets\menu\main_menu.py", line 190, in play_music
    self.slider.start_countdown()
  File "c:\Users\Yaroslav\Python\Yellow-Wave\core\ui\widgets\sliders\track_slider.py", line 103, in start_countdown
    self.update_time()
  File "c:\Users\Yaroslav\Python\Yellow-Wave\core\ui\widgets\sliders\track_slider.py", line 148, in update_time
    self.main.frontend.play_menu.sound.on_track_end()
  File "c:\Users\Yaroslav\Python\Yellow-Wave\core\ui\widgets\menu\main_menu.py", line 306, in on_track_end
    self.play_music(self.current)
  File "c:\Users\Yaroslav\Python\Yellow-Wave\core\ui\widgets\menu\main_menu.py", line 190, in play_music
    self.slider.start_countdown()
  File "c:\Users\Yaroslav\Python\Yellow-Wave\core\ui\widgets\sliders\track_slider.py", line 103, in start_countdown
    self.update_time()
  File "c:\Users\Yaroslav\Python\Yellow-Wave\core\ui\widgets\sliders\track_slider.py", line 148, in update_time
    self.main.frontend.play_menu.sound.on_track_end()
  File "c:\Users\Yaroslav\Python\Yellow-Wave\core\ui\widgets\menu\main_menu.py", line 306, in on_track_end
    self.play_music(self.current)
  File "c:\Users\Yaroslav\Python\Yellow-Wave\core\ui\widgets\menu\main_menu.py", line 190, in play_music
    self.slider.start_countdown()
  File "c:\Users\Yaroslav\Python\Yellow-Wave\core\ui\widgets\sliders\track_slider.py", line 103, in start_countdown
    self.update_time()
  File "c:\Users\Yaroslav\Python\Yellow-Wave\core\ui\widgets\sliders\track_slider.py", line 148, in update_time
    self.main.frontend.play_menu.sound.on_track_end()
  File "c:\Users\Yaroslav\Python\Yellow-Wave\core\ui\widgets\menu\main_menu.py", line 306, in on_track_end
    self.play_music(self.current)
  File "c:\Users\Yaroslav\Python\Yellow-Wave\core\ui\widgets\menu\main_menu.py", line 190, in play_music
    self.slider.start_countdown()
  File "c:\Users\Yaroslav\Python\Yellow-Wave\core\ui\widgets\sliders\track_slider.py", line 103, in start_countdown
    self.update_time()
  File "c:\Users\Yaroslav\Python\Yellow-Wave\core\ui\widgets\sliders\track_slider.py", line 148, in update_time
    self.main.frontend.play_menu.sound.on_track_end()
  File "c:\Users\Yaroslav\Python\Yellow-Wave\core\ui\widgets\menu\main_menu.py", line 306, in on_track_end
    self.play_music(self.current)
  File "c:\Users\Yaroslav\Python\Yellow-Wave\core\ui\widgets\menu\main_menu.py", line 190, in play_music
    self.slider.start_countdown()
  File "c:\Users\Yaroslav\Python\Yellow-Wave\core\ui\widgets\sliders\track_slider.py", line 103, in start_countdown
    self.update_time()
  File "c:\Users\Yaroslav\Python\Yellow-Wave\core\ui\widgets\sliders\track_slider.py", line 148, in update_time
    self.main.frontend.play_menu.sound.on_track_end()
  File "c:\Users\Yaroslav\Python\Yellow-Wave\core\ui\widgets\menu\main_menu.py", line 306, in on_track_end
    self.play_music(self.current)
  File "c:\Users\Yaroslav\Python\Yellow-Wave\core\ui\widgets\menu\main_menu.py", line 190, in play_music
    self.slider.start_countdown()
  File "c:\Users\Yaroslav\Python\Yellow-Wave\core\ui\widgets\sliders\track_slider.py", line 103, in start_countdown
    self.update_time()
  File "c:\Users\Yaroslav\Python\Yellow-Wave\core\ui\widgets\sliders\track_slider.py", line 148, in update_time
    self.main.frontend.play_menu.sound.on_track_end()
  File "c:\Users\Yaroslav\Python\Yellow-Wave\core\ui\widgets\menu\main_menu.py", line 306, in on_track_end
    self.play_music(self.current)
  File "c:\Users\Yaroslav\Python\Yellow-Wave\core\ui\widgets\menu\main_menu.py", line 190, in play_music
    self.slider.start_countdown()
  File "c:\Users\Yaroslav\Python\Yellow-Wave\core\ui\widgets\sliders\track_slider.py", line 103, in start_countdown
    self.update_time()
  File "c:\Users\Yaroslav\Python\Yellow-Wave\core\ui\widgets\sliders\track_slider.py", line 148, in update_time
    self.main.frontend.play_menu.sound.on_track_end()
  File "c:\Users\Yaroslav\Python\Yellow-Wave\core\ui\widgets\menu\main_menu.py", line 306, in on_track_end
    self.play_music(self.current)
  File "c:\Users\Yaroslav\Python\Yellow-Wave\core\ui\widgets\menu\main_menu.py", line 190, in play_music
    self.slider.start_countdown()
  File "c:\Users\Yaroslav\Python\Yellow-Wave\core\ui\widgets\sliders\track_slider.py", line 103, in start_countdown
    self.update_time()
  File "c:\Users\Yaroslav\Python\Yellow-Wave\core\ui\widgets\sliders\track_slider.py", line 148, in update_time
    self.main.frontend.play_menu.sound.on_track_end()
  File "c:\Users\Yaroslav\Python\Yellow-Wave\core\ui\widgets\menu\main_menu.py", line 306, in on_track_end
    self.play_music(self.current)
  File "c:\Users\Yaroslav\Python\Yellow-Wave\core\ui\widgets\menu\main_menu.py", line 190, in play_music
    self.slider.start_countdown()
  File "c:\Users\Yaroslav\Python\Yellow-Wave\core\ui\widgets\sliders\track_slider.py", line 103, in start_countdown
    self.update_time()
  File "c:\Users\Yaroslav\Python\Yellow-Wave\core\ui\widgets\sliders\track_slider.py", line 148, in update_time
    self.main.frontend.play_menu.sound.on_track_end()
  File "c:\Users\Yaroslav\Python\Yellow-Wave\core\ui\widgets\menu\main_menu.py", line 306, in on_track_end
    self.play_music(self.current)
  File "c:\Users\Yaroslav\Python\Yellow-Wave\core\ui\widgets\menu\main_menu.py", line 190, in play_music
    self.slider.start_countdown()
  File "c:\Users\Yaroslav\Python\Yellow-Wave\core\ui\widgets\sliders\track_slider.py", line 103, in start_countdown
    self.update_time()
  File "c:\Users\Yaroslav\Python\Yellow-Wave\core\ui\widgets\sliders\track_slider.py", line 148, in update_time
    self.main.frontend.play_menu.sound.on_track_end()
  File "c:\Users\Yaroslav\Python\Yellow-Wave\core\ui\widgets\menu\main_menu.py", line 306, in on_track_end
    self.play_music(self.current)
  File "c:\Users\Yaroslav\Python\Yellow-Wave\core\ui\widgets\menu\main_menu.py", line 190, in play_music
    self.slider.start_countdown()
  File "c:\Users\Yaroslav\Python\Yellow-Wave\core\ui\widgets\sliders\track_slider.py", line 103, in start_countdown
    self.update_time()
  File "c:\Users\Yaroslav\Python\Yellow-Wave\core\ui\widgets\sliders\track_slider.py", line 148, in update_time
    self.main.frontend.play_menu.sound.on_track_end()
  File "c:\Users\Yaroslav\Python\Yellow-Wave\core\ui\widgets\menu\main_menu.py", line 306, in on_track_end
    self.play_music(self.current)
  File "c:\Users\Yaroslav\Python\Yellow-Wave\core\ui\widgets\menu\main_menu.py", line 190, in play_music
    self.slider.start_countdown()
  File "c:\Users\Yaroslav\Python\Yellow-Wave\core\ui\widgets\sliders\track_slider.py", line 103, in start_countdown
    self.update_time()
  File "c:\Users\Yaroslav\Python\Yellow-Wave\core\ui\widgets\sliders\track_slider.py", line 148, in update_time
    self.main.frontend.play_menu.sound.on_track_end()
  File "c:\Users\Yaroslav\Python\Yellow-Wave\core\ui\widgets\menu\main_menu.py", line 306, in on_track_end
    self.play_music(self.current)
  File "c:\Users\Yaroslav\Python\Yellow-Wave\core\ui\widgets\menu\main_menu.py", line 190, in play_music
    self.slider.start_countdown()
  File "c:\Users\Yaroslav\Python\Yellow-Wave\core\ui\widgets\sliders\track_slider.py", line 103, in start_countdown
    self.update_time()
  File "c:\Users\Yaroslav\Python\Yellow-Wave\core\ui\widgets\sliders\track_slider.py", line 148, in update_time
    self.main.frontend.play_menu.sound.on_track_end()
  File "c:\Users\Yaroslav\Python\Yellow-Wave\core\ui\widgets\menu\main_menu.py", line 306, in on_track_end
    self.play_music(self.current)
  File "c:\Users\Yaroslav\Python\Yellow-Wave\core\ui\widgets\menu\main_menu.py", line 190, in play_music
    self.slider.start_countdown()
  File "c:\Users\Yaroslav\Python\Yellow-Wave\core\ui\widgets\sliders\track_slider.py", line 103, in start_countdown
    self.update_time()
  File "c:\Users\Yaroslav\Python\Yellow-Wave\core\ui\widgets\sliders\track_slider.py", line 148, in update_time
    self.main.frontend.play_menu.sound.on_track_end()
  File "c:\Users\Yaroslav\Python\Yellow-Wave\core\ui\widgets\menu\main_menu.py", line 306, in on_track_end
    self.play_music(self.current)
  File "c:\Users\Yaroslav\Python\Yellow-Wave\core\ui\widgets\menu\main_menu.py", line 190, in play_music
    self.slider.start_countdown()
  File "c:\Users\Yaroslav\Python\Yellow-Wave\core\ui\widgets\sliders\track_slider.py", line 103, in start_countdown
    self.update_time()
  File "c:\Users\Yaroslav\Python\Yellow-Wave\core\ui\widgets\sliders\track_slider.py", line 148, in update_time
    self.main.frontend.play_menu.sound.on_track_end()
  File "c:\Users\Yaroslav\Python\Yellow-Wave\core\ui\widgets\menu\main_menu.py", line 306, in on_track_end
    self.play_music(self.current)
  File "c:\Users\Yaroslav\Python\Yellow-Wave\core\ui\widgets\menu\main_menu.py", line 179, in play_music
    pygame.mixer.music.load(str(self.tracks[track]))
RecursionError: maximum recursion depth exceeded
2026-09-28 22:32:08 [INFO] YellowWave: Yellow Wave Player stopped
2026-09-29 10:33:54 [INFO] YellowWave: Yellow Wave Music Player started
2026-09-29 10:34:23 [INFO] YellowWave: Yellow Wave Player stopped
2026-09-29 11:20:42 [INFO] YellowWave: Yellow Wave Music Player started
2026-09-29 11:20:55 [INFO] YellowWave: Yellow Wave Player stopped
2026-09-29 12:20:29 [INFO] YellowWave: Yellow Wave Music Player started
2026-09-29 12:20:41 [INFO] YellowWave: Yellow Wave Player stopped
2026-09-29 12:21:21 [INFO] YellowWave: Yellow Wave Music Player started
2026-09-29 12:21:22 [CRITICAL] YellowWave: Необработанное исключение
Traceback (most recent call last):
  File "c:/Users/Yaroslav/Python/Yellow-Wave/main.py", line 143, in <module>
    window = MainWindow(app)
  File "c:/Users/Yaroslav/Python/Yellow-Wave/main.py", line 69, in __init__
    self.application.start()
  File "c:\Users\Yaroslav\Python\Yellow-Wave\core\app\application.py", line 118, in start
    self.frontend.init_ui()
  File "c:\Users\Yaroslav\Python\Yellow-Wave\core\app\application.py", line 130, in frontend
    from core.ui.main.frontend import Frontend
  File "c:\Users\Yaroslav\Python\Yellow-Wave\core\ui\main\frontend.py", line 15, in <module>
    from core.ui.widgets.menu.main_menu import MainPlayMenu
  File "c:\Users\Yaroslav\Python\Yellow-Wave\core\ui\widgets\menu\main_menu.py", line 21, in <module>
    from core.ui.widgets.buttons.mute_button import MuteButton
  File "c:\Users\Yaroslav\Python\Yellow-Wave\core\ui\widgets\buttons\mute_button.py", line 23, in <module>
    class MuteButton(QWidget):
  File "c:\Users\Yaroslav\Python\Yellow-Wave\core\ui\widgets\buttons\mute_button.py", line 39, in MuteButton
    sound: Optional[SoundEngine] = None,
NameError: name 'SoundEngine' is not defined
2026-09-29 13:38:57 [INFO] YellowWave: Yellow Wave Music Player started
2026-09-29 13:39:07 [INFO] YellowWave: Yellow Wave Player stopped
2026-09-29 14:41:44 [INFO] YellowWave: Yellow Wave Music Player started
2026-09-29 14:41:54 [INFO] YellowWave: Yellow Wave Player stopped
2026-09-29 14:42:17 [INFO] YellowWave: Yellow Wave Music Player started
2026-09-29 14:42:24 [INFO] YellowWave: Yellow Wave Player stopped
2026-09-29 18:23:52 [INFO] YellowWave: Yellow Wave Music Player started
2026-09-29 18:25:14 [INFO] YellowWave: Yellow Wave Player stopped
2026-09-29 18:34:18 [INFO] YellowWave: Yellow Wave Music Player started
2026-09-29 18:34:18 [CRITICAL] YellowWave: Необработанное исключение
Traceback (most recent call last):
  File "c:/Users/Yaroslav/Python/Yellow-Wave/main.py", line 142, in <module>
    window = MainWindow(app)
  File "c:/Users/Yaroslav/Python/Yellow-Wave/main.py", line 72, in __init__
    self.screen.center_window(self,
  File "C:\Program Files\Python38\lib\functools.py", line 967, in __get__
    val = self.func(instance)
  File "c:/Users/Yaroslav/Python/Yellow-Wave/main.py", line 86, in screen
    return Screen()
NameError: name 'Screen' is not defined
2026-09-29 18:39:20 [INFO] YellowWave: Yellow Wave Music Player started
2026-09-29 18:39:20 [CRITICAL] YellowWave: Необработанное исключение
Traceback (most recent call last):
  File "c:/Users/Yaroslav/Python/Yellow-Wave/main.py", line 142, in <module>
    window = MainWindow(app)
  File "c:/Users/Yaroslav/Python/Yellow-Wave/main.py", line 72, in __init__
    self.screen.center_window(self,
  File "C:\Program Files\Python38\lib\functools.py", line 967, in __get__
    val = self.func(instance)
  File "c:/Users/Yaroslav/Python/Yellow-Wave/main.py", line 86, in screen
    return Screen()
NameError: name 'Screen' is not defined
2026-09-29 18:45:44 [INFO] YellowWave: Yellow Wave Music Player started
2026-09-29 18:46:22 [INFO] YellowWave: Yellow Wave Music Player started
2026-09-29 18:46:33 [INFO] YellowWave: Yellow Wave Player stopped
2026-09-29 18:57:02 [INFO] YellowWave: Yellow Wave Music Player started
2026-09-29 18:57:10 [INFO] YellowWave: Yellow Wave Player stopped
2026-09-29 19:18:19 [INFO] YellowWave: Yellow Wave Music Player started
2026-09-29 19:18:25 [INFO] YellowWave: Yellow Wave Player stopped
2026-09-29 21:50:16 [INFO] YellowWave: Yellow Wave Music Player started
2026-09-29 21:51:57 [CRITICAL] YellowWave: Необработанное исключение
Traceback (most recent call last):
  File "c:\Users\Yaroslav\Python\Yellow-Wave\core\ui\widgets\dialogs\enter_dialog.py", line 109, in check_characters
    self.next_button.setEnabled(bool(self.enter_name.text().strip()))
AttributeError: 'EnterNameDialog' object has no attribute 'next_button'
2026-09-29 21:55:00 [INFO] YellowWave: Yellow Wave Player stopped
2026-09-29 21:56:39 [INFO] YellowWave: Yellow Wave Music Player started
2026-09-29 21:56:50 [INFO] YellowWave: Yellow Wave Player stopped
2026-09-29 22:28:02 [INFO] YellowWave: Yellow Wave Music Player started
2026-09-29 22:32:35 [INFO] YellowWave: Yellow Wave Player stopped
2026-09-30 09:47:57 [INFO] YellowWave: Yellow Wave Music Player started
2026-09-30 09:50:22 [INFO] YellowWave: Yellow Wave Player stopped
2026-09-30 16:05:47 [INFO] YellowWave: Yellow Wave Music Player started
2026-09-30 16:06:12 [INFO] YellowWave: Yellow Wave Music Player started
2026-09-30 16:11:33 [CRITICAL] YellowWave: Необработанное исключение
Traceback (most recent call last):
  File "c:\Users\Yaroslav\Python\Yellow-Wave\core\ui\widgets\sliders\track_slider.py", line 231, in update_time
    self.main.frontend.play_menu.sound.on_track_end()
  File "c:\Users\Yaroslav\Python\Yellow-Wave\core\ui\widgets\menu\main_menu.py", line 439, in on_track_end
    self.play_music(self.current)
  File "c:\Users\Yaroslav\Python\Yellow-Wave\core\ui\widgets\menu\main_menu.py", line 278, in play_music
    self.slider.start_countdown()
  File "c:\Users\Yaroslav\Python\Yellow-Wave\core\ui\widgets\sliders\track_slider.py", line 173, in start_countdown
    self.update_time()
  File "c:\Users\Yaroslav\Python\Yellow-Wave\core\ui\widgets\sliders\track_slider.py", line 231, in update_time
    self.main.frontend.play_menu.sound.on_track_end()
  File "c:\Users\Yaroslav\Python\Yellow-Wave\core\ui\widgets\menu\main_menu.py", line 439, in on_track_end
    self.play_music(self.current)
  File "c:\Users\Yaroslav\Python\Yellow-Wave\core\ui\widgets\menu\main_menu.py", line 278, in play_music
    self.slider.start_countdown()
  File "c:\Users\Yaroslav\Python\Yellow-Wave\core\ui\widgets\sliders\track_slider.py", line 173, in start_countdown
    self.update_time()
  File "c:\Users\Yaroslav\Python\Yellow-Wave\core\ui\widgets\sliders\track_slider.py", line 231, in update_time
    self.main.frontend.play_menu.sound.on_track_end()
  File "c:\Users\Yaroslav\Python\Yellow-Wave\core\ui\widgets\menu\main_menu.py", line 439, in on_track_end
    self.play_music(self.current)
  File "c:\Users\Yaroslav\Python\Yellow-Wave\core\ui\widgets\menu\main_menu.py", line 278, in play_music
    self.slider.start_countdown()
  File "c:\Users\Yaroslav\Python\Yellow-Wave\core\ui\widgets\sliders\track_slider.py", line 173, in start_countdown
    self.update_time()
  File "c:\Users\Yaroslav\Python\Yellow-Wave\core\ui\widgets\sliders\track_slider.py", line 231, in update_time
    self.main.frontend.play_menu.sound.on_track_end()
  File "c:\Users\Yaroslav\Python\Yellow-Wave\core\ui\widgets\menu\main_menu.py", line 439, in on_track_end
    self.play_music(self.current)
  File "c:\Users\Yaroslav\Python\Yellow-Wave\core\ui\widgets\menu\main_menu.py", line 278, in play_music
    self.slider.start_countdown()
  File "c:\Users\Yaroslav\Python\Yellow-Wave\core\ui\widgets\sliders\track_slider.py", line 173, in start_countdown
    self.update_time()
  File "c:\Users\Yaroslav\Python\Yellow-Wave\core\ui\widgets\sliders\track_slider.py", line 231, in update_time
    self.main.frontend.play_menu.sound.on_track_end()
  File "c:\Users\Yaroslav\Python\Yellow-Wave\core\ui\widgets\menu\main_menu.py", line 439, in on_track_end
    self.play_music(self.current)
  File "c:\Users\Yaroslav\Python\Yellow-Wave\core\ui\widgets\menu\main_menu.py", line 278, in play_music
    self.slider.start_countdown()
  File "c:\Users\Yaroslav\Python\Yellow-Wave\core\ui\widgets\sliders\track_slider.py", line 173, in start_countdown
    self.update_time()
  File "c:\Users\Yaroslav\Python\Yellow-Wave\core\ui\widgets\sliders\track_slider.py", line 231, in update_time
    self.main.frontend.play_menu.sound.on_track_end()
  File "c:\Users\Yaroslav\Python\Yellow-Wave\core\ui\widgets\menu\main_menu.py", line 439, in on_track_end
    self.play_music(self.current)
  File "c:\Users\Yaroslav\Python\Yellow-Wave\core\ui\widgets\menu\main_menu.py", line 278, in play_music
    self.slider.start_countdown()
  File "c:\Users\Yaroslav\Python\Yellow-Wave\core\ui\widgets\sliders\track_slider.py", line 173, in start_countdown
    self.update_time()
  File "c:\Users\Yaroslav\Python\Yellow-Wave\core\ui\widgets\sliders\track_slider.py", line 231, in update_time
    self.main.frontend.play_menu.sound.on_track_end()
  File "c:\Users\Yaroslav\Python\Yellow-Wave\core\ui\widgets\menu\main_menu.py", line 439, in on_track_end
    self.play_music(self.current)
  File "c:\Users\Yaroslav\Python\Yellow-Wave\core\ui\widgets\menu\main_menu.py", line 278, in play_music
    self.slider.start_countdown()
  File "c:\Users\Yaroslav\Python\Yellow-Wave\core\ui\widgets\sliders\track_slider.py", line 173, in start_countdown
    self.update_time()
  File "c:\Users\Yaroslav\Python\Yellow-Wave\core\ui\widgets\sliders\track_slider.py", line 231, in update_time
    self.main.frontend.play_menu.sound.on_track_end()
  File "c:\Users\Yaroslav\Python\Yellow-Wave\core\ui\widgets\menu\main_menu.py", line 439, in on_track_end
    self.play_music(self.current)
  File "c:\Users\Yaroslav\Python\Yellow-Wave\core\ui\widgets\menu\main_menu.py", line 278, in play_music
    self.slider.start_countdown()
  File "c:\Users\Yaroslav\Python\Yellow-Wave\core\ui\widgets\sliders\track_slider.py", line 173, in start_countdown
    self.update_time()
  File "c:\Users\Yaroslav\Python\Yellow-Wave\core\ui\widgets\sliders\track_slider.py", line 231, in update_time
    self.main.frontend.play_menu.sound.on_track_end()
  File "c:\Users\Yaroslav\Python\Yellow-Wave\core\ui\widgets\menu\main_menu.py", line 439, in on_track_end
    self.play_music(self.current)
  File "c:\Users\Yaroslav\Python\Yellow-Wave\core\ui\widgets\menu\main_menu.py", line 278, in play_music
    self.slider.start_countdown()
  File "c:\Users\Yaroslav\Python\Yellow-Wave\core\ui\widgets\sliders\track_slider.py", line 173, in start_countdown
    self.update_time()
  File "c:\Users\Yaroslav\Python\Yellow-Wave\core\ui\widgets\sliders\track_slider.py", line 231, in update_time
    self.main.frontend.play_menu.sound.on_track_end()
  File "c:\Users\Yaroslav\Python\Yellow-Wave\core\ui\widgets\menu\main_menu.py", line 439, in on_track_end
    self.play_music(self.current)
  File "c:\Users\Yaroslav\Python\Yellow-Wave\core\ui\widgets\menu\main_menu.py", line 278, in play_music
    self.slider.start_countdown()
  File "c:\Users\Yaroslav\Python\Yellow-Wave\core\ui\widgets\sliders\track_slider.py", line 173, in start_countdown
    self.update_time()
  File "c:\Users\Yaroslav\Python\Yellow-Wave\core\ui\widgets\sliders\track_slider.py", line 231, in update_time
    self.main.frontend.play_menu.sound.on_track_end()
  File "c:\Users\Yaroslav\Python\Yellow-Wave\core\ui\widgets\menu\main_menu.py", line 439, in on_track_end
    self.play_music(self.current)
  File "c:\Users\Yaroslav\Python\Yellow-Wave\core\ui\widgets\menu\main_menu.py", line 278, in play_music
    self.slider.start_countdown()
  File "c:\Users\Yaroslav\Python\Yellow-Wave\core\ui\widgets\sliders\track_slider.py", line 173, in start_countdown
    self.update_time()
  File "c:\Users\Yaroslav\Python\Yellow-Wave\core\ui\widgets\sliders\track_slider.py", line 231, in update_time
    self.main.frontend.play_menu.sound.on_track_end()
  File "c:\Users\Yaroslav\Python\Yellow-Wave\core\ui\widgets\menu\main_menu.py", line 439, in on_track_end
    self.play_music(self.current)
  File "c:\Users\Yaroslav\Python\Yellow-Wave\core\ui\widgets\menu\main_menu.py", line 278, in play_music
    self.slider.start_countdown()
  File "c:\Users\Yaroslav\Python\Yellow-Wave\core\ui\widgets\sliders\track_slider.py", line 173, in start_countdown
    self.update_time()
  File "c:\Users\Yaroslav\Python\Yellow-Wave\core\ui\widgets\sliders\track_slider.py", line 231, in update_time
    self.main.frontend.play_menu.sound.on_track_end()
  File "c:\Users\Yaroslav\Python\Yellow-Wave\core\ui\widgets\menu\main_menu.py", line 439, in on_track_end
    self.play_music(self.current)
  File "c:\Users\Yaroslav\Python\Yellow-Wave\core\ui\widgets\menu\main_menu.py", line 278, in play_music
    self.slider.start_countdown()
  File "c:\Users\Yaroslav\Python\Yellow-Wave\core\ui\widgets\sliders\track_slider.py", line 173, in start_countdown
    self.update_time()
  File "c:\Users\Yaroslav\Python\Yellow-Wave\core\ui\widgets\sliders\track_slider.py", line 231, in update_time
    self.main.frontend.play_menu.sound.on_track_end()
  File "c:\Users\Yaroslav\Python\Yellow-Wave\core\ui\widgets\menu\main_menu.py", line 439, in on_track_end
    self.play_music(self.current)
  File "c:\Users\Yaroslav\Python\Yellow-Wave\core\ui\widgets\menu\main_menu.py", line 278, in play_music
    self.slider.start_countdown()
  File "c:\Users\Yaroslav\Python\Yellow-Wave\core\ui\widgets\sliders\track_slider.py", line 173, in start_countdown
    self.update_time()
  File "c:\Users\Yaroslav\Python\Yellow-Wave\core\ui\widgets\sliders\track_slider.py", line 231, in update_time
    self.main.frontend.play_menu.sound.on_track_end()
  File "c:\Users\Yaroslav\Python\Yellow-Wave\core\ui\widgets\menu\main_menu.py", line 439, in on_track_end
    self.play_music(self.current)
  File "c:\Users\Yaroslav\Python\Yellow-Wave\core\ui\widgets\menu\main_menu.py", line 278, in play_music
    self.slider.start_countdown()
  File "c:\Users\Yaroslav\Python\Yellow-Wave\core\ui\widgets\sliders\track_slider.py", line 173, in start_countdown
    self.update_time()
  File "c:\Users\Yaroslav\Python\Yellow-Wave\core\ui\widgets\sliders\track_slider.py", line 231, in update_time
    self.main.frontend.play_menu.sound.on_track_end()
  File "c:\Users\Yaroslav\Python\Yellow-Wave\core\ui\widgets\menu\main_menu.py", line 439, in on_track_end
    self.play_music(self.current)
  File "c:\Users\Yaroslav\Python\Yellow-Wave\core\ui\widgets\menu\main_menu.py", line 278, in play_music
    self.slider.start_countdown()
  File "c:\Users\Yaroslav\Python\Yellow-Wave\core\ui\widgets\sliders\track_slider.py", line 173, in start_countdown
    self.update_time()
  File "c:\Users\Yaroslav\Python\Yellow-Wave\core\ui\widgets\sliders\track_slider.py", line 231, in update_time
    self.main.frontend.play_menu.sound.on_track_end()
  File "c:\Users\Yaroslav\Python\Yellow-Wave\core\ui\widgets\menu\main_menu.py", line 439, in on_track_end
    self.play_music(self.current)
  File "c:\Users\Yaroslav\Python\Yellow-Wave\core\ui\widgets\menu\main_menu.py", line 278, in play_music
    self.slider.start_countdown()
  File "c:\Users\Yaroslav\Python\Yellow-Wave\core\ui\widgets\sliders\track_slider.py", line 173, in start_countdown
    self.update_time()
  File "c:\Users\Yaroslav\Python\Yellow-Wave\core\ui\widgets\sliders\track_slider.py", line 231, in update_time
    self.main.frontend.play_menu.sound.on_track_end()
  File "c:\Users\Yaroslav\Python\Yellow-Wave\core\ui\widgets\menu\main_menu.py", line 439, in on_track_end
    self.play_music(self.current)
  File "c:\Users\Yaroslav\Python\Yellow-Wave\core\ui\widgets\menu\main_menu.py", line 278, in play_music
    self.slider.start_countdown()
  File "c:\Users\Yaroslav\Python\Yellow-Wave\core\ui\widgets\sliders\track_slider.py", line 173, in start_countdown
    self.update_time()
  File "c:\Users\Yaroslav\Python\Yellow-Wave\core\ui\widgets\sliders\track_slider.py", line 231, in update_time
    self.main.frontend.play_menu.sound.on_track_end()
  File "c:\Users\Yaroslav\Python\Yellow-Wave\core\ui\widgets\menu\main_menu.py", line 439, in on_track_end
    self.play_music(self.current)
  File "c:\Users\Yaroslav\Python\Yellow-Wave\core\ui\widgets\menu\main_menu.py", line 278, in play_music
    self.slider.start_countdown()
  File "c:\Users\Yaroslav\Python\Yellow-Wave\core\ui\widgets\sliders\track_slider.py", line 173, in start_countdown
    self.update_time()
  File "c:\Users\Yaroslav\Python\Yellow-Wave\core\ui\widgets\sliders\track_slider.py", line 231, in update_time
    self.main.frontend.play_menu.sound.on_track_end()
  File "c:\Users\Yaroslav\Python\Yellow-Wave\core\ui\widgets\menu\main_menu.py", line 439, in on_track_end
    self.play_music(self.current)
  File "c:\Users\Yaroslav\Python\Yellow-Wave\core\ui\widgets\menu\main_menu.py", line 278, in play_music
    self.slider.start_countdown()
  File "c:\Users\Yaroslav\Python\Yellow-Wave\core\ui\widgets\sliders\track_slider.py", line 173, in start_countdown
    self.update_time()
  File "c:\Users\Yaroslav\Python\Yellow-Wave\core\ui\widgets\sliders\track_slider.py", line 231, in update_time
    self.main.frontend.play_menu.sound.on_track_end()
  File "c:\Users\Yaroslav\Python\Yellow-Wave\core\ui\widgets\menu\main_menu.py", line 439, in on_track_end
    self.play_music(self.current)
  File "c:\Users\Yaroslav\Python\Yellow-Wave\core\ui\widgets\menu\main_menu.py", line 278, in play_music
    self.slider.start_countdown()
  File "c:\Users\Yaroslav\Python\Yellow-Wave\core\ui\widgets\sliders\track_slider.py", line 173, in start_countdown
    self.update_time()
  File "c:\Users\Yaroslav\Python\Yellow-Wave\core\ui\widgets\sliders\track_slider.py", line 231, in update_time
    self.main.frontend.play_menu.sound.on_track_end()
  File "c:\Users\Yaroslav\Python\Yellow-Wave\core\ui\widgets\menu\main_menu.py", line 439, in on_track_end
    self.play_music(self.current)
  File "c:\Users\Yaroslav\Python\Yellow-Wave\core\ui\widgets\menu\main_menu.py", line 278, in play_music
    self.slider.start_countdown()
  File "c:\Users\Yaroslav\Python\Yellow-Wave\core\ui\widgets\sliders\track_slider.py", line 173, in start_countdown
    self.update_time()
  File "c:\Users\Yaroslav\Python\Yellow-Wave\core\ui\widgets\sliders\track_slider.py", line 231, in update_time
    self.main.frontend.play_menu.sound.on_track_end()
  File "c:\Users\Yaroslav\Python\Yellow-Wave\core\ui\widgets\menu\main_menu.py", line 439, in on_track_end
    self.play_music(self.current)
  File "c:\Users\Yaroslav\Python\Yellow-Wave\core\ui\widgets\menu\main_menu.py", line 278, in play_music
    self.slider.start_countdown()
  File "c:\Users\Yaroslav\Python\Yellow-Wave\core\ui\widgets\sliders\track_slider.py", line 173, in start_countdown
    self.update_time()
  File "c:\Users\Yaroslav\Python\Yellow-Wave\core\ui\widgets\sliders\track_slider.py", line 231, in update_time
    self.main.frontend.play_menu.sound.on_track_end()
  File "c:\Users\Yaroslav\Python\Yellow-Wave\core\ui\widgets\menu\main_menu.py", line 439, in on_track_end
    self.play_music(self.current)
  File "c:\Users\Yaroslav\Python\Yellow-Wave\core\ui\widgets\menu\main_menu.py", line 278, in play_music
    self.slider.start_countdown()
  File "c:\Users\Yaroslav\Python\Yellow-Wave\core\ui\widgets\sliders\track_slider.py", line 173, in start_countdown
    self.update_time()
  File "c:\Users\Yaroslav\Python\Yellow-Wave\core\ui\widgets\sliders\track_slider.py", line 231, in update_time
    self.main.frontend.play_menu.sound.on_track_end()
  File "c:\Users\Yaroslav\Python\Yellow-Wave\core\ui\widgets\menu\main_menu.py", line 439, in on_track_end
    self.play_music(self.current)
  File "c:\Users\Yaroslav\Python\Yellow-Wave\core\ui\widgets\menu\main_menu.py", line 278, in play_music
    self.slider.start_countdown()
  File "c:\Users\Yaroslav\Python\Yellow-Wave\core\ui\widgets\sliders\track_slider.py", line 173, in start_countdown
    self.update_time()
  File "c:\Users\Yaroslav\Python\Yellow-Wave\core\ui\widgets\sliders\track_slider.py", line 231, in update_time
    self.main.frontend.play_menu.sound.on_track_end()
  File "c:\Users\Yaroslav\Python\Yellow-Wave\core\ui\widgets\menu\main_menu.py", line 439, in on_track_end
    self.play_music(self.current)
  File "c:\Users\Yaroslav\Python\Yellow-Wave\core\ui\widgets\menu\main_menu.py", line 278, in play_music
    self.slider.start_countdown()
  File "c:\Users\Yaroslav\Python\Yellow-Wave\core\ui\widgets\sliders\track_slider.py", line 173, in start_countdown
    self.update_time()
  File "c:\Users\Yaroslav\Python\Yellow-Wave\core\ui\widgets\sliders\track_slider.py", line 231, in update_time
    self.main.frontend.play_menu.sound.on_track_end()
  File "c:\Users\Yaroslav\Python\Yellow-Wave\core\ui\widgets\menu\main_menu.py", line 439, in on_track_end
    self.play_music(self.current)
  File "c:\Users\Yaroslav\Python\Yellow-Wave\core\ui\widgets\menu\main_menu.py", line 278, in play_music
    self.slider.start_countdown()
  File "c:\Users\Yaroslav\Python\Yellow-Wave\core\ui\widgets\sliders\track_slider.py", line 173, in start_countdown
    self.update_time()
  File "c:\Users\Yaroslav\Python\Yellow-Wave\core\ui\widgets\sliders\track_slider.py", line 231, in update_time
    self.main.frontend.play_menu.sound.on_track_end()
  File "c:\Users\Yaroslav\Python\Yellow-Wave\core\ui\widgets\menu\main_menu.py", line 439, in on_track_end
    self.play_music(self.current)
  File "c:\Users\Yaroslav\Python\Yellow-Wave\core\ui\widgets\menu\main_menu.py", line 278, in play_music
    self.slider.start_countdown()
  File "c:\Users\Yaroslav\Python\Yellow-Wave\core\ui\widgets\sliders\track_slider.py", line 173, in start_countdown
    self.update_time()
  File "c:\Users\Yaroslav\Python\Yellow-Wave\core\ui\widgets\sliders\track_slider.py", line 231, in update_time
    self.main.frontend.play_menu.sound.on_track_end()
  File "c:\Users\Yaroslav\Python\Yellow-Wave\core\ui\widgets\menu\main_menu.py", line 439, in on_track_end
    self.play_music(self.current)
  File "c:\Users\Yaroslav\Python\Yellow-Wave\core\ui\widgets\menu\main_menu.py", line 278, in play_music
    self.slider.start_countdown()
  File "c:\Users\Yaroslav\Python\Yellow-Wave\core\ui\widgets\sliders\track_slider.py", line 173, in start_countdown
    self.update_time()
  File "c:\Users\Yaroslav\Python\Yellow-Wave\core\ui\widgets\sliders\track_slider.py", line 231, in update_time
    self.main.frontend.play_menu.sound.on_track_end()
  File "c:\Users\Yaroslav\Python\Yellow-Wave\core\ui\widgets\menu\main_menu.py", line 439, in on_track_end
    self.play_music(self.current)
  File "c:\Users\Yaroslav\Python\Yellow-Wave\core\ui\widgets\menu\main_menu.py", line 278, in play_music
    self.slider.start_countdown()
  File "c:\Users\Yaroslav\Python\Yellow-Wave\core\ui\widgets\sliders\track_slider.py", line 173, in start_countdown
    self.update_time()
  File "c:\Users\Yaroslav\Python\Yellow-Wave\core\ui\widgets\sliders\track_slider.py", line 231, in update_time
    self.main.frontend.play_menu.sound.on_track_end()
  File "c:\Users\Yaroslav\Python\Yellow-Wave\core\ui\widgets\menu\main_menu.py", line 439, in on_track_end
    self.play_music(self.current)
  File "c:\Users\Yaroslav\Python\Yellow-Wave\core\ui\widgets\menu\main_menu.py", line 278, in play_music
    self.slider.start_countdown()
  File "c:\Users\Yaroslav\Python\Yellow-Wave\core\ui\widgets\sliders\track_slider.py", line 173, in start_countdown
    self.update_time()
  File "c:\Users\Yaroslav\Python\Yellow-Wave\core\ui\widgets\sliders\track_slider.py", line 231, in update_time
    self.main.frontend.play_menu.sound.on_track_end()
  File "c:\Users\Yaroslav\Python\Yellow-Wave\core\ui\widgets\menu\main_menu.py", line 439, in on_track_end
    self.play_music(self.current)
  File "c:\Users\Yaroslav\Python\Yellow-Wave\core\ui\widgets\menu\main_menu.py", line 278, in play_music
    self.slider.start_countdown()
  File "c:\Users\Yaroslav\Python\Yellow-Wave\core\ui\widgets\sliders\track_slider.py", line 173, in start_countdown
    self.update_time()
  File "c:\Users\Yaroslav\Python\Yellow-Wave\core\ui\widgets\sliders\track_slider.py", line 231, in update_time
    self.main.frontend.play_menu.sound.on_track_end()
  File "c:\Users\Yaroslav\Python\Yellow-Wave\core\ui\widgets\menu\main_menu.py", line 439, in on_track_end
    self.play_music(self.current)
  File "c:\Users\Yaroslav\Python\Yellow-Wave\core\ui\widgets\menu\main_menu.py", line 278, in play_music
    self.slider.start_countdown()
  File "c:\Users\Yaroslav\Python\Yellow-Wave\core\ui\widgets\sliders\track_slider.py", line 173, in start_countdown
    self.update_time()
  File "c:\Users\Yaroslav\Python\Yellow-Wave\core\ui\widgets\sliders\track_slider.py", line 231, in update_time
    self.main.frontend.play_menu.sound.on_track_end()
  File "c:\Users\Yaroslav\Python\Yellow-Wave\core\ui\widgets\menu\main_menu.py", line 439, in on_track_end
    self.play_music(self.current)
  File "c:\Users\Yaroslav\Python\Yellow-Wave\core\ui\widgets\menu\main_menu.py", line 278, in play_music
    self.slider.start_countdown()
  File "c:\Users\Yaroslav\Python\Yellow-Wave\core\ui\widgets\sliders\track_slider.py", line 173, in start_countdown
    self.update_time()
  File "c:\Users\Yaroslav\Python\Yellow-Wave\core\ui\widgets\sliders\track_slider.py", line 231, in update_time
    self.main.frontend.play_menu.sound.on_track_end()
  File "c:\Users\Yaroslav\Python\Yellow-Wave\core\ui\widgets\menu\main_menu.py", line 439, in on_track_end
    self.play_music(self.current)
  File "c:\Users\Yaroslav\Python\Yellow-Wave\core\ui\widgets\menu\main_menu.py", line 278, in play_music
    self.slider.start_countdown()
  File "c:\Users\Yaroslav\Python\Yellow-Wave\core\ui\widgets\sliders\track_slider.py", line 173, in start_countdown
    self.update_time()
  File "c:\Users\Yaroslav\Python\Yellow-Wave\core\ui\widgets\sliders\track_slider.py", line 231, in update_time
    self.main.frontend.play_menu.sound.on_track_end()
  File "c:\Users\Yaroslav\Python\Yellow-Wave\core\ui\widgets\menu\main_menu.py", line 439, in on_track_end
    self.play_music(self.current)
  File "c:\Users\Yaroslav\Python\Yellow-Wave\core\ui\widgets\menu\main_menu.py", line 278, in play_music
    self.slider.start_countdown()
  File "c:\Users\Yaroslav\Python\Yellow-Wave\core\ui\widgets\sliders\track_slider.py", line 173, in start_countdown
    self.update_time()
  File "c:\Users\Yaroslav\Python\Yellow-Wave\core\ui\widgets\sliders\track_slider.py", line 231, in update_time
    self.main.frontend.play_menu.sound.on_track_end()
  File "c:\Users\Yaroslav\Python\Yellow-Wave\core\ui\widgets\menu\main_menu.py", line 439, in on_track_end
    self.play_music(self.current)
  File "c:\Users\Yaroslav\Python\Yellow-Wave\core\ui\widgets\menu\main_menu.py", line 278, in play_music
    self.slider.start_countdown()
  File "c:\Users\Yaroslav\Python\Yellow-Wave\core\ui\widgets\sliders\track_slider.py", line 173, in start_countdown
    self.update_time()
  File "c:\Users\Yaroslav\Python\Yellow-Wave\core\ui\widgets\sliders\track_slider.py", line 231, in update_time
    self.main.frontend.play_menu.sound.on_track_end()
  File "c:\Users\Yaroslav\Python\Yellow-Wave\core\ui\widgets\menu\main_menu.py", line 439, in on_track_end
    self.play_music(self.current)
  File "c:\Users\Yaroslav\Python\Yellow-Wave\core\ui\widgets\menu\main_menu.py", line 278, in play_music
    self.slider.start_countdown()
  File "c:\Users\Yaroslav\Python\Yellow-Wave\core\ui\widgets\sliders\track_slider.py", line 173, in start_countdown
    self.update_time()
  File "c:\Users\Yaroslav\Python\Yellow-Wave\core\ui\widgets\sliders\track_slider.py", line 231, in update_time
    self.main.frontend.play_menu.sound.on_track_end()
  File "c:\Users\Yaroslav\Python\Yellow-Wave\core\ui\widgets\menu\main_menu.py", line 439, in on_track_end
    self.play_music(self.current)
  File "c:\Users\Yaroslav\Python\Yellow-Wave\core\ui\widgets\menu\main_menu.py", line 278, in play_music
    self.slider.start_countdown()
  File "c:\Users\Yaroslav\Python\Yellow-Wave\core\ui\widgets\sliders\track_slider.py", line 173, in start_countdown
    self.update_time()
  File "c:\Users\Yaroslav\Python\Yellow-Wave\core\ui\widgets\sliders\track_slider.py", line 231, in update_time
    self.main.frontend.play_menu.sound.on_track_end()
  File "c:\Users\Yaroslav\Python\Yellow-Wave\core\ui\widgets\menu\main_menu.py", line 439, in on_track_end
    self.play_music(self.current)
  File "c:\Users\Yaroslav\Python\Yellow-Wave\core\ui\widgets\menu\main_menu.py", line 278, in play_music
    self.slider.start_countdown()
  File "c:\Users\Yaroslav\Python\Yellow-Wave\core\ui\widgets\sliders\track_slider.py", line 173, in start_countdown
    self.update_time()
  File "c:\Users\Yaroslav\Python\Yellow-Wave\core\ui\widgets\sliders\track_slider.py", line 231, in update_time
    self.main.frontend.play_menu.sound.on_track_end()
  File "c:\Users\Yaroslav\Python\Yellow-Wave\core\ui\widgets\menu\main_menu.py", line 439, in on_track_end
    self.play_music(self.current)
  File "c:\Users\Yaroslav\Python\Yellow-Wave\core\ui\widgets\menu\main_menu.py", line 278, in play_music
    self.slider.start_countdown()
  File "c:\Users\Yaroslav\Python\Yellow-Wave\core\ui\widgets\sliders\track_slider.py", line 173, in start_countdown
    self.update_time()
  File "c:\Users\Yaroslav\Python\Yellow-Wave\core\ui\widgets\sliders\track_slider.py", line 231, in update_time
    self.main.frontend.play_menu.sound.on_track_end()
  File "c:\Users\Yaroslav\Python\Yellow-Wave\core\ui\widgets\menu\main_menu.py", line 439, in on_track_end
    self.play_music(self.current)
  File "c:\Users\Yaroslav\Python\Yellow-Wave\core\ui\widgets\menu\main_menu.py", line 278, in play_music
    self.slider.start_countdown()
  File "c:\Users\Yaroslav\Python\Yellow-Wave\core\ui\widgets\sliders\track_slider.py", line 173, in start_countdown
    self.update_time()
  File "c:\Users\Yaroslav\Python\Yellow-Wave\core\ui\widgets\sliders\track_slider.py", line 231, in update_time
    self.main.frontend.play_menu.sound.on_track_end()
  File "c:\Users\Yaroslav\Python\Yellow-Wave\core\ui\widgets\menu\main_menu.py", line 439, in on_track_end
    self.play_music(self.current)
  File "c:\Users\Yaroslav\Python\Yellow-Wave\core\ui\widgets\menu\main_menu.py", line 278, in play_music
    self.slider.start_countdown()
  File "c:\Users\Yaroslav\Python\Yellow-Wave\core\ui\widgets\sliders\track_slider.py", line 173, in start_countdown
    self.update_time()
  File "c:\Users\Yaroslav\Python\Yellow-Wave\core\ui\widgets\sliders\track_slider.py", line 231, in update_time
    self.main.frontend.play_menu.sound.on_track_end()
  File "c:\Users\Yaroslav\Python\Yellow-Wave\core\ui\widgets\menu\main_menu.py", line 439, in on_track_end
    self.play_music(self.current)
  File "c:\Users\Yaroslav\Python\Yellow-Wave\core\ui\widgets\menu\main_menu.py", line 278, in play_music
    self.slider.start_countdown()
  File "c:\Users\Yaroslav\Python\Yellow-Wave\core\ui\widgets\sliders\track_slider.py", line 173, in start_countdown
    self.update_time()
  File "c:\Users\Yaroslav\Python\Yellow-Wave\core\ui\widgets\sliders\track_slider.py", line 231, in update_time
    self.main.frontend.play_menu.sound.on_track_end()
  File "c:\Users\Yaroslav\Python\Yellow-Wave\core\ui\widgets\menu\main_menu.py", line 439, in on_track_end
    self.play_music(self.current)
  File "c:\Users\Yaroslav\Python\Yellow-Wave\core\ui\widgets\menu\main_menu.py", line 278, in play_music
    self.slider.start_countdown()
  File "c:\Users\Yaroslav\Python\Yellow-Wave\core\ui\widgets\sliders\track_slider.py", line 173, in start_countdown
    self.update_time()
  File "c:\Users\Yaroslav\Python\Yellow-Wave\core\ui\widgets\sliders\track_slider.py", line 231, in update_time
    self.main.frontend.play_menu.sound.on_track_end()
  File "c:\Users\Yaroslav\Python\Yellow-Wave\core\ui\widgets\menu\main_menu.py", line 439, in on_track_end
    self.play_music(self.current)
  File "c:\Users\Yaroslav\Python\Yellow-Wave\core\ui\widgets\menu\main_menu.py", line 278, in play_music
    self.slider.start_countdown()
  File "c:\Users\Yaroslav\Python\Yellow-Wave\core\ui\widgets\sliders\track_slider.py", line 173, in start_countdown
    self.update_time()
  File "c:\Users\Yaroslav\Python\Yellow-Wave\core\ui\widgets\sliders\track_slider.py", line 231, in update_time
    self.main.frontend.play_menu.sound.on_track_end()
  File "c:\Users\Yaroslav\Python\Yellow-Wave\core\ui\widgets\menu\main_menu.py", line 439, in on_track_end
    self.play_music(self.current)
  File "c:\Users\Yaroslav\Python\Yellow-Wave\core\ui\widgets\menu\main_menu.py", line 278, in play_music
    self.slider.start_countdown()
  File "c:\Users\Yaroslav\Python\Yellow-Wave\core\ui\widgets\sliders\track_slider.py", line 173, in start_countdown
    self.update_time()
  File "c:\Users\Yaroslav\Python\Yellow-Wave\core\ui\widgets\sliders\track_slider.py", line 231, in update_time
    self.main.frontend.play_menu.sound.on_track_end()
  File "c:\Users\Yaroslav\Python\Yellow-Wave\core\ui\widgets\menu\main_menu.py", line 439, in on_track_end
    self.play_music(self.current)
  File "c:\Users\Yaroslav\Python\Yellow-Wave\core\ui\widgets\menu\main_menu.py", line 278, in play_music
    self.slider.start_countdown()
  File "c:\Users\Yaroslav\Python\Yellow-Wave\core\ui\widgets\sliders\track_slider.py", line 173, in start_countdown
    self.update_time()
  File "c:\Users\Yaroslav\Python\Yellow-Wave\core\ui\widgets\sliders\track_slider.py", line 231, in update_time
    self.main.frontend.play_menu.sound.on_track_end()
  File "c:\Users\Yaroslav\Python\Yellow-Wave\core\ui\widgets\menu\main_menu.py", line 439, in on_track_end
    self.play_music(self.current)
  File "c:\Users\Yaroslav\Python\Yellow-Wave\core\ui\widgets\menu\main_menu.py", line 278, in play_music
    self.slider.start_countdown()
  File "c:\Users\Yaroslav\Python\Yellow-Wave\core\ui\widgets\sliders\track_slider.py", line 173, in start_countdown
    self.update_time()
  File "c:\Users\Yaroslav\Python\Yellow-Wave\core\ui\widgets\sliders\track_slider.py", line 231, in update_time
    self.main.frontend.play_menu.sound.on_track_end()
  File "c:\Users\Yaroslav\Python\Yellow-Wave\core\ui\widgets\menu\main_menu.py", line 439, in on_track_end
    self.play_music(self.current)
  File "c:\Users\Yaroslav\Python\Yellow-Wave\core\ui\widgets\menu\main_menu.py", line 278, in play_music
    self.slider.start_countdown()
  File "c:\Users\Yaroslav\Python\Yellow-Wave\core\ui\widgets\sliders\track_slider.py", line 173, in start_countdown
    self.update_time()
  File "c:\Users\Yaroslav\Python\Yellow-Wave\core\ui\widgets\sliders\track_slider.py", line 231, in update_time
    self.main.frontend.play_menu.sound.on_track_end()
  File "c:\Users\Yaroslav\Python\Yellow-Wave\core\ui\widgets\menu\main_menu.py", line 439, in on_track_end
    self.play_music(self.current)
  File "c:\Users\Yaroslav\Python\Yellow-Wave\core\ui\widgets\menu\main_menu.py", line 278, in play_music
    self.slider.start_countdown()
  File "c:\Users\Yaroslav\Python\Yellow-Wave\core\ui\widgets\sliders\track_slider.py", line 173, in start_countdown
    self.update_time()
  File "c:\Users\Yaroslav\Python\Yellow-Wave\core\ui\widgets\sliders\track_slider.py", line 231, in update_time
    self.main.frontend.play_menu.sound.on_track_end()
  File "c:\Users\Yaroslav\Python\Yellow-Wave\core\ui\widgets\menu\main_menu.py", line 439, in on_track_end
    self.play_music(self.current)
  File "c:\Users\Yaroslav\Python\Yellow-Wave\core\ui\widgets\menu\main_menu.py", line 278, in play_music
    self.slider.start_countdown()
  File "c:\Users\Yaroslav\Python\Yellow-Wave\core\ui\widgets\sliders\track_slider.py", line 173, in start_countdown
    self.update_time()
  File "c:\Users\Yaroslav\Python\Yellow-Wave\core\ui\widgets\sliders\track_slider.py", line 231, in update_time
    self.main.frontend.play_menu.sound.on_track_end()
  File "c:\Users\Yaroslav\Python\Yellow-Wave\core\ui\widgets\menu\main_menu.py", line 439, in on_track_end
    self.play_music(self.current)
  File "c:\Users\Yaroslav\Python\Yellow-Wave\core\ui\widgets\menu\main_menu.py", line 278, in play_music
    self.slider.start_countdown()
  File "c:\Users\Yaroslav\Python\Yellow-Wave\core\ui\widgets\sliders\track_slider.py", line 173, in start_countdown
    self.update_time()
  File "c:\Users\Yaroslav\Python\Yellow-Wave\core\ui\widgets\sliders\track_slider.py", line 231, in update_time
    self.main.frontend.play_menu.sound.on_track_end()
  File "c:\Users\Yaroslav\Python\Yellow-Wave\core\ui\widgets\menu\main_menu.py", line 439, in on_track_end
    self.play_music(self.current)
  File "c:\Users\Yaroslav\Python\Yellow-Wave\core\ui\widgets\menu\main_menu.py", line 278, in play_music
    self.slider.start_countdown()
  File "c:\Users\Yaroslav\Python\Yellow-Wave\core\ui\widgets\sliders\track_slider.py", line 173, in start_countdown
    self.update_time()
  File "c:\Users\Yaroslav\Python\Yellow-Wave\core\ui\widgets\sliders\track_slider.py", line 231, in update_time
    self.main.frontend.play_menu.sound.on_track_end()
  File "c:\Users\Yaroslav\Python\Yellow-Wave\core\ui\widgets\menu\main_menu.py", line 439, in on_track_end
    self.play_music(self.current)
  File "c:\Users\Yaroslav\Python\Yellow-Wave\core\ui\widgets\menu\main_menu.py", line 278, in play_music
    self.slider.start_countdown()
  File "c:\Users\Yaroslav\Python\Yellow-Wave\core\ui\widgets\sliders\track_slider.py", line 173, in start_countdown
    self.update_time()
  File "c:\Users\Yaroslav\Python\Yellow-Wave\core\ui\widgets\sliders\track_slider.py", line 231, in update_time
    self.main.frontend.play_menu.sound.on_track_end()
  File "c:\Users\Yaroslav\Python\Yellow-Wave\core\ui\widgets\menu\main_menu.py", line 439, in on_track_end
    self.play_music(self.current)
  File "c:\Users\Yaroslav\Python\Yellow-Wave\core\ui\widgets\menu\main_menu.py", line 278, in play_music
    self.slider.start_countdown()
  File "c:\Users\Yaroslav\Python\Yellow-Wave\core\ui\widgets\sliders\track_slider.py", line 173, in start_countdown
    self.update_time()
  File "c:\Users\Yaroslav\Python\Yellow-Wave\core\ui\widgets\sliders\track_slider.py", line 231, in update_time
    self.main.frontend.play_menu.sound.on_track_end()
  File "c:\Users\Yaroslav\Python\Yellow-Wave\core\ui\widgets\menu\main_menu.py", line 439, in on_track_end
    self.play_music(self.current)
  File "c:\Users\Yaroslav\Python\Yellow-Wave\core\ui\widgets\menu\main_menu.py", line 278, in play_music
    self.slider.start_countdown()
  File "c:\Users\Yaroslav\Python\Yellow-Wave\core\ui\widgets\sliders\track_slider.py", line 173, in start_countdown
    self.update_time()
  File "c:\Users\Yaroslav\Python\Yellow-Wave\core\ui\widgets\sliders\track_slider.py", line 231, in update_time
    self.main.frontend.play_menu.sound.on_track_end()
  File "c:\Users\Yaroslav\Python\Yellow-Wave\core\ui\widgets\menu\main_menu.py", line 439, in on_track_end
    self.play_music(self.current)
  File "c:\Users\Yaroslav\Python\Yellow-Wave\core\ui\widgets\menu\main_menu.py", line 278, in play_music
    self.slider.start_countdown()
  File "c:\Users\Yaroslav\Python\Yellow-Wave\core\ui\widgets\sliders\track_slider.py", line 173, in start_countdown
    self.update_time()
  File "c:\Users\Yaroslav\Python\Yellow-Wave\core\ui\widgets\sliders\track_slider.py", line 231, in update_time
    self.main.frontend.play_menu.sound.on_track_end()
  File "c:\Users\Yaroslav\Python\Yellow-Wave\core\ui\widgets\menu\main_menu.py", line 439, in on_track_end
    self.play_music(self.current)
  File "c:\Users\Yaroslav\Python\Yellow-Wave\core\ui\widgets\menu\main_menu.py", line 278, in play_music
    self.slider.start_countdown()
  File "c:\Users\Yaroslav\Python\Yellow-Wave\core\ui\widgets\sliders\track_slider.py", line 173, in start_countdown
    self.update_time()
  File "c:\Users\Yaroslav\Python\Yellow-Wave\core\ui\widgets\sliders\track_slider.py", line 231, in update_time
    self.main.frontend.play_menu.sound.on_track_end()
  File "c:\Users\Yaroslav\Python\Yellow-Wave\core\ui\widgets\menu\main_menu.py", line 439, in on_track_end
    self.play_music(self.current)
  File "c:\Users\Yaroslav\Python\Yellow-Wave\core\ui\widgets\menu\main_menu.py", line 278, in play_music
    self.slider.start_countdown()
  File "c:\Users\Yaroslav\Python\Yellow-Wave\core\ui\widgets\sliders\track_slider.py", line 173, in start_countdown
    self.update_time()
  File "c:\Users\Yaroslav\Python\Yellow-Wave\core\ui\widgets\sliders\track_slider.py", line 231, in update_time
    self.main.frontend.play_menu.sound.on_track_end()
  File "c:\Users\Yaroslav\Python\Yellow-Wave\core\ui\widgets\menu\main_menu.py", line 439, in on_track_end
    self.play_music(self.current)
  File "c:\Users\Yaroslav\Python\Yellow-Wave\core\ui\widgets\menu\main_menu.py", line 278, in play_music
    self.slider.start_countdown()
  File "c:\Users\Yaroslav\Python\Yellow-Wave\core\ui\widgets\sliders\track_slider.py", line 173, in start_countdown
    self.update_time()
  File "c:\Users\Yaroslav\Python\Yellow-Wave\core\ui\widgets\sliders\track_slider.py", line 231, in update_time
    self.main.frontend.play_menu.sound.on_track_end()
  File "c:\Users\Yaroslav\Python\Yellow-Wave\core\ui\widgets\menu\main_menu.py", line 439, in on_track_end
    self.play_music(self.current)
  File "c:\Users\Yaroslav\Python\Yellow-Wave\core\ui\widgets\menu\main_menu.py", line 278, in play_music
    self.slider.start_countdown()
  File "c:\Users\Yaroslav\Python\Yellow-Wave\core\ui\widgets\sliders\track_slider.py", line 173, in start_countdown
    self.update_time()
  File "c:\Users\Yaroslav\Python\Yellow-Wave\core\ui\widgets\sliders\track_slider.py", line 231, in update_time
    self.main.frontend.play_menu.sound.on_track_end()
  File "c:\Users\Yaroslav\Python\Yellow-Wave\core\ui\widgets\menu\main_menu.py", line 439, in on_track_end
    self.play_music(self.current)
  File "c:\Users\Yaroslav\Python\Yellow-Wave\core\ui\widgets\menu\main_menu.py", line 278, in play_music
    self.slider.start_countdown()
  File "c:\Users\Yaroslav\Python\Yellow-Wave\core\ui\widgets\sliders\track_slider.py", line 173, in start_countdown
    self.update_time()
  File "c:\Users\Yaroslav\Python\Yellow-Wave\core\ui\widgets\sliders\track_slider.py", line 231, in update_time
    self.main.frontend.play_menu.sound.on_track_end()
  File "c:\Users\Yaroslav\Python\Yellow-Wave\core\ui\widgets\menu\main_menu.py", line 439, in on_track_end
    self.play_music(self.current)
  File "c:\Users\Yaroslav\Python\Yellow-Wave\core\ui\widgets\menu\main_menu.py", line 278, in play_music
    self.slider.start_countdown()
  File "c:\Users\Yaroslav\Python\Yellow-Wave\core\ui\widgets\sliders\track_slider.py", line 173, in start_countdown
    self.update_time()
  File "c:\Users\Yaroslav\Python\Yellow-Wave\core\ui\widgets\sliders\track_slider.py", line 231, in update_time
    self.main.frontend.play_menu.sound.on_track_end()
  File "c:\Users\Yaroslav\Python\Yellow-Wave\core\ui\widgets\menu\main_menu.py", line 439, in on_track_end
    self.play_music(self.current)
  File "c:\Users\Yaroslav\Python\Yellow-Wave\core\ui\widgets\menu\main_menu.py", line 278, in play_music
    self.slider.start_countdown()
  File "c:\Users\Yaroslav\Python\Yellow-Wave\core\ui\widgets\sliders\track_slider.py", line 173, in start_countdown
    self.update_time()
  File "c:\Users\Yaroslav\Python\Yellow-Wave\core\ui\widgets\sliders\track_slider.py", line 231, in update_time
    self.main.frontend.play_menu.sound.on_track_end()
  File "c:\Users\Yaroslav\Python\Yellow-Wave\core\ui\widgets\menu\main_menu.py", line 439, in on_track_end
    self.play_music(self.current)
  File "c:\Users\Yaroslav\Python\Yellow-Wave\core\ui\widgets\menu\main_menu.py", line 278, in play_music
    self.slider.start_countdown()
  File "c:\Users\Yaroslav\Python\Yellow-Wave\core\ui\widgets\sliders\track_slider.py", line 173, in start_countdown
    self.update_time()
  File "c:\Users\Yaroslav\Python\Yellow-Wave\core\ui\widgets\sliders\track_slider.py", line 231, in update_time
    self.main.frontend.play_menu.sound.on_track_end()
  File "c:\Users\Yaroslav\Python\Yellow-Wave\core\ui\widgets\menu\main_menu.py", line 439, in on_track_end
    self.play_music(self.current)
  File "c:\Users\Yaroslav\Python\Yellow-Wave\core\ui\widgets\menu\main_menu.py", line 278, in play_music
    self.slider.start_countdown()
  File "c:\Users\Yaroslav\Python\Yellow-Wave\core\ui\widgets\sliders\track_slider.py", line 173, in start_countdown
    self.update_time()
  File "c:\Users\Yaroslav\Python\Yellow-Wave\core\ui\widgets\sliders\track_slider.py", line 231, in update_time
    self.main.frontend.play_menu.sound.on_track_end()
  File "c:\Users\Yaroslav\Python\Yellow-Wave\core\ui\widgets\menu\main_menu.py", line 439, in on_track_end
    self.play_music(self.current)
  File "c:\Users\Yaroslav\Python\Yellow-Wave\core\ui\widgets\menu\main_menu.py", line 278, in play_music
    self.slider.start_countdown()
  File "c:\Users\Yaroslav\Python\Yellow-Wave\core\ui\widgets\sliders\track_slider.py", line 173, in start_countdown
    self.update_time()
  File "c:\Users\Yaroslav\Python\Yellow-Wave\core\ui\widgets\sliders\track_slider.py", line 231, in update_time
    self.main.frontend.play_menu.sound.on_track_end()
  File "c:\Users\Yaroslav\Python\Yellow-Wave\core\ui\widgets\menu\main_menu.py", line 439, in on_track_end
    self.play_music(self.current)
  File "c:\Users\Yaroslav\Python\Yellow-Wave\core\ui\widgets\menu\main_menu.py", line 278, in play_music
    self.slider.start_countdown()
  File "c:\Users\Yaroslav\Python\Yellow-Wave\core\ui\widgets\sliders\track_slider.py", line 173, in start_countdown
    self.update_time()
  File "c:\Users\Yaroslav\Python\Yellow-Wave\core\ui\widgets\sliders\track_slider.py", line 231, in update_time
    self.main.frontend.play_menu.sound.on_track_end()
  File "c:\Users\Yaroslav\Python\Yellow-Wave\core\ui\widgets\menu\main_menu.py", line 439, in on_track_end
    self.play_music(self.current)
  File "c:\Users\Yaroslav\Python\Yellow-Wave\core\ui\widgets\menu\main_menu.py", line 278, in play_music
    self.slider.start_countdown()
  File "c:\Users\Yaroslav\Python\Yellow-Wave\core\ui\widgets\sliders\track_slider.py", line 173, in start_countdown
    self.update_time()
  File "c:\Users\Yaroslav\Python\Yellow-Wave\core\ui\widgets\sliders\track_slider.py", line 231, in update_time
    self.main.frontend.play_menu.sound.on_track_end()
  File "c:\Users\Yaroslav\Python\Yellow-Wave\core\ui\widgets\menu\main_menu.py", line 439, in on_track_end
    self.play_music(self.current)
  File "c:\Users\Yaroslav\Python\Yellow-Wave\core\ui\widgets\menu\main_menu.py", line 278, in play_music
    self.slider.start_countdown()
  File "c:\Users\Yaroslav\Python\Yellow-Wave\core\ui\widgets\sliders\track_slider.py", line 173, in start_countdown
    self.update_time()
  File "c:\Users\Yaroslav\Python\Yellow-Wave\core\ui\widgets\sliders\track_slider.py", line 231, in update_time
    self.main.frontend.play_menu.sound.on_track_end()
  File "c:\Users\Yaroslav\Python\Yellow-Wave\core\ui\widgets\menu\main_menu.py", line 439, in on_track_end
    self.play_music(self.current)
  File "c:\Users\Yaroslav\Python\Yellow-Wave\core\ui\widgets\menu\main_menu.py", line 278, in play_music
    self.slider.start_countdown()
  File "c:\Users\Yaroslav\Python\Yellow-Wave\core\ui\widgets\sliders\track_slider.py", line 173, in start_countdown
    self.update_time()
  File "c:\Users\Yaroslav\Python\Yellow-Wave\core\ui\widgets\sliders\track_slider.py", line 231, in update_time
    self.main.frontend.play_menu.sound.on_track_end()
  File "c:\Users\Yaroslav\Python\Yellow-Wave\core\ui\widgets\menu\main_menu.py", line 439, in on_track_end
    self.play_music(self.current)
  File "c:\Users\Yaroslav\Python\Yellow-Wave\core\ui\widgets\menu\main_menu.py", line 278, in play_music
    self.slider.start_countdown()
  File "c:\Users\Yaroslav\Python\Yellow-Wave\core\ui\widgets\sliders\track_slider.py", line 173, in start_countdown
    self.update_time()
  File "c:\Users\Yaroslav\Python\Yellow-Wave\core\ui\widgets\sliders\track_slider.py", line 231, in update_time
    self.main.frontend.play_menu.sound.on_track_end()
  File "c:\Users\Yaroslav\Python\Yellow-Wave\core\ui\widgets\menu\main_menu.py", line 439, in on_track_end
    self.play_music(self.current)
  File "c:\Users\Yaroslav\Python\Yellow-Wave\core\ui\widgets\menu\main_menu.py", line 278, in play_music
    self.slider.start_countdown()
  File "c:\Users\Yaroslav\Python\Yellow-Wave\core\ui\widgets\sliders\track_slider.py", line 173, in start_countdown
    self.update_time()
  File "c:\Users\Yaroslav\Python\Yellow-Wave\core\ui\widgets\sliders\track_slider.py", line 231, in update_time
    self.main.frontend.play_menu.sound.on_track_end()
  File "c:\Users\Yaroslav\Python\Yellow-Wave\core\ui\widgets\menu\main_menu.py", line 439, in on_track_end
    self.play_music(self.current)
  File "c:\Users\Yaroslav\Python\Yellow-Wave\core\ui\widgets\menu\main_menu.py", line 278, in play_music
    self.slider.start_countdown()
  File "c:\Users\Yaroslav\Python\Yellow-Wave\core\ui\widgets\sliders\track_slider.py", line 173, in start_countdown
    self.update_time()
  File "c:\Users\Yaroslav\Python\Yellow-Wave\core\ui\widgets\sliders\track_slider.py", line 231, in update_time
    self.main.frontend.play_menu.sound.on_track_end()
  File "c:\Users\Yaroslav\Python\Yellow-Wave\core\ui\widgets\menu\main_menu.py", line 439, in on_track_end
    self.play_music(self.current)
  File "c:\Users\Yaroslav\Python\Yellow-Wave\core\ui\widgets\menu\main_menu.py", line 278, in play_music
    self.slider.start_countdown()
  File "c:\Users\Yaroslav\Python\Yellow-Wave\core\ui\widgets\sliders\track_slider.py", line 173, in start_countdown
    self.update_time()
  File "c:\Users\Yaroslav\Python\Yellow-Wave\core\ui\widgets\sliders\track_slider.py", line 231, in update_time
    self.main.frontend.play_menu.sound.on_track_end()
  File "c:\Users\Yaroslav\Python\Yellow-Wave\core\ui\widgets\menu\main_menu.py", line 439, in on_track_end
    self.play_music(self.current)
  File "c:\Users\Yaroslav\Python\Yellow-Wave\core\ui\widgets\menu\main_menu.py", line 278, in play_music
    self.slider.start_countdown()
  File "c:\Users\Yaroslav\Python\Yellow-Wave\core\ui\widgets\sliders\track_slider.py", line 173, in start_countdown
    self.update_time()
  File "c:\Users\Yaroslav\Python\Yellow-Wave\core\ui\widgets\sliders\track_slider.py", line 231, in update_time
    self.main.frontend.play_menu.sound.on_track_end()
  File "c:\Users\Yaroslav\Python\Yellow-Wave\core\ui\widgets\menu\main_menu.py", line 439, in on_track_end
    self.play_music(self.current)
  File "c:\Users\Yaroslav\Python\Yellow-Wave\core\ui\widgets\menu\main_menu.py", line 278, in play_music
    self.slider.start_countdown()
  File "c:\Users\Yaroslav\Python\Yellow-Wave\core\ui\widgets\sliders\track_slider.py", line 173, in start_countdown
    self.update_time()
  File "c:\Users\Yaroslav\Python\Yellow-Wave\core\ui\widgets\sliders\track_slider.py", line 231, in update_time
    self.main.frontend.play_menu.sound.on_track_end()
  File "c:\Users\Yaroslav\Python\Yellow-Wave\core\ui\widgets\menu\main_menu.py", line 439, in on_track_end
    self.play_music(self.current)
  File "c:\Users\Yaroslav\Python\Yellow-Wave\core\ui\widgets\menu\main_menu.py", line 278, in play_music
    self.slider.start_countdown()
  File "c:\Users\Yaroslav\Python\Yellow-Wave\core\ui\widgets\sliders\track_slider.py", line 173, in start_countdown
    self.update_time()
  File "c:\Users\Yaroslav\Python\Yellow-Wave\core\ui\widgets\sliders\track_slider.py", line 231, in update_time
    self.main.frontend.play_menu.sound.on_track_end()
  File "c:\Users\Yaroslav\Python\Yellow-Wave\core\ui\widgets\menu\main_menu.py", line 439, in on_track_end
    self.play_music(self.current)
  File "c:\Users\Yaroslav\Python\Yellow-Wave\core\ui\widgets\menu\main_menu.py", line 278, in play_music
    self.slider.start_countdown()
  File "c:\Users\Yaroslav\Python\Yellow-Wave\core\ui\widgets\sliders\track_slider.py", line 173, in start_countdown
    self.update_time()
  File "c:\Users\Yaroslav\Python\Yellow-Wave\core\ui\widgets\sliders\track_slider.py", line 231, in update_time
    self.main.frontend.play_menu.sound.on_track_end()
  File "c:\Users\Yaroslav\Python\Yellow-Wave\core\ui\widgets\menu\main_menu.py", line 439, in on_track_end
    self.play_music(self.current)
  File "c:\Users\Yaroslav\Python\Yellow-Wave\core\ui\widgets\menu\main_menu.py", line 278, in play_music
    self.slider.start_countdown()
  File "c:\Users\Yaroslav\Python\Yellow-Wave\core\ui\widgets\sliders\track_slider.py", line 173, in start_countdown
    self.update_time()
  File "c:\Users\Yaroslav\Python\Yellow-Wave\core\ui\widgets\sliders\track_slider.py", line 231, in update_time
    self.main.frontend.play_menu.sound.on_track_end()
  File "c:\Users\Yaroslav\Python\Yellow-Wave\core\ui\widgets\menu\main_menu.py", line 439, in on_track_end
    self.play_music(self.current)
  File "c:\Users\Yaroslav\Python\Yellow-Wave\core\ui\widgets\menu\main_menu.py", line 278, in play_music
    self.slider.start_countdown()
  File "c:\Users\Yaroslav\Python\Yellow-Wave\core\ui\widgets\sliders\track_slider.py", line 173, in start_countdown
    self.update_time()
  File "c:\Users\Yaroslav\Python\Yellow-Wave\core\ui\widgets\sliders\track_slider.py", line 231, in update_time
    self.main.frontend.play_menu.sound.on_track_end()
  File "c:\Users\Yaroslav\Python\Yellow-Wave\core\ui\widgets\menu\main_menu.py", line 439, in on_track_end
    self.play_music(self.current)
  File "c:\Users\Yaroslav\Python\Yellow-Wave\core\ui\widgets\menu\main_menu.py", line 278, in play_music
    self.slider.start_countdown()
  File "c:\Users\Yaroslav\Python\Yellow-Wave\core\ui\widgets\sliders\track_slider.py", line 173, in start_countdown
    self.update_time()
  File "c:\Users\Yaroslav\Python\Yellow-Wave\core\ui\widgets\sliders\track_slider.py", line 231, in update_time
    self.main.frontend.play_menu.sound.on_track_end()
  File "c:\Users\Yaroslav\Python\Yellow-Wave\core\ui\widgets\menu\main_menu.py", line 439, in on_track_end
    self.play_music(self.current)
  File "c:\Users\Yaroslav\Python\Yellow-Wave\core\ui\widgets\menu\main_menu.py", line 278, in play_music
    self.slider.start_countdown()
  File "c:\Users\Yaroslav\Python\Yellow-Wave\core\ui\widgets\sliders\track_slider.py", line 173, in start_countdown
    self.update_time()
  File "c:\Users\Yaroslav\Python\Yellow-Wave\core\ui\widgets\sliders\track_slider.py", line 231, in update_time
    self.main.frontend.play_menu.sound.on_track_end()
  File "c:\Users\Yaroslav\Python\Yellow-Wave\core\ui\widgets\menu\main_menu.py", line 439, in on_track_end
    self.play_music(self.current)
  File "c:\Users\Yaroslav\Python\Yellow-Wave\core\ui\widgets\menu\main_menu.py", line 278, in play_music
    self.slider.start_countdown()
  File "c:\Users\Yaroslav\Python\Yellow-Wave\core\ui\widgets\sliders\track_slider.py", line 173, in start_countdown
    self.update_time()
  File "c:\Users\Yaroslav\Python\Yellow-Wave\core\ui\widgets\sliders\track_slider.py", line 231, in update_time
    self.main.frontend.play_menu.sound.on_track_end()
  File "c:\Users\Yaroslav\Python\Yellow-Wave\core\ui\widgets\menu\main_menu.py", line 439, in on_track_end
    self.play_music(self.current)
  File "c:\Users\Yaroslav\Python\Yellow-Wave\core\ui\widgets\menu\main_menu.py", line 278, in play_music
    self.slider.start_countdown()
  File "c:\Users\Yaroslav\Python\Yellow-Wave\core\ui\widgets\sliders\track_slider.py", line 173, in start_countdown
    self.update_time()
  File "c:\Users\Yaroslav\Python\Yellow-Wave\core\ui\widgets\sliders\track_slider.py", line 231, in update_time
    self.main.frontend.play_menu.sound.on_track_end()
  File "c:\Users\Yaroslav\Python\Yellow-Wave\core\ui\widgets\menu\main_menu.py", line 439, in on_track_end
    self.play_music(self.current)
  File "c:\Users\Yaroslav\Python\Yellow-Wave\core\ui\widgets\menu\main_menu.py", line 278, in play_music
    self.slider.start_countdown()
  File "c:\Users\Yaroslav\Python\Yellow-Wave\core\ui\widgets\sliders\track_slider.py", line 173, in start_countdown
    self.update_time()
  File "c:\Users\Yaroslav\Python\Yellow-Wave\core\ui\widgets\sliders\track_slider.py", line 231, in update_time
    self.main.frontend.play_menu.sound.on_track_end()
  File "c:\Users\Yaroslav\Python\Yellow-Wave\core\ui\widgets\menu\main_menu.py", line 439, in on_track_end
    self.play_music(self.current)
  File "c:\Users\Yaroslav\Python\Yellow-Wave\core\ui\widgets\menu\main_menu.py", line 278, in play_music
    self.slider.start_countdown()
  File "c:\Users\Yaroslav\Python\Yellow-Wave\core\ui\widgets\sliders\track_slider.py", line 173, in start_countdown
    self.update_time()
  File "c:\Users\Yaroslav\Python\Yellow-Wave\core\ui\widgets\sliders\track_slider.py", line 231, in update_time
    self.main.frontend.play_menu.sound.on_track_end()
  File "c:\Users\Yaroslav\Python\Yellow-Wave\core\ui\widgets\menu\main_menu.py", line 439, in on_track_end
    self.play_music(self.current)
  File "c:\Users\Yaroslav\Python\Yellow-Wave\core\ui\widgets\menu\main_menu.py", line 278, in play_music
    self.slider.start_countdown()
  File "c:\Users\Yaroslav\Python\Yellow-Wave\core\ui\widgets\sliders\track_slider.py", line 173, in start_countdown
    self.update_time()
  File "c:\Users\Yaroslav\Python\Yellow-Wave\core\ui\widgets\sliders\track_slider.py", line 231, in update_time
    self.main.frontend.play_menu.sound.on_track_end()
  File "c:\Users\Yaroslav\Python\Yellow-Wave\core\ui\widgets\menu\main_menu.py", line 439, in on_track_end
    self.play_music(self.current)
  File "c:\Users\Yaroslav\Python\Yellow-Wave\core\ui\widgets\menu\main_menu.py", line 278, in play_music
    self.slider.start_countdown()
  File "c:\Users\Yaroslav\Python\Yellow-Wave\core\ui\widgets\sliders\track_slider.py", line 173, in start_countdown
    self.update_time()
  File "c:\Users\Yaroslav\Python\Yellow-Wave\core\ui\widgets\sliders\track_slider.py", line 231, in update_time
    self.main.frontend.play_menu.sound.on_track_end()
  File "c:\Users\Yaroslav\Python\Yellow-Wave\core\ui\widgets\menu\main_menu.py", line 439, in on_track_end
    self.play_music(self.current)
  File "c:\Users\Yaroslav\Python\Yellow-Wave\core\ui\widgets\menu\main_menu.py", line 278, in play_music
    self.slider.start_countdown()
  File "c:\Users\Yaroslav\Python\Yellow-Wave\core\ui\widgets\sliders\track_slider.py", line 173, in start_countdown
    self.update_time()
  File "c:\Users\Yaroslav\Python\Yellow-Wave\core\ui\widgets\sliders\track_slider.py", line 231, in update_time
    self.main.frontend.play_menu.sound.on_track_end()
  File "c:\Users\Yaroslav\Python\Yellow-Wave\core\ui\widgets\menu\main_menu.py", line 439, in on_track_end
    self.play_music(self.current)
  File "c:\Users\Yaroslav\Python\Yellow-Wave\core\ui\widgets\menu\main_menu.py", line 278, in play_music
    self.slider.start_countdown()
  File "c:\Users\Yaroslav\Python\Yellow-Wave\core\ui\widgets\sliders\track_slider.py", line 173, in start_countdown
    self.update_time()
  File "c:\Users\Yaroslav\Python\Yellow-Wave\core\ui\widgets\sliders\track_slider.py", line 231, in update_time
    self.main.frontend.play_menu.sound.on_track_end()
  File "c:\Users\Yaroslav\Python\Yellow-Wave\core\ui\widgets\menu\main_menu.py", line 439, in on_track_end
    self.play_music(self.current)
  File "c:\Users\Yaroslav\Python\Yellow-Wave\core\ui\widgets\menu\main_menu.py", line 278, in play_music
    self.slider.start_countdown()
  File "c:\Users\Yaroslav\Python\Yellow-Wave\core\ui\widgets\sliders\track_slider.py", line 173, in start_countdown
    self.update_time()
  File "c:\Users\Yaroslav\Python\Yellow-Wave\core\ui\widgets\sliders\track_slider.py", line 231, in update_time
    self.main.frontend.play_menu.sound.on_track_end()
  File "c:\Users\Yaroslav\Python\Yellow-Wave\core\ui\widgets\menu\main_menu.py", line 439, in on_track_end
    self.play_music(self.current)
  File "c:\Users\Yaroslav\Python\Yellow-Wave\core\ui\widgets\menu\main_menu.py", line 278, in play_music
    self.slider.start_countdown()
  File "c:\Users\Yaroslav\Python\Yellow-Wave\core\ui\widgets\sliders\track_slider.py", line 173, in start_countdown
    self.update_time()
  File "c:\Users\Yaroslav\Python\Yellow-Wave\core\ui\widgets\sliders\track_slider.py", line 231, in update_time
    self.main.frontend.play_menu.sound.on_track_end()
  File "c:\Users\Yaroslav\Python\Yellow-Wave\core\ui\widgets\menu\main_menu.py", line 439, in on_track_end
    self.play_music(self.current)
  File "c:\Users\Yaroslav\Python\Yellow-Wave\core\ui\widgets\menu\main_menu.py", line 278, in play_music
    self.slider.start_countdown()
  File "c:\Users\Yaroslav\Python\Yellow-Wave\core\ui\widgets\sliders\track_slider.py", line 173, in start_countdown
    self.update_time()
  File "c:\Users\Yaroslav\Python\Yellow-Wave\core\ui\widgets\sliders\track_slider.py", line 231, in update_time
    self.main.frontend.play_menu.sound.on_track_end()
  File "c:\Users\Yaroslav\Python\Yellow-Wave\core\ui\widgets\menu\main_menu.py", line 439, in on_track_end
    self.play_music(self.current)
  File "c:\Users\Yaroslav\Python\Yellow-Wave\core\ui\widgets\menu\main_menu.py", line 278, in play_music
    self.slider.start_countdown()
  File "c:\Users\Yaroslav\Python\Yellow-Wave\core\ui\widgets\sliders\track_slider.py", line 173, in start_countdown
    self.update_time()
  File "c:\Users\Yaroslav\Python\Yellow-Wave\core\ui\widgets\sliders\track_slider.py", line 231, in update_time
    self.main.frontend.play_menu.sound.on_track_end()
  File "c:\Users\Yaroslav\Python\Yellow-Wave\core\ui\widgets\menu\main_menu.py", line 439, in on_track_end
    self.play_music(self.current)
  File "c:\Users\Yaroslav\Python\Yellow-Wave\core\ui\widgets\menu\main_menu.py", line 278, in play_music
    self.slider.start_countdown()
  File "c:\Users\Yaroslav\Python\Yellow-Wave\core\ui\widgets\sliders\track_slider.py", line 173, in start_countdown
    self.update_time()
  File "c:\Users\Yaroslav\Python\Yellow-Wave\core\ui\widgets\sliders\track_slider.py", line 231, in update_time
    self.main.frontend.play_menu.sound.on_track_end()
  File "c:\Users\Yaroslav\Python\Yellow-Wave\core\ui\widgets\menu\main_menu.py", line 439, in on_track_end
    self.play_music(self.current)
  File "c:\Users\Yaroslav\Python\Yellow-Wave\core\ui\widgets\menu\main_menu.py", line 278, in play_music
    self.slider.start_countdown()
  File "c:\Users\Yaroslav\Python\Yellow-Wave\core\ui\widgets\sliders\track_slider.py", line 173, in start_countdown
    self.update_time()
  File "c:\Users\Yaroslav\Python\Yellow-Wave\core\ui\widgets\sliders\track_slider.py", line 231, in update_time
    self.main.frontend.play_menu.sound.on_track_end()
  File "c:\Users\Yaroslav\Python\Yellow-Wave\core\ui\widgets\menu\main_menu.py", line 439, in on_track_end
    self.play_music(self.current)
  File "c:\Users\Yaroslav\Python\Yellow-Wave\core\ui\widgets\menu\main_menu.py", line 278, in play_music
    self.slider.start_countdown()
  File "c:\Users\Yaroslav\Python\Yellow-Wave\core\ui\widgets\sliders\track_slider.py", line 173, in start_countdown
    self.update_time()
  File "c:\Users\Yaroslav\Python\Yellow-Wave\core\ui\widgets\sliders\track_slider.py", line 231, in update_time
    self.main.frontend.play_menu.sound.on_track_end()
  File "c:\Users\Yaroslav\Python\Yellow-Wave\core\ui\widgets\menu\main_menu.py", line 439, in on_track_end
    self.play_music(self.current)
  File "c:\Users\Yaroslav\Python\Yellow-Wave\core\ui\widgets\menu\main_menu.py", line 278, in play_music
    self.slider.start_countdown()
  File "c:\Users\Yaroslav\Python\Yellow-Wave\core\ui\widgets\sliders\track_slider.py", line 173, in start_countdown
    self.update_time()
  File "c:\Users\Yaroslav\Python\Yellow-Wave\core\ui\widgets\sliders\track_slider.py", line 231, in update_time
    self.main.frontend.play_menu.sound.on_track_end()
  File "c:\Users\Yaroslav\Python\Yellow-Wave\core\ui\widgets\menu\main_menu.py", line 439, in on_track_end
    self.play_music(self.current)
  File "c:\Users\Yaroslav\Python\Yellow-Wave\core\ui\widgets\menu\main_menu.py", line 278, in play_music
    self.slider.start_countdown()
  File "c:\Users\Yaroslav\Python\Yellow-Wave\core\ui\widgets\sliders\track_slider.py", line 173, in start_countdown
    self.update_time()
  File "c:\Users\Yaroslav\Python\Yellow-Wave\core\ui\widgets\sliders\track_slider.py", line 231, in update_time
    self.main.frontend.play_menu.sound.on_track_end()
  File "c:\Users\Yaroslav\Python\Yellow-Wave\core\ui\widgets\menu\main_menu.py", line 439, in on_track_end
    self.play_music(self.current)
  File "c:\Users\Yaroslav\Python\Yellow-Wave\core\ui\widgets\menu\main_menu.py", line 278, in play_music
    self.slider.start_countdown()
  File "c:\Users\Yaroslav\Python\Yellow-Wave\core\ui\widgets\sliders\track_slider.py", line 173, in start_countdown
    self.update_time()
  File "c:\Users\Yaroslav\Python\Yellow-Wave\core\ui\widgets\sliders\track_slider.py", line 231, in update_time
    self.main.frontend.play_menu.sound.on_track_end()
  File "c:\Users\Yaroslav\Python\Yellow-Wave\core\ui\widgets\menu\main_menu.py", line 439, in on_track_end
    self.play_music(self.current)
  File "c:\Users\Yaroslav\Python\Yellow-Wave\core\ui\widgets\menu\main_menu.py", line 278, in play_music
    self.slider.start_countdown()
  File "c:\Users\Yaroslav\Python\Yellow-Wave\core\ui\widgets\sliders\track_slider.py", line 173, in start_countdown
    self.update_time()
  File "c:\Users\Yaroslav\Python\Yellow-Wave\core\ui\widgets\sliders\track_slider.py", line 231, in update_time
    self.main.frontend.play_menu.sound.on_track_end()
  File "c:\Users\Yaroslav\Python\Yellow-Wave\core\ui\widgets\menu\main_menu.py", line 439, in on_track_end
    self.play_music(self.current)
  File "c:\Users\Yaroslav\Python\Yellow-Wave\core\ui\widgets\menu\main_menu.py", line 278, in play_music
    self.slider.start_countdown()
  File "c:\Users\Yaroslav\Python\Yellow-Wave\core\ui\widgets\sliders\track_slider.py", line 173, in start_countdown
    self.update_time()
  File "c:\Users\Yaroslav\Python\Yellow-Wave\core\ui\widgets\sliders\track_slider.py", line 231, in update_time
    self.main.frontend.play_menu.sound.on_track_end()
  File "c:\Users\Yaroslav\Python\Yellow-Wave\core\ui\widgets\menu\main_menu.py", line 439, in on_track_end
    self.play_music(self.current)
  File "c:\Users\Yaroslav\Python\Yellow-Wave\core\ui\widgets\menu\main_menu.py", line 278, in play_music
    self.slider.start_countdown()
  File "c:\Users\Yaroslav\Python\Yellow-Wave\core\ui\widgets\sliders\track_slider.py", line 173, in start_countdown
    self.update_time()
  File "c:\Users\Yaroslav\Python\Yellow-Wave\core\ui\widgets\sliders\track_slider.py", line 231, in update_time
    self.main.frontend.play_menu.sound.on_track_end()
  File "c:\Users\Yaroslav\Python\Yellow-Wave\core\ui\widgets\menu\main_menu.py", line 439, in on_track_end
    self.play_music(self.current)
  File "c:\Users\Yaroslav\Python\Yellow-Wave\core\ui\widgets\menu\main_menu.py", line 278, in play_music
    self.slider.start_countdown()
  File "c:\Users\Yaroslav\Python\Yellow-Wave\core\ui\widgets\sliders\track_slider.py", line 173, in start_countdown
    self.update_time()
  File "c:\Users\Yaroslav\Python\Yellow-Wave\core\ui\widgets\sliders\track_slider.py", line 231, in update_time
    self.main.frontend.play_menu.sound.on_track_end()
  File "c:\Users\Yaroslav\Python\Yellow-Wave\core\ui\widgets\menu\main_menu.py", line 439, in on_track_end
    self.play_music(self.current)
  File "c:\Users\Yaroslav\Python\Yellow-Wave\core\ui\widgets\menu\main_menu.py", line 278, in play_music
    self.slider.start_countdown()
  File "c:\Users\Yaroslav\Python\Yellow-Wave\core\ui\widgets\sliders\track_slider.py", line 173, in start_countdown
    self.update_time()
  File "c:\Users\Yaroslav\Python\Yellow-Wave\core\ui\widgets\sliders\track_slider.py", line 231, in update_time
    self.main.frontend.play_menu.sound.on_track_end()
  File "c:\Users\Yaroslav\Python\Yellow-Wave\core\ui\widgets\menu\main_menu.py", line 439, in on_track_end
    self.play_music(self.current)
  File "c:\Users\Yaroslav\Python\Yellow-Wave\core\ui\widgets\menu\main_menu.py", line 278, in play_music
    self.slider.start_countdown()
  File "c:\Users\Yaroslav\Python\Yellow-Wave\core\ui\widgets\sliders\track_slider.py", line 173, in start_countdown
    self.update_time()
  File "c:\Users\Yaroslav\Python\Yellow-Wave\core\ui\widgets\sliders\track_slider.py", line 231, in update_time
    self.main.frontend.play_menu.sound.on_track_end()
  File "c:\Users\Yaroslav\Python\Yellow-Wave\core\ui\widgets\menu\main_menu.py", line 439, in on_track_end
    self.play_music(self.current)
  File "c:\Users\Yaroslav\Python\Yellow-Wave\core\ui\widgets\menu\main_menu.py", line 278, in play_music
    self.slider.start_countdown()
  File "c:\Users\Yaroslav\Python\Yellow-Wave\core\ui\widgets\sliders\track_slider.py", line 173, in start_countdown
    self.update_time()
  File "c:\Users\Yaroslav\Python\Yellow-Wave\core\ui\widgets\sliders\track_slider.py", line 231, in update_time
    self.main.frontend.play_menu.sound.on_track_end()
  File "c:\Users\Yaroslav\Python\Yellow-Wave\core\ui\widgets\menu\main_menu.py", line 439, in on_track_end
    self.play_music(self.current)
  File "c:\Users\Yaroslav\Python\Yellow-Wave\core\ui\widgets\menu\main_menu.py", line 278, in play_music
    self.slider.start_countdown()
  File "c:\Users\Yaroslav\Python\Yellow-Wave\core\ui\widgets\sliders\track_slider.py", line 173, in start_countdown
    self.update_time()
  File "c:\Users\Yaroslav\Python\Yellow-Wave\core\ui\widgets\sliders\track_slider.py", line 231, in update_time
    self.main.frontend.play_menu.sound.on_track_end()
  File "c:\Users\Yaroslav\Python\Yellow-Wave\core\ui\widgets\menu\main_menu.py", line 439, in on_track_end
    self.play_music(self.current)
  File "c:\Users\Yaroslav\Python\Yellow-Wave\core\ui\widgets\menu\main_menu.py", line 278, in play_music
    self.slider.start_countdown()
  File "c:\Users\Yaroslav\Python\Yellow-Wave\core\ui\widgets\sliders\track_slider.py", line 173, in start_countdown
    self.update_time()
  File "c:\Users\Yaroslav\Python\Yellow-Wave\core\ui\widgets\sliders\track_slider.py", line 231, in update_time
    self.main.frontend.play_menu.sound.on_track_end()
  File "c:\Users\Yaroslav\Python\Yellow-Wave\core\ui\widgets\menu\main_menu.py", line 439, in on_track_end
    self.play_music(self.current)
  File "c:\Users\Yaroslav\Python\Yellow-Wave\core\ui\widgets\menu\main_menu.py", line 278, in play_music
    self.slider.start_countdown()
  File "c:\Users\Yaroslav\Python\Yellow-Wave\core\ui\widgets\sliders\track_slider.py", line 173, in start_countdown
    self.update_time()
  File "c:\Users\Yaroslav\Python\Yellow-Wave\core\ui\widgets\sliders\track_slider.py", line 231, in update_time
    self.main.frontend.play_menu.sound.on_track_end()
  File "c:\Users\Yaroslav\Python\Yellow-Wave\core\ui\widgets\menu\main_menu.py", line 439, in on_track_end
    self.play_music(self.current)
  File "c:\Users\Yaroslav\Python\Yellow-Wave\core\ui\widgets\menu\main_menu.py", line 278, in play_music
    self.slider.start_countdown()
  File "c:\Users\Yaroslav\Python\Yellow-Wave\core\ui\widgets\sliders\track_slider.py", line 173, in start_countdown
    self.update_time()
  File "c:\Users\Yaroslav\Python\Yellow-Wave\core\ui\widgets\sliders\track_slider.py", line 231, in update_time
    self.main.frontend.play_menu.sound.on_track_end()
  File "c:\Users\Yaroslav\Python\Yellow-Wave\core\ui\widgets\menu\main_menu.py", line 439, in on_track_end
    self.play_music(self.current)
  File "c:\Users\Yaroslav\Python\Yellow-Wave\core\ui\widgets\menu\main_menu.py", line 278, in play_music
    self.slider.start_countdown()
  File "c:\Users\Yaroslav\Python\Yellow-Wave\core\ui\widgets\sliders\track_slider.py", line 173, in start_countdown
    self.update_time()
  File "c:\Users\Yaroslav\Python\Yellow-Wave\core\ui\widgets\sliders\track_slider.py", line 231, in update_time
    self.main.frontend.play_menu.sound.on_track_end()
  File "c:\Users\Yaroslav\Python\Yellow-Wave\core\ui\widgets\menu\main_menu.py", line 439, in on_track_end
    self.play_music(self.current)
  File "c:\Users\Yaroslav\Python\Yellow-Wave\core\ui\widgets\menu\main_menu.py", line 278, in play_music
    self.slider.start_countdown()
  File "c:\Users\Yaroslav\Python\Yellow-Wave\core\ui\widgets\sliders\track_slider.py", line 173, in start_countdown
    self.update_time()
  File "c:\Users\Yaroslav\Python\Yellow-Wave\core\ui\widgets\sliders\track_slider.py", line 231, in update_time
    self.main.frontend.play_menu.sound.on_track_end()
  File "c:\Users\Yaroslav\Python\Yellow-Wave\core\ui\widgets\menu\main_menu.py", line 439, in on_track_end
    self.play_music(self.current)
  File "c:\Users\Yaroslav\Python\Yellow-Wave\core\ui\widgets\menu\main_menu.py", line 278, in play_music
    self.slider.start_countdown()
  File "c:\Users\Yaroslav\Python\Yellow-Wave\core\ui\widgets\sliders\track_slider.py", line 173, in start_countdown
    self.update_time()
  File "c:\Users\Yaroslav\Python\Yellow-Wave\core\ui\widgets\sliders\track_slider.py", line 231, in update_time
    self.main.frontend.play_menu.sound.on_track_end()
  File "c:\Users\Yaroslav\Python\Yellow-Wave\core\ui\widgets\menu\main_menu.py", line 439, in on_track_end
    self.play_music(self.current)
  File "c:\Users\Yaroslav\Python\Yellow-Wave\core\ui\widgets\menu\main_menu.py", line 278, in play_music
    self.slider.start_countdown()
  File "c:\Users\Yaroslav\Python\Yellow-Wave\core\ui\widgets\sliders\track_slider.py", line 173, in start_countdown
    self.update_time()
  File "c:\Users\Yaroslav\Python\Yellow-Wave\core\ui\widgets\sliders\track_slider.py", line 231, in update_time
    self.main.frontend.play_menu.sound.on_track_end()
  File "c:\Users\Yaroslav\Python\Yellow-Wave\core\ui\widgets\menu\main_menu.py", line 439, in on_track_end
    self.play_music(self.current)
  File "c:\Users\Yaroslav\Python\Yellow-Wave\core\ui\widgets\menu\main_menu.py", line 278, in play_music
    self.slider.start_countdown()
  File "c:\Users\Yaroslav\Python\Yellow-Wave\core\ui\widgets\sliders\track_slider.py", line 173, in start_countdown
    self.update_time()
  File "c:\Users\Yaroslav\Python\Yellow-Wave\core\ui\widgets\sliders\track_slider.py", line 231, in update_time
    self.main.frontend.play_menu.sound.on_track_end()
  File "c:\Users\Yaroslav\Python\Yellow-Wave\core\ui\widgets\menu\main_menu.py", line 439, in on_track_end
    self.play_music(self.current)
  File "c:\Users\Yaroslav\Python\Yellow-Wave\core\ui\widgets\menu\main_menu.py", line 278, in play_music
    self.slider.start_countdown()
  File "c:\Users\Yaroslav\Python\Yellow-Wave\core\ui\widgets\sliders\track_slider.py", line 173, in start_countdown
    self.update_time()
  File "c:\Users\Yaroslav\Python\Yellow-Wave\core\ui\widgets\sliders\track_slider.py", line 231, in update_time
    self.main.frontend.play_menu.sound.on_track_end()
  File "c:\Users\Yaroslav\Python\Yellow-Wave\core\ui\widgets\menu\main_menu.py", line 439, in on_track_end
    self.play_music(self.current)
  File "c:\Users\Yaroslav\Python\Yellow-Wave\core\ui\widgets\menu\main_menu.py", line 278, in play_music
    self.slider.start_countdown()
  File "c:\Users\Yaroslav\Python\Yellow-Wave\core\ui\widgets\sliders\track_slider.py", line 173, in start_countdown
    self.update_time()
  File "c:\Users\Yaroslav\Python\Yellow-Wave\core\ui\widgets\sliders\track_slider.py", line 231, in update_time
    self.main.frontend.play_menu.sound.on_track_end()
  File "c:\Users\Yaroslav\Python\Yellow-Wave\core\ui\widgets\menu\main_menu.py", line 439, in on_track_end
    self.play_music(self.current)
  File "c:\Users\Yaroslav\Python\Yellow-Wave\core\ui\widgets\menu\main_menu.py", line 278, in play_music
    self.slider.start_countdown()
  File "c:\Users\Yaroslav\Python\Yellow-Wave\core\ui\widgets\sliders\track_slider.py", line 173, in start_countdown
    self.update_time()
  File "c:\Users\Yaroslav\Python\Yellow-Wave\core\ui\widgets\sliders\track_slider.py", line 231, in update_time
    self.main.frontend.play_menu.sound.on_track_end()
  File "c:\Users\Yaroslav\Python\Yellow-Wave\core\ui\widgets\menu\main_menu.py", line 439, in on_track_end
    self.play_music(self.current)
  File "c:\Users\Yaroslav\Python\Yellow-Wave\core\ui\widgets\menu\main_menu.py", line 278, in play_music
    self.slider.start_countdown()
  File "c:\Users\Yaroslav\Python\Yellow-Wave\core\ui\widgets\sliders\track_slider.py", line 173, in start_countdown
    self.update_time()
  File "c:\Users\Yaroslav\Python\Yellow-Wave\core\ui\widgets\sliders\track_slider.py", line 231, in update_time
    self.main.frontend.play_menu.sound.on_track_end()
  File "c:\Users\Yaroslav\Python\Yellow-Wave\core\ui\widgets\menu\main_menu.py", line 439, in on_track_end
    self.play_music(self.current)
  File "c:\Users\Yaroslav\Python\Yellow-Wave\core\ui\widgets\menu\main_menu.py", line 278, in play_music
    self.slider.start_countdown()
  File "c:\Users\Yaroslav\Python\Yellow-Wave\core\ui\widgets\sliders\track_slider.py", line 173, in start_countdown
    self.update_time()
  File "c:\Users\Yaroslav\Python\Yellow-Wave\core\ui\widgets\sliders\track_slider.py", line 231, in update_time
    self.main.frontend.play_menu.sound.on_track_end()
  File "c:\Users\Yaroslav\Python\Yellow-Wave\core\ui\widgets\menu\main_menu.py", line 439, in on_track_end
    self.play_music(self.current)
  File "c:\Users\Yaroslav\Python\Yellow-Wave\core\ui\widgets\menu\main_menu.py", line 278, in play_music
    self.slider.start_countdown()
  File "c:\Users\Yaroslav\Python\Yellow-Wave\core\ui\widgets\sliders\track_slider.py", line 173, in start_countdown
    self.update_time()
  File "c:\Users\Yaroslav\Python\Yellow-Wave\core\ui\widgets\sliders\track_slider.py", line 231, in update_time
    self.main.frontend.play_menu.sound.on_track_end()
  File "c:\Users\Yaroslav\Python\Yellow-Wave\core\ui\widgets\menu\main_menu.py", line 439, in on_track_end
    self.play_music(self.current)
  File "c:\Users\Yaroslav\Python\Yellow-Wave\core\ui\widgets\menu\main_menu.py", line 278, in play_music
    self.slider.start_countdown()
  File "c:\Users\Yaroslav\Python\Yellow-Wave\core\ui\widgets\sliders\track_slider.py", line 173, in start_countdown
    self.update_time()
  File "c:\Users\Yaroslav\Python\Yellow-Wave\core\ui\widgets\sliders\track_slider.py", line 231, in update_time
    self.main.frontend.play_menu.sound.on_track_end()
  File "c:\Users\Yaroslav\Python\Yellow-Wave\core\ui\widgets\menu\main_menu.py", line 439, in on_track_end
    self.play_music(self.current)
  File "c:\Users\Yaroslav\Python\Yellow-Wave\core\ui\widgets\menu\main_menu.py", line 278, in play_music
    self.slider.start_countdown()
  File "c:\Users\Yaroslav\Python\Yellow-Wave\core\ui\widgets\sliders\track_slider.py", line 173, in start_countdown
    self.update_time()
  File "c:\Users\Yaroslav\Python\Yellow-Wave\core\ui\widgets\sliders\track_slider.py", line 231, in update_time
    self.main.frontend.play_menu.sound.on_track_end()
  File "c:\Users\Yaroslav\Python\Yellow-Wave\core\ui\widgets\menu\main_menu.py", line 439, in on_track_end
    self.play_music(self.current)
  File "c:\Users\Yaroslav\Python\Yellow-Wave\core\ui\widgets\menu\main_menu.py", line 278, in play_music
    self.slider.start_countdown()
  File "c:\Users\Yaroslav\Python\Yellow-Wave\core\ui\widgets\sliders\track_slider.py", line 173, in start_countdown
    self.update_time()
  File "c:\Users\Yaroslav\Python\Yellow-Wave\core\ui\widgets\sliders\track_slider.py", line 231, in update_time
    self.main.frontend.play_menu.sound.on_track_end()
  File "c:\Users\Yaroslav\Python\Yellow-Wave\core\ui\widgets\menu\main_menu.py", line 439, in on_track_end
    self.play_music(self.current)
  File "c:\Users\Yaroslav\Python\Yellow-Wave\core\ui\widgets\menu\main_menu.py", line 278, in play_music
    self.slider.start_countdown()
  File "c:\Users\Yaroslav\Python\Yellow-Wave\core\ui\widgets\sliders\track_slider.py", line 173, in start_countdown
    self.update_time()
  File "c:\Users\Yaroslav\Python\Yellow-Wave\core\ui\widgets\sliders\track_slider.py", line 231, in update_time
    self.main.frontend.play_menu.sound.on_track_end()
  File "c:\Users\Yaroslav\Python\Yellow-Wave\core\ui\widgets\menu\main_menu.py", line 439, in on_track_end
    self.play_music(self.current)
  File "c:\Users\Yaroslav\Python\Yellow-Wave\core\ui\widgets\menu\main_menu.py", line 278, in play_music
    self.slider.start_countdown()
  File "c:\Users\Yaroslav\Python\Yellow-Wave\core\ui\widgets\sliders\track_slider.py", line 173, in start_countdown
    self.update_time()
  File "c:\Users\Yaroslav\Python\Yellow-Wave\core\ui\widgets\sliders\track_slider.py", line 231, in update_time
    self.main.frontend.play_menu.sound.on_track_end()
  File "c:\Users\Yaroslav\Python\Yellow-Wave\core\ui\widgets\menu\main_menu.py", line 439, in on_track_end
    self.play_music(self.current)
  File "c:\Users\Yaroslav\Python\Yellow-Wave\core\ui\widgets\menu\main_menu.py", line 278, in play_music
    self.slider.start_countdown()
  File "c:\Users\Yaroslav\Python\Yellow-Wave\core\ui\widgets\sliders\track_slider.py", line 173, in start_countdown
    self.update_time()
  File "c:\Users\Yaroslav\Python\Yellow-Wave\core\ui\widgets\sliders\track_slider.py", line 231, in update_time
    self.main.frontend.play_menu.sound.on_track_end()
  File "c:\Users\Yaroslav\Python\Yellow-Wave\core\ui\widgets\menu\main_menu.py", line 439, in on_track_end
    self.play_music(self.current)
  File "c:\Users\Yaroslav\Python\Yellow-Wave\core\ui\widgets\menu\main_menu.py", line 278, in play_music
    self.slider.start_countdown()
  File "c:\Users\Yaroslav\Python\Yellow-Wave\core\ui\widgets\sliders\track_slider.py", line 173, in start_countdown
    self.update_time()
  File "c:\Users\Yaroslav\Python\Yellow-Wave\core\ui\widgets\sliders\track_slider.py", line 231, in update_time
    self.main.frontend.play_menu.sound.on_track_end()
  File "c:\Users\Yaroslav\Python\Yellow-Wave\core\ui\widgets\menu\main_menu.py", line 439, in on_track_end
    self.play_music(self.current)
  File "c:\Users\Yaroslav\Python\Yellow-Wave\core\ui\widgets\menu\main_menu.py", line 278, in play_music
    self.slider.start_countdown()
  File "c:\Users\Yaroslav\Python\Yellow-Wave\core\ui\widgets\sliders\track_slider.py", line 173, in start_countdown
    self.update_time()
  File "c:\Users\Yaroslav\Python\Yellow-Wave\core\ui\widgets\sliders\track_slider.py", line 231, in update_time
    self.main.frontend.play_menu.sound.on_track_end()
  File "c:\Users\Yaroslav\Python\Yellow-Wave\core\ui\widgets\menu\main_menu.py", line 439, in on_track_end
    self.play_music(self.current)
  File "c:\Users\Yaroslav\Python\Yellow-Wave\core\ui\widgets\menu\main_menu.py", line 278, in play_music
    self.slider.start_countdown()
  File "c:\Users\Yaroslav\Python\Yellow-Wave\core\ui\widgets\sliders\track_slider.py", line 173, in start_countdown
    self.update_time()
  File "c:\Users\Yaroslav\Python\Yellow-Wave\core\ui\widgets\sliders\track_slider.py", line 231, in update_time
    self.main.frontend.play_menu.sound.on_track_end()
  File "c:\Users\Yaroslav\Python\Yellow-Wave\core\ui\widgets\menu\main_menu.py", line 439, in on_track_end
    self.play_music(self.current)
  File "c:\Users\Yaroslav\Python\Yellow-Wave\core\ui\widgets\menu\main_menu.py", line 278, in play_music
    self.slider.start_countdown()
  File "c:\Users\Yaroslav\Python\Yellow-Wave\core\ui\widgets\sliders\track_slider.py", line 173, in start_countdown
    self.update_time()
  File "c:\Users\Yaroslav\Python\Yellow-Wave\core\ui\widgets\sliders\track_slider.py", line 231, in update_time
    self.main.frontend.play_menu.sound.on_track_end()
  File "c:\Users\Yaroslav\Python\Yellow-Wave\core\ui\widgets\menu\main_menu.py", line 439, in on_track_end
    self.play_music(self.current)
  File "c:\Users\Yaroslav\Python\Yellow-Wave\core\ui\widgets\menu\main_menu.py", line 278, in play_music
    self.slider.start_countdown()
  File "c:\Users\Yaroslav\Python\Yellow-Wave\core\ui\widgets\sliders\track_slider.py", line 173, in start_countdown
    self.update_time()
  File "c:\Users\Yaroslav\Python\Yellow-Wave\core\ui\widgets\sliders\track_slider.py", line 231, in update_time
    self.main.frontend.play_menu.sound.on_track_end()
  File "c:\Users\Yaroslav\Python\Yellow-Wave\core\ui\widgets\menu\main_menu.py", line 439, in on_track_end
    self.play_music(self.current)
  File "c:\Users\Yaroslav\Python\Yellow-Wave\core\ui\widgets\menu\main_menu.py", line 278, in play_music
    self.slider.start_countdown()
  File "c:\Users\Yaroslav\Python\Yellow-Wave\core\ui\widgets\sliders\track_slider.py", line 173, in start_countdown
    self.update_time()
  File "c:\Users\Yaroslav\Python\Yellow-Wave\core\ui\widgets\sliders\track_slider.py", line 231, in update_time
    self.main.frontend.play_menu.sound.on_track_end()
  File "c:\Users\Yaroslav\Python\Yellow-Wave\core\ui\widgets\menu\main_menu.py", line 439, in on_track_end
    self.play_music(self.current)
  File "c:\Users\Yaroslav\Python\Yellow-Wave\core\ui\widgets\menu\main_menu.py", line 278, in play_music
    self.slider.start_countdown()
  File "c:\Users\Yaroslav\Python\Yellow-Wave\core\ui\widgets\sliders\track_slider.py", line 173, in start_countdown
    self.update_time()
  File "c:\Users\Yaroslav\Python\Yellow-Wave\core\ui\widgets\sliders\track_slider.py", line 231, in update_time
    self.main.frontend.play_menu.sound.on_track_end()
  File "c:\Users\Yaroslav\Python\Yellow-Wave\core\ui\widgets\menu\main_menu.py", line 439, in on_track_end
    self.play_music(self.current)
  File "c:\Users\Yaroslav\Python\Yellow-Wave\core\ui\widgets\menu\main_menu.py", line 278, in play_music
    self.slider.start_countdown()
  File "c:\Users\Yaroslav\Python\Yellow-Wave\core\ui\widgets\sliders\track_slider.py", line 173, in start_countdown
    self.update_time()
  File "c:\Users\Yaroslav\Python\Yellow-Wave\core\ui\widgets\sliders\track_slider.py", line 231, in update_time
    self.main.frontend.play_menu.sound.on_track_end()
  File "c:\Users\Yaroslav\Python\Yellow-Wave\core\ui\widgets\menu\main_menu.py", line 439, in on_track_end
    self.play_music(self.current)
  File "c:\Users\Yaroslav\Python\Yellow-Wave\core\ui\widgets\menu\main_menu.py", line 278, in play_music
    self.slider.start_countdown()
  File "c:\Users\Yaroslav\Python\Yellow-Wave\core\ui\widgets\sliders\track_slider.py", line 173, in start_countdown
    self.update_time()
  File "c:\Users\Yaroslav\Python\Yellow-Wave\core\ui\widgets\sliders\track_slider.py", line 231, in update_time
    self.main.frontend.play_menu.sound.on_track_end()
  File "c:\Users\Yaroslav\Python\Yellow-Wave\core\ui\widgets\menu\main_menu.py", line 439, in on_track_end
    self.play_music(self.current)
  File "c:\Users\Yaroslav\Python\Yellow-Wave\core\ui\widgets\menu\main_menu.py", line 278, in play_music
    self.slider.start_countdown()
  File "c:\Users\Yaroslav\Python\Yellow-Wave\core\ui\widgets\sliders\track_slider.py", line 173, in start_countdown
    self.update_time()
  File "c:\Users\Yaroslav\Python\Yellow-Wave\core\ui\widgets\sliders\track_slider.py", line 231, in update_time
    self.main.frontend.play_menu.sound.on_track_end()
  File "c:\Users\Yaroslav\Python\Yellow-Wave\core\ui\widgets\menu\main_menu.py", line 439, in on_track_end
    self.play_music(self.current)
  File "c:\Users\Yaroslav\Python\Yellow-Wave\core\ui\widgets\menu\main_menu.py", line 278, in play_music
    self.slider.start_countdown()
  File "c:\Users\Yaroslav\Python\Yellow-Wave\core\ui\widgets\sliders\track_slider.py", line 173, in start_countdown
    self.update_time()
  File "c:\Users\Yaroslav\Python\Yellow-Wave\core\ui\widgets\sliders\track_slider.py", line 231, in update_time
    self.main.frontend.play_menu.sound.on_track_end()
  File "c:\Users\Yaroslav\Python\Yellow-Wave\core\ui\widgets\menu\main_menu.py", line 439, in on_track_end
    self.play_music(self.current)
  File "c:\Users\Yaroslav\Python\Yellow-Wave\core\ui\widgets\menu\main_menu.py", line 278, in play_music
    self.slider.start_countdown()
  File "c:\Users\Yaroslav\Python\Yellow-Wave\core\ui\widgets\sliders\track_slider.py", line 173, in start_countdown
    self.update_time()
  File "c:\Users\Yaroslav\Python\Yellow-Wave\core\ui\widgets\sliders\track_slider.py", line 231, in update_time
    self.main.frontend.play_menu.sound.on_track_end()
  File "c:\Users\Yaroslav\Python\Yellow-Wave\core\ui\widgets\menu\main_menu.py", line 439, in on_track_end
    self.play_music(self.current)
  File "c:\Users\Yaroslav\Python\Yellow-Wave\core\ui\widgets\menu\main_menu.py", line 278, in play_music
    self.slider.start_countdown()
  File "c:\Users\Yaroslav\Python\Yellow-Wave\core\ui\widgets\sliders\track_slider.py", line 173, in start_countdown
    self.update_time()
  File "c:\Users\Yaroslav\Python\Yellow-Wave\core\ui\widgets\sliders\track_slider.py", line 231, in update_time
    self.main.frontend.play_menu.sound.on_track_end()
  File "c:\Users\Yaroslav\Python\Yellow-Wave\core\ui\widgets\menu\main_menu.py", line 439, in on_track_end
    self.play_music(self.current)
  File "c:\Users\Yaroslav\Python\Yellow-Wave\core\ui\widgets\menu\main_menu.py", line 278, in play_music
    self.slider.start_countdown()
  File "c:\Users\Yaroslav\Python\Yellow-Wave\core\ui\widgets\sliders\track_slider.py", line 173, in start_countdown
    self.update_time()
  File "c:\Users\Yaroslav\Python\Yellow-Wave\core\ui\widgets\sliders\track_slider.py", line 231, in update_time
    self.main.frontend.play_menu.sound.on_track_end()
  File "c:\Users\Yaroslav\Python\Yellow-Wave\core\ui\widgets\menu\main_menu.py", line 439, in on_track_end
    self.play_music(self.current)
  File "c:\Users\Yaroslav\Python\Yellow-Wave\core\ui\widgets\menu\main_menu.py", line 278, in play_music
    self.slider.start_countdown()
  File "c:\Users\Yaroslav\Python\Yellow-Wave\core\ui\widgets\sliders\track_slider.py", line 173, in start_countdown
    self.update_time()
  File "c:\Users\Yaroslav\Python\Yellow-Wave\core\ui\widgets\sliders\track_slider.py", line 231, in update_time
    self.main.frontend.play_menu.sound.on_track_end()
  File "c:\Users\Yaroslav\Python\Yellow-Wave\core\ui\widgets\menu\main_menu.py", line 439, in on_track_end
    self.play_music(self.current)
  File "c:\Users\Yaroslav\Python\Yellow-Wave\core\ui\widgets\menu\main_menu.py", line 278, in play_music
    self.slider.start_countdown()
  File "c:\Users\Yaroslav\Python\Yellow-Wave\core\ui\widgets\sliders\track_slider.py", line 173, in start_countdown
    self.update_time()
  File "c:\Users\Yaroslav\Python\Yellow-Wave\core\ui\widgets\sliders\track_slider.py", line 231, in update_time
    self.main.frontend.play_menu.sound.on_track_end()
  File "c:\Users\Yaroslav\Python\Yellow-Wave\core\ui\widgets\menu\main_menu.py", line 439, in on_track_end
    self.play_music(self.current)
  File "c:\Users\Yaroslav\Python\Yellow-Wave\core\ui\widgets\menu\main_menu.py", line 278, in play_music
    self.slider.start_countdown()
  File "c:\Users\Yaroslav\Python\Yellow-Wave\core\ui\widgets\sliders\track_slider.py", line 173, in start_countdown
    self.update_time()
  File "c:\Users\Yaroslav\Python\Yellow-Wave\core\ui\widgets\sliders\track_slider.py", line 231, in update_time
    self.main.frontend.play_menu.sound.on_track_end()
  File "c:\Users\Yaroslav\Python\Yellow-Wave\core\ui\widgets\menu\main_menu.py", line 439, in on_track_end
    self.play_music(self.current)
  File "c:\Users\Yaroslav\Python\Yellow-Wave\core\ui\widgets\menu\main_menu.py", line 278, in play_music
    self.slider.start_countdown()
  File "c:\Users\Yaroslav\Python\Yellow-Wave\core\ui\widgets\sliders\track_slider.py", line 173, in start_countdown
    self.update_time()
  File "c:\Users\Yaroslav\Python\Yellow-Wave\core\ui\widgets\sliders\track_slider.py", line 231, in update_time
    self.main.frontend.play_menu.sound.on_track_end()
  File "c:\Users\Yaroslav\Python\Yellow-Wave\core\ui\widgets\menu\main_menu.py", line 439, in on_track_end
    self.play_music(self.current)
  File "c:\Users\Yaroslav\Python\Yellow-Wave\core\ui\widgets\menu\main_menu.py", line 278, in play_music
    self.slider.start_countdown()
  File "c:\Users\Yaroslav\Python\Yellow-Wave\core\ui\widgets\sliders\track_slider.py", line 173, in start_countdown
    self.update_time()
  File "c:\Users\Yaroslav\Python\Yellow-Wave\core\ui\widgets\sliders\track_slider.py", line 231, in update_time
    self.main.frontend.play_menu.sound.on_track_end()
  File "c:\Users\Yaroslav\Python\Yellow-Wave\core\ui\widgets\menu\main_menu.py", line 439, in on_track_end
    self.play_music(self.current)
  File "c:\Users\Yaroslav\Python\Yellow-Wave\core\ui\widgets\menu\main_menu.py", line 278, in play_music
    self.slider.start_countdown()
  File "c:\Users\Yaroslav\Python\Yellow-Wave\core\ui\widgets\sliders\track_slider.py", line 173, in start_countdown
    self.update_time()
  File "c:\Users\Yaroslav\Python\Yellow-Wave\core\ui\widgets\sliders\track_slider.py", line 231, in update_time
    self.main.frontend.play_menu.sound.on_track_end()
  File "c:\Users\Yaroslav\Python\Yellow-Wave\core\ui\widgets\menu\main_menu.py", line 439, in on_track_end
    self.play_music(self.current)
  File "c:\Users\Yaroslav\Python\Yellow-Wave\core\ui\widgets\menu\main_menu.py", line 278, in play_music
    self.slider.start_countdown()
  File "c:\Users\Yaroslav\Python\Yellow-Wave\core\ui\widgets\sliders\track_slider.py", line 173, in start_countdown
    self.update_time()
  File "c:\Users\Yaroslav\Python\Yellow-Wave\core\ui\widgets\sliders\track_slider.py", line 231, in update_time
    self.main.frontend.play_menu.sound.on_track_end()
  File "c:\Users\Yaroslav\Python\Yellow-Wave\core\ui\widgets\menu\main_menu.py", line 439, in on_track_end
    self.play_music(self.current)
  File "c:\Users\Yaroslav\Python\Yellow-Wave\core\ui\widgets\menu\main_menu.py", line 278, in play_music
    self.slider.start_countdown()
  File "c:\Users\Yaroslav\Python\Yellow-Wave\core\ui\widgets\sliders\track_slider.py", line 173, in start_countdown
    self.update_time()
  File "c:\Users\Yaroslav\Python\Yellow-Wave\core\ui\widgets\sliders\track_slider.py", line 231, in update_time
    self.main.frontend.play_menu.sound.on_track_end()
  File "c:\Users\Yaroslav\Python\Yellow-Wave\core\ui\widgets\menu\main_menu.py", line 439, in on_track_end
    self.play_music(self.current)
  File "c:\Users\Yaroslav\Python\Yellow-Wave\core\ui\widgets\menu\main_menu.py", line 278, in play_music
    self.slider.start_countdown()
  File "c:\Users\Yaroslav\Python\Yellow-Wave\core\ui\widgets\sliders\track_slider.py", line 173, in start_countdown
    self.update_time()
  File "c:\Users\Yaroslav\Python\Yellow-Wave\core\ui\widgets\sliders\track_slider.py", line 231, in update_time
    self.main.frontend.play_menu.sound.on_track_end()
  File "c:\Users\Yaroslav\Python\Yellow-Wave\core\ui\widgets\menu\main_menu.py", line 439, in on_track_end
    self.play_music(self.current)
  File "c:\Users\Yaroslav\Python\Yellow-Wave\core\ui\widgets\menu\main_menu.py", line 278, in play_music
    self.slider.start_countdown()
  File "c:\Users\Yaroslav\Python\Yellow-Wave\core\ui\widgets\sliders\track_slider.py", line 173, in start_countdown
    self.update_time()
  File "c:\Users\Yaroslav\Python\Yellow-Wave\core\ui\widgets\sliders\track_slider.py", line 231, in update_time
    self.main.frontend.play_menu.sound.on_track_end()
  File "c:\Users\Yaroslav\Python\Yellow-Wave\core\ui\widgets\menu\main_menu.py", line 439, in on_track_end
    self.play_music(self.current)
  File "c:\Users\Yaroslav\Python\Yellow-Wave\core\ui\widgets\menu\main_menu.py", line 278, in play_music
    self.slider.start_countdown()
  File "c:\Users\Yaroslav\Python\Yellow-Wave\core\ui\widgets\sliders\track_slider.py", line 173, in start_countdown
    self.update_time()
  File "c:\Users\Yaroslav\Python\Yellow-Wave\core\ui\widgets\sliders\track_slider.py", line 231, in update_time
    self.main.frontend.play_menu.sound.on_track_end()
  File "c:\Users\Yaroslav\Python\Yellow-Wave\core\ui\widgets\menu\main_menu.py", line 439, in on_track_end
    self.play_music(self.current)
  File "c:\Users\Yaroslav\Python\Yellow-Wave\core\ui\widgets\menu\main_menu.py", line 278, in play_music
    self.slider.start_countdown()
  File "c:\Users\Yaroslav\Python\Yellow-Wave\core\ui\widgets\sliders\track_slider.py", line 173, in start_countdown
    self.update_time()
  File "c:\Users\Yaroslav\Python\Yellow-Wave\core\ui\widgets\sliders\track_slider.py", line 231, in update_time
    self.main.frontend.play_menu.sound.on_track_end()
  File "c:\Users\Yaroslav\Python\Yellow-Wave\core\ui\widgets\menu\main_menu.py", line 439, in on_track_end
    self.play_music(self.current)
  File "c:\Users\Yaroslav\Python\Yellow-Wave\core\ui\widgets\menu\main_menu.py", line 278, in play_music
    self.slider.start_countdown()
  File "c:\Users\Yaroslav\Python\Yellow-Wave\core\ui\widgets\sliders\track_slider.py", line 173, in start_countdown
    self.update_time()
  File "c:\Users\Yaroslav\Python\Yellow-Wave\core\ui\widgets\sliders\track_slider.py", line 231, in update_time
    self.main.frontend.play_menu.sound.on_track_end()
  File "c:\Users\Yaroslav\Python\Yellow-Wave\core\ui\widgets\menu\main_menu.py", line 439, in on_track_end
    self.play_music(self.current)
  File "c:\Users\Yaroslav\Python\Yellow-Wave\core\ui\widgets\menu\main_menu.py", line 278, in play_music
    self.slider.start_countdown()
  File "c:\Users\Yaroslav\Python\Yellow-Wave\core\ui\widgets\sliders\track_slider.py", line 173, in start_countdown
    self.update_time()
  File "c:\Users\Yaroslav\Python\Yellow-Wave\core\ui\widgets\sliders\track_slider.py", line 231, in update_time
    self.main.frontend.play_menu.sound.on_track_end()
  File "c:\Users\Yaroslav\Python\Yellow-Wave\core\ui\widgets\menu\main_menu.py", line 439, in on_track_end
    self.play_music(self.current)
  File "c:\Users\Yaroslav\Python\Yellow-Wave\core\ui\widgets\menu\main_menu.py", line 278, in play_music
    self.slider.start_countdown()
  File "c:\Users\Yaroslav\Python\Yellow-Wave\core\ui\widgets\sliders\track_slider.py", line 173, in start_countdown
    self.update_time()
  File "c:\Users\Yaroslav\Python\Yellow-Wave\core\ui\widgets\sliders\track_slider.py", line 231, in update_time
    self.main.frontend.play_menu.sound.on_track_end()
  File "c:\Users\Yaroslav\Python\Yellow-Wave\core\ui\widgets\menu\main_menu.py", line 439, in on_track_end
    self.play_music(self.current)
  File "c:\Users\Yaroslav\Python\Yellow-Wave\core\ui\widgets\menu\main_menu.py", line 278, in play_music
    self.slider.start_countdown()
  File "c:\Users\Yaroslav\Python\Yellow-Wave\core\ui\widgets\sliders\track_slider.py", line 173, in start_countdown
    self.update_time()
  File "c:\Users\Yaroslav\Python\Yellow-Wave\core\ui\widgets\sliders\track_slider.py", line 231, in update_time
    self.main.frontend.play_menu.sound.on_track_end()
  File "c:\Users\Yaroslav\Python\Yellow-Wave\core\ui\widgets\menu\main_menu.py", line 439, in on_track_end
    self.play_music(self.current)
  File "c:\Users\Yaroslav\Python\Yellow-Wave\core\ui\widgets\menu\main_menu.py", line 278, in play_music
    self.slider.start_countdown()
  File "c:\Users\Yaroslav\Python\Yellow-Wave\core\ui\widgets\sliders\track_slider.py", line 173, in start_countdown
    self.update_time()
  File "c:\Users\Yaroslav\Python\Yellow-Wave\core\ui\widgets\sliders\track_slider.py", line 231, in update_time
    self.main.frontend.play_menu.sound.on_track_end()
  File "c:\Users\Yaroslav\Python\Yellow-Wave\core\ui\widgets\menu\main_menu.py", line 439, in on_track_end
    self.play_music(self.current)
  File "c:\Users\Yaroslav\Python\Yellow-Wave\core\ui\widgets\menu\main_menu.py", line 278, in play_music
    self.slider.start_countdown()
  File "c:\Users\Yaroslav\Python\Yellow-Wave\core\ui\widgets\sliders\track_slider.py", line 173, in start_countdown
    self.update_time()
  File "c:\Users\Yaroslav\Python\Yellow-Wave\core\ui\widgets\sliders\track_slider.py", line 231, in update_time
    self.main.frontend.play_menu.sound.on_track_end()
  File "c:\Users\Yaroslav\Python\Yellow-Wave\core\ui\widgets\menu\main_menu.py", line 439, in on_track_end
    self.play_music(self.current)
  File "c:\Users\Yaroslav\Python\Yellow-Wave\core\ui\widgets\menu\main_menu.py", line 278, in play_music
    self.slider.start_countdown()
  File "c:\Users\Yaroslav\Python\Yellow-Wave\core\ui\widgets\sliders\track_slider.py", line 173, in start_countdown
    self.update_time()
  File "c:\Users\Yaroslav\Python\Yellow-Wave\core\ui\widgets\sliders\track_slider.py", line 231, in update_time
    self.main.frontend.play_menu.sound.on_track_end()
  File "c:\Users\Yaroslav\Python\Yellow-Wave\core\ui\widgets\menu\main_menu.py", line 439, in on_track_end
    self.play_music(self.current)
  File "c:\Users\Yaroslav\Python\Yellow-Wave\core\ui\widgets\menu\main_menu.py", line 278, in play_music
    self.slider.start_countdown()
  File "c:\Users\Yaroslav\Python\Yellow-Wave\core\ui\widgets\sliders\track_slider.py", line 173, in start_countdown
    self.update_time()
  File "c:\Users\Yaroslav\Python\Yellow-Wave\core\ui\widgets\sliders\track_slider.py", line 231, in update_time
    self.main.frontend.play_menu.sound.on_track_end()
  File "c:\Users\Yaroslav\Python\Yellow-Wave\core\ui\widgets\menu\main_menu.py", line 439, in on_track_end
    self.play_music(self.current)
  File "c:\Users\Yaroslav\Python\Yellow-Wave\core\ui\widgets\menu\main_menu.py", line 278, in play_music
    self.slider.start_countdown()
  File "c:\Users\Yaroslav\Python\Yellow-Wave\core\ui\widgets\sliders\track_slider.py", line 173, in start_countdown
    self.update_time()
  File "c:\Users\Yaroslav\Python\Yellow-Wave\core\ui\widgets\sliders\track_slider.py", line 231, in update_time
    self.main.frontend.play_menu.sound.on_track_end()
  File "c:\Users\Yaroslav\Python\Yellow-Wave\core\ui\widgets\menu\main_menu.py", line 439, in on_track_end
    self.play_music(self.current)
  File "c:\Users\Yaroslav\Python\Yellow-Wave\core\ui\widgets\menu\main_menu.py", line 278, in play_music
    self.slider.start_countdown()
  File "c:\Users\Yaroslav\Python\Yellow-Wave\core\ui\widgets\sliders\track_slider.py", line 173, in start_countdown
    self.update_time()
  File "c:\Users\Yaroslav\Python\Yellow-Wave\core\ui\widgets\sliders\track_slider.py", line 231, in update_time
    self.main.frontend.play_menu.sound.on_track_end()
  File "c:\Users\Yaroslav\Python\Yellow-Wave\core\ui\widgets\menu\main_menu.py", line 439, in on_track_end
    self.play_music(self.current)
  File "c:\Users\Yaroslav\Python\Yellow-Wave\core\ui\widgets\menu\main_menu.py", line 278, in play_music
    self.slider.start_countdown()
  File "c:\Users\Yaroslav\Python\Yellow-Wave\core\ui\widgets\sliders\track_slider.py", line 173, in start_countdown
    self.update_time()
  File "c:\Users\Yaroslav\Python\Yellow-Wave\core\ui\widgets\sliders\track_slider.py", line 231, in update_time
    self.main.frontend.play_menu.sound.on_track_end()
  File "c:\Users\Yaroslav\Python\Yellow-Wave\core\ui\widgets\menu\main_menu.py", line 439, in on_track_end
    self.play_music(self.current)
  File "c:\Users\Yaroslav\Python\Yellow-Wave\core\ui\widgets\menu\main_menu.py", line 278, in play_music
    self.slider.start_countdown()
  File "c:\Users\Yaroslav\Python\Yellow-Wave\core\ui\widgets\sliders\track_slider.py", line 173, in start_countdown
    self.update_time()
  File "c:\Users\Yaroslav\Python\Yellow-Wave\core\ui\widgets\sliders\track_slider.py", line 231, in update_time
    self.main.frontend.play_menu.sound.on_track_end()
  File "c:\Users\Yaroslav\Python\Yellow-Wave\core\ui\widgets\menu\main_menu.py", line 439, in on_track_end
    self.play_music(self.current)
  File "c:\Users\Yaroslav\Python\Yellow-Wave\core\ui\widgets\menu\main_menu.py", line 278, in play_music
    self.slider.start_countdown()
  File "c:\Users\Yaroslav\Python\Yellow-Wave\core\ui\widgets\sliders\track_slider.py", line 173, in start_countdown
    self.update_time()
  File "c:\Users\Yaroslav\Python\Yellow-Wave\core\ui\widgets\sliders\track_slider.py", line 231, in update_time
    self.main.frontend.play_menu.sound.on_track_end()
  File "c:\Users\Yaroslav\Python\Yellow-Wave\core\ui\widgets\menu\main_menu.py", line 439, in on_track_end
    self.play_music(self.current)
  File "c:\Users\Yaroslav\Python\Yellow-Wave\core\ui\widgets\menu\main_menu.py", line 278, in play_music
    self.slider.start_countdown()
  File "c:\Users\Yaroslav\Python\Yellow-Wave\core\ui\widgets\sliders\track_slider.py", line 173, in start_countdown
    self.update_time()
  File "c:\Users\Yaroslav\Python\Yellow-Wave\core\ui\widgets\sliders\track_slider.py", line 231, in update_time
    self.main.frontend.play_menu.sound.on_track_end()
  File "c:\Users\Yaroslav\Python\Yellow-Wave\core\ui\widgets\menu\main_menu.py", line 439, in on_track_end
    self.play_music(self.current)
  File "c:\Users\Yaroslav\Python\Yellow-Wave\core\ui\widgets\menu\main_menu.py", line 278, in play_music
    self.slider.start_countdown()
  File "c:\Users\Yaroslav\Python\Yellow-Wave\core\ui\widgets\sliders\track_slider.py", line 173, in start_countdown
    self.update_time()
  File "c:\Users\Yaroslav\Python\Yellow-Wave\core\ui\widgets\sliders\track_slider.py", line 231, in update_time
    self.main.frontend.play_menu.sound.on_track_end()
  File "c:\Users\Yaroslav\Python\Yellow-Wave\core\ui\widgets\menu\main_menu.py", line 439, in on_track_end
    self.play_music(self.current)
  File "c:\Users\Yaroslav\Python\Yellow-Wave\core\ui\widgets\menu\main_menu.py", line 278, in play_music
    self.slider.start_countdown()
  File "c:\Users\Yaroslav\Python\Yellow-Wave\core\ui\widgets\sliders\track_slider.py", line 173, in start_countdown
    self.update_time()
  File "c:\Users\Yaroslav\Python\Yellow-Wave\core\ui\widgets\sliders\track_slider.py", line 231, in update_time
    self.main.frontend.play_menu.sound.on_track_end()
  File "c:\Users\Yaroslav\Python\Yellow-Wave\core\ui\widgets\menu\main_menu.py", line 439, in on_track_end
    self.play_music(self.current)
  File "c:\Users\Yaroslav\Python\Yellow-Wave\core\ui\widgets\menu\main_menu.py", line 278, in play_music
    self.slider.start_countdown()
  File "c:\Users\Yaroslav\Python\Yellow-Wave\core\ui\widgets\sliders\track_slider.py", line 173, in start_countdown
    self.update_time()
  File "c:\Users\Yaroslav\Python\Yellow-Wave\core\ui\widgets\sliders\track_slider.py", line 231, in update_time
    self.main.frontend.play_menu.sound.on_track_end()
  File "c:\Users\Yaroslav\Python\Yellow-Wave\core\ui\widgets\menu\main_menu.py", line 439, in on_track_end
    self.play_music(self.current)
  File "c:\Users\Yaroslav\Python\Yellow-Wave\core\ui\widgets\menu\main_menu.py", line 278, in play_music
    self.slider.start_countdown()
  File "c:\Users\Yaroslav\Python\Yellow-Wave\core\ui\widgets\sliders\track_slider.py", line 173, in start_countdown
    self.update_time()
  File "c:\Users\Yaroslav\Python\Yellow-Wave\core\ui\widgets\sliders\track_slider.py", line 231, in update_time
    self.main.frontend.play_menu.sound.on_track_end()
  File "c:\Users\Yaroslav\Python\Yellow-Wave\core\ui\widgets\menu\main_menu.py", line 439, in on_track_end
    self.play_music(self.current)
  File "c:\Users\Yaroslav\Python\Yellow-Wave\core\ui\widgets\menu\main_menu.py", line 278, in play_music
    self.slider.start_countdown()
  File "c:\Users\Yaroslav\Python\Yellow-Wave\core\ui\widgets\sliders\track_slider.py", line 173, in start_countdown
    self.update_time()
  File "c:\Users\Yaroslav\Python\Yellow-Wave\core\ui\widgets\sliders\track_slider.py", line 231, in update_time
    self.main.frontend.play_menu.sound.on_track_end()
  File "c:\Users\Yaroslav\Python\Yellow-Wave\core\ui\widgets\menu\main_menu.py", line 439, in on_track_end
    self.play_music(self.current)
  File "c:\Users\Yaroslav\Python\Yellow-Wave\core\ui\widgets\menu\main_menu.py", line 278, in play_music
    self.slider.start_countdown()
  File "c:\Users\Yaroslav\Python\Yellow-Wave\core\ui\widgets\sliders\track_slider.py", line 173, in start_countdown
    self.update_time()
  File "c:\Users\Yaroslav\Python\Yellow-Wave\core\ui\widgets\sliders\track_slider.py", line 231, in update_time
    self.main.frontend.play_menu.sound.on_track_end()
  File "c:\Users\Yaroslav\Python\Yellow-Wave\core\ui\widgets\menu\main_menu.py", line 439, in on_track_end
    self.play_music(self.current)
  File "c:\Users\Yaroslav\Python\Yellow-Wave\core\ui\widgets\menu\main_menu.py", line 278, in play_music
    self.slider.start_countdown()
  File "c:\Users\Yaroslav\Python\Yellow-Wave\core\ui\widgets\sliders\track_slider.py", line 173, in start_countdown
    self.update_time()
  File "c:\Users\Yaroslav\Python\Yellow-Wave\core\ui\widgets\sliders\track_slider.py", line 231, in update_time
    self.main.frontend.play_menu.sound.on_track_end()
  File "c:\Users\Yaroslav\Python\Yellow-Wave\core\ui\widgets\menu\main_menu.py", line 439, in on_track_end
    self.play_music(self.current)
  File "c:\Users\Yaroslav\Python\Yellow-Wave\core\ui\widgets\menu\main_menu.py", line 278, in play_music
    self.slider.start_countdown()
  File "c:\Users\Yaroslav\Python\Yellow-Wave\core\ui\widgets\sliders\track_slider.py", line 173, in start_countdown
    self.update_time()
  File "c:\Users\Yaroslav\Python\Yellow-Wave\core\ui\widgets\sliders\track_slider.py", line 231, in update_time
    self.main.frontend.play_menu.sound.on_track_end()
  File "c:\Users\Yaroslav\Python\Yellow-Wave\core\ui\widgets\menu\main_menu.py", line 439, in on_track_end
    self.play_music(self.current)
  File "c:\Users\Yaroslav\Python\Yellow-Wave\core\ui\widgets\menu\main_menu.py", line 278, in play_music
    self.slider.start_countdown()
  File "c:\Users\Yaroslav\Python\Yellow-Wave\core\ui\widgets\sliders\track_slider.py", line 173, in start_countdown
    self.update_time()
  File "c:\Users\Yaroslav\Python\Yellow-Wave\core\ui\widgets\sliders\track_slider.py", line 231, in update_time
    self.main.frontend.play_menu.sound.on_track_end()
  File "c:\Users\Yaroslav\Python\Yellow-Wave\core\ui\widgets\menu\main_menu.py", line 439, in on_track_end
    self.play_music(self.current)
  File "c:\Users\Yaroslav\Python\Yellow-Wave\core\ui\widgets\menu\main_menu.py", line 278, in play_music
    self.slider.start_countdown()
  File "c:\Users\Yaroslav\Python\Yellow-Wave\core\ui\widgets\sliders\track_slider.py", line 173, in start_countdown
    self.update_time()
  File "c:\Users\Yaroslav\Python\Yellow-Wave\core\ui\widgets\sliders\track_slider.py", line 231, in update_time
    self.main.frontend.play_menu.sound.on_track_end()
  File "c:\Users\Yaroslav\Python\Yellow-Wave\core\ui\widgets\menu\main_menu.py", line 439, in on_track_end
    self.play_music(self.current)
  File "c:\Users\Yaroslav\Python\Yellow-Wave\core\ui\widgets\menu\main_menu.py", line 278, in play_music
    self.slider.start_countdown()
  File "c:\Users\Yaroslav\Python\Yellow-Wave\core\ui\widgets\sliders\track_slider.py", line 173, in start_countdown
    self.update_time()
  File "c:\Users\Yaroslav\Python\Yellow-Wave\core\ui\widgets\sliders\track_slider.py", line 231, in update_time
    self.main.frontend.play_menu.sound.on_track_end()
  File "c:\Users\Yaroslav\Python\Yellow-Wave\core\ui\widgets\menu\main_menu.py", line 439, in on_track_end
    self.play_music(self.current)
  File "c:\Users\Yaroslav\Python\Yellow-Wave\core\ui\widgets\menu\main_menu.py", line 278, in play_music
    self.slider.start_countdown()
  File "c:\Users\Yaroslav\Python\Yellow-Wave\core\ui\widgets\sliders\track_slider.py", line 173, in start_countdown
    self.update_time()
  File "c:\Users\Yaroslav\Python\Yellow-Wave\core\ui\widgets\sliders\track_slider.py", line 231, in update_time
    self.main.frontend.play_menu.sound.on_track_end()
  File "c:\Users\Yaroslav\Python\Yellow-Wave\core\ui\widgets\menu\main_menu.py", line 439, in on_track_end
    self.play_music(self.current)
  File "c:\Users\Yaroslav\Python\Yellow-Wave\core\ui\widgets\menu\main_menu.py", line 278, in play_music
    self.slider.start_countdown()
  File "c:\Users\Yaroslav\Python\Yellow-Wave\core\ui\widgets\sliders\track_slider.py", line 173, in start_countdown
    self.update_time()
  File "c:\Users\Yaroslav\Python\Yellow-Wave\core\ui\widgets\sliders\track_slider.py", line 231, in update_time
    self.main.frontend.play_menu.sound.on_track_end()
  File "c:\Users\Yaroslav\Python\Yellow-Wave\core\ui\widgets\menu\main_menu.py", line 439, in on_track_end
    self.play_music(self.current)
  File "c:\Users\Yaroslav\Python\Yellow-Wave\core\ui\widgets\menu\main_menu.py", line 278, in play_music
    self.slider.start_countdown()
  File "c:\Users\Yaroslav\Python\Yellow-Wave\core\ui\widgets\sliders\track_slider.py", line 173, in start_countdown
    self.update_time()
  File "c:\Users\Yaroslav\Python\Yellow-Wave\core\ui\widgets\sliders\track_slider.py", line 231, in update_time
    self.main.frontend.play_menu.sound.on_track_end()
  File "c:\Users\Yaroslav\Python\Yellow-Wave\core\ui\widgets\menu\main_menu.py", line 439, in on_track_end
    self.play_music(self.current)
  File "c:\Users\Yaroslav\Python\Yellow-Wave\core\ui\widgets\menu\main_menu.py", line 278, in play_music
    self.slider.start_countdown()
  File "c:\Users\Yaroslav\Python\Yellow-Wave\core\ui\widgets\sliders\track_slider.py", line 173, in start_countdown
    self.update_time()
  File "c:\Users\Yaroslav\Python\Yellow-Wave\core\ui\widgets\sliders\track_slider.py", line 231, in update_time
    self.main.frontend.play_menu.sound.on_track_end()
  File "c:\Users\Yaroslav\Python\Yellow-Wave\core\ui\widgets\menu\main_menu.py", line 439, in on_track_end
    self.play_music(self.current)
  File "c:\Users\Yaroslav\Python\Yellow-Wave\core\ui\widgets\menu\main_menu.py", line 278, in play_music
    self.slider.start_countdown()
  File "c:\Users\Yaroslav\Python\Yellow-Wave\core\ui\widgets\sliders\track_slider.py", line 173, in start_countdown
    self.update_time()
  File "c:\Users\Yaroslav\Python\Yellow-Wave\core\ui\widgets\sliders\track_slider.py", line 231, in update_time
    self.main.frontend.play_menu.sound.on_track_end()
  File "c:\Users\Yaroslav\Python\Yellow-Wave\core\ui\widgets\menu\main_menu.py", line 439, in on_track_end
    self.play_music(self.current)
  File "c:\Users\Yaroslav\Python\Yellow-Wave\core\ui\widgets\menu\main_menu.py", line 278, in play_music
    self.slider.start_countdown()
  File "c:\Users\Yaroslav\Python\Yellow-Wave\core\ui\widgets\sliders\track_slider.py", line 173, in start_countdown
    self.update_time()
  File "c:\Users\Yaroslav\Python\Yellow-Wave\core\ui\widgets\sliders\track_slider.py", line 231, in update_time
    self.main.frontend.play_menu.sound.on_track_end()
  File "c:\Users\Yaroslav\Python\Yellow-Wave\core\ui\widgets\menu\main_menu.py", line 439, in on_track_end
    self.play_music(self.current)
  File "c:\Users\Yaroslav\Python\Yellow-Wave\core\ui\widgets\menu\main_menu.py", line 278, in play_music
    self.slider.start_countdown()
  File "c:\Users\Yaroslav\Python\Yellow-Wave\core\ui\widgets\sliders\track_slider.py", line 173, in start_countdown
    self.update_time()
  File "c:\Users\Yaroslav\Python\Yellow-Wave\core\ui\widgets\sliders\track_slider.py", line 231, in update_time
    self.main.frontend.play_menu.sound.on_track_end()
  File "c:\Users\Yaroslav\Python\Yellow-Wave\core\ui\widgets\menu\main_menu.py", line 439, in on_track_end
    self.play_music(self.current)
  File "c:\Users\Yaroslav\Python\Yellow-Wave\core\ui\widgets\menu\main_menu.py", line 278, in play_music
    self.slider.start_countdown()
  File "c:\Users\Yaroslav\Python\Yellow-Wave\core\ui\widgets\sliders\track_slider.py", line 173, in start_countdown
    self.update_time()
  File "c:\Users\Yaroslav\Python\Yellow-Wave\core\ui\widgets\sliders\track_slider.py", line 231, in update_time
    self.main.frontend.play_menu.sound.on_track_end()
  File "c:\Users\Yaroslav\Python\Yellow-Wave\core\ui\widgets\menu\main_menu.py", line 439, in on_track_end
    self.play_music(self.current)
  File "c:\Users\Yaroslav\Python\Yellow-Wave\core\ui\widgets\menu\main_menu.py", line 278, in play_music
    self.slider.start_countdown()
  File "c:\Users\Yaroslav\Python\Yellow-Wave\core\ui\widgets\sliders\track_slider.py", line 173, in start_countdown
    self.update_time()
  File "c:\Users\Yaroslav\Python\Yellow-Wave\core\ui\widgets\sliders\track_slider.py", line 231, in update_time
    self.main.frontend.play_menu.sound.on_track_end()
  File "c:\Users\Yaroslav\Python\Yellow-Wave\core\ui\widgets\menu\main_menu.py", line 439, in on_track_end
    self.play_music(self.current)
  File "c:\Users\Yaroslav\Python\Yellow-Wave\core\ui\widgets\menu\main_menu.py", line 278, in play_music
    self.slider.start_countdown()
  File "c:\Users\Yaroslav\Python\Yellow-Wave\core\ui\widgets\sliders\track_slider.py", line 173, in start_countdown
    self.update_time()
  File "c:\Users\Yaroslav\Python\Yellow-Wave\core\ui\widgets\sliders\track_slider.py", line 231, in update_time
    self.main.frontend.play_menu.sound.on_track_end()
  File "c:\Users\Yaroslav\Python\Yellow-Wave\core\ui\widgets\menu\main_menu.py", line 439, in on_track_end
    self.play_music(self.current)
  File "c:\Users\Yaroslav\Python\Yellow-Wave\core\ui\widgets\menu\main_menu.py", line 278, in play_music
    self.slider.start_countdown()
  File "c:\Users\Yaroslav\Python\Yellow-Wave\core\ui\widgets\sliders\track_slider.py", line 173, in start_countdown
    self.update_time()
  File "c:\Users\Yaroslav\Python\Yellow-Wave\core\ui\widgets\sliders\track_slider.py", line 231, in update_time
    self.main.frontend.play_menu.sound.on_track_end()
  File "c:\Users\Yaroslav\Python\Yellow-Wave\core\ui\widgets\menu\main_menu.py", line 439, in on_track_end
    self.play_music(self.current)
  File "c:\Users\Yaroslav\Python\Yellow-Wave\core\ui\widgets\menu\main_menu.py", line 278, in play_music
    self.slider.start_countdown()
  File "c:\Users\Yaroslav\Python\Yellow-Wave\core\ui\widgets\sliders\track_slider.py", line 173, in start_countdown
    self.update_time()
  File "c:\Users\Yaroslav\Python\Yellow-Wave\core\ui\widgets\sliders\track_slider.py", line 231, in update_time
    self.main.frontend.play_menu.sound.on_track_end()
  File "c:\Users\Yaroslav\Python\Yellow-Wave\core\ui\widgets\menu\main_menu.py", line 439, in on_track_end
    self.play_music(self.current)
  File "c:\Users\Yaroslav\Python\Yellow-Wave\core\ui\widgets\menu\main_menu.py", line 278, in play_music
    self.slider.start_countdown()
  File "c:\Users\Yaroslav\Python\Yellow-Wave\core\ui\widgets\sliders\track_slider.py", line 173, in start_countdown
    self.update_time()
  File "c:\Users\Yaroslav\Python\Yellow-Wave\core\ui\widgets\sliders\track_slider.py", line 231, in update_time
    self.main.frontend.play_menu.sound.on_track_end()
  File "c:\Users\Yaroslav\Python\Yellow-Wave\core\ui\widgets\menu\main_menu.py", line 439, in on_track_end
    self.play_music(self.current)
  File "c:\Users\Yaroslav\Python\Yellow-Wave\core\ui\widgets\menu\main_menu.py", line 278, in play_music
    self.slider.start_countdown()
  File "c:\Users\Yaroslav\Python\Yellow-Wave\core\ui\widgets\sliders\track_slider.py", line 173, in start_countdown
    self.update_time()
  File "c:\Users\Yaroslav\Python\Yellow-Wave\core\ui\widgets\sliders\track_slider.py", line 231, in update_time
    self.main.frontend.play_menu.sound.on_track_end()
  File "c:\Users\Yaroslav\Python\Yellow-Wave\core\ui\widgets\menu\main_menu.py", line 439, in on_track_end
    self.play_music(self.current)
  File "c:\Users\Yaroslav\Python\Yellow-Wave\core\ui\widgets\menu\main_menu.py", line 278, in play_music
    self.slider.start_countdown()
  File "c:\Users\Yaroslav\Python\Yellow-Wave\core\ui\widgets\sliders\track_slider.py", line 173, in start_countdown
    self.update_time()
  File "c:\Users\Yaroslav\Python\Yellow-Wave\core\ui\widgets\sliders\track_slider.py", line 231, in update_time
    self.main.frontend.play_menu.sound.on_track_end()
  File "c:\Users\Yaroslav\Python\Yellow-Wave\core\ui\widgets\menu\main_menu.py", line 439, in on_track_end
    self.play_music(self.current)
  File "c:\Users\Yaroslav\Python\Yellow-Wave\core\ui\widgets\menu\main_menu.py", line 278, in play_music
    self.slider.start_countdown()
  File "c:\Users\Yaroslav\Python\Yellow-Wave\core\ui\widgets\sliders\track_slider.py", line 173, in start_countdown
    self.update_time()
  File "c:\Users\Yaroslav\Python\Yellow-Wave\core\ui\widgets\sliders\track_slider.py", line 231, in update_time
    self.main.frontend.play_menu.sound.on_track_end()
  File "c:\Users\Yaroslav\Python\Yellow-Wave\core\ui\widgets\menu\main_menu.py", line 439, in on_track_end
    self.play_music(self.current)
  File "c:\Users\Yaroslav\Python\Yellow-Wave\core\ui\widgets\menu\main_menu.py", line 278, in play_music
    self.slider.start_countdown()
  File "c:\Users\Yaroslav\Python\Yellow-Wave\core\ui\widgets\sliders\track_slider.py", line 173, in start_countdown
    self.update_time()
  File "c:\Users\Yaroslav\Python\Yellow-Wave\core\ui\widgets\sliders\track_slider.py", line 231, in update_time
    self.main.frontend.play_menu.sound.on_track_end()
  File "c:\Users\Yaroslav\Python\Yellow-Wave\core\ui\widgets\menu\main_menu.py", line 439, in on_track_end
    self.play_music(self.current)
  File "c:\Users\Yaroslav\Python\Yellow-Wave\core\ui\widgets\menu\main_menu.py", line 278, in play_music
    self.slider.start_countdown()
  File "c:\Users\Yaroslav\Python\Yellow-Wave\core\ui\widgets\sliders\track_slider.py", line 173, in start_countdown
    self.update_time()
  File "c:\Users\Yaroslav\Python\Yellow-Wave\core\ui\widgets\sliders\track_slider.py", line 231, in update_time
    self.main.frontend.play_menu.sound.on_track_end()
  File "c:\Users\Yaroslav\Python\Yellow-Wave\core\ui\widgets\menu\main_menu.py", line 439, in on_track_end
    self.play_music(self.current)
  File "c:\Users\Yaroslav\Python\Yellow-Wave\core\ui\widgets\menu\main_menu.py", line 278, in play_music
    self.slider.start_countdown()
  File "c:\Users\Yaroslav\Python\Yellow-Wave\core\ui\widgets\sliders\track_slider.py", line 173, in start_countdown
    self.update_time()
  File "c:\Users\Yaroslav\Python\Yellow-Wave\core\ui\widgets\sliders\track_slider.py", line 231, in update_time
    self.main.frontend.play_menu.sound.on_track_end()
  File "c:\Users\Yaroslav\Python\Yellow-Wave\core\ui\widgets\menu\main_menu.py", line 439, in on_track_end
    self.play_music(self.current)
  File "c:\Users\Yaroslav\Python\Yellow-Wave\core\ui\widgets\menu\main_menu.py", line 278, in play_music
    self.slider.start_countdown()
  File "c:\Users\Yaroslav\Python\Yellow-Wave\core\ui\widgets\sliders\track_slider.py", line 173, in start_countdown
    self.update_time()
  File "c:\Users\Yaroslav\Python\Yellow-Wave\core\ui\widgets\sliders\track_slider.py", line 231, in update_time
    self.main.frontend.play_menu.sound.on_track_end()
  File "c:\Users\Yaroslav\Python\Yellow-Wave\core\ui\widgets\menu\main_menu.py", line 439, in on_track_end
    self.play_music(self.current)
  File "c:\Users\Yaroslav\Python\Yellow-Wave\core\ui\widgets\menu\main_menu.py", line 278, in play_music
    self.slider.start_countdown()
  File "c:\Users\Yaroslav\Python\Yellow-Wave\core\ui\widgets\sliders\track_slider.py", line 173, in start_countdown
    self.update_time()
  File "c:\Users\Yaroslav\Python\Yellow-Wave\core\ui\widgets\sliders\track_slider.py", line 231, in update_time
    self.main.frontend.play_menu.sound.on_track_end()
  File "c:\Users\Yaroslav\Python\Yellow-Wave\core\ui\widgets\menu\main_menu.py", line 439, in on_track_end
    self.play_music(self.current)
  File "c:\Users\Yaroslav\Python\Yellow-Wave\core\ui\widgets\menu\main_menu.py", line 278, in play_music
    self.slider.start_countdown()
  File "c:\Users\Yaroslav\Python\Yellow-Wave\core\ui\widgets\sliders\track_slider.py", line 173, in start_countdown
    self.update_time()
  File "c:\Users\Yaroslav\Python\Yellow-Wave\core\ui\widgets\sliders\track_slider.py", line 231, in update_time
    self.main.frontend.play_menu.sound.on_track_end()
  File "c:\Users\Yaroslav\Python\Yellow-Wave\core\ui\widgets\menu\main_menu.py", line 439, in on_track_end
    self.play_music(self.current)
  File "c:\Users\Yaroslav\Python\Yellow-Wave\core\ui\widgets\menu\main_menu.py", line 278, in play_music
    self.slider.start_countdown()
  File "c:\Users\Yaroslav\Python\Yellow-Wave\core\ui\widgets\sliders\track_slider.py", line 173, in start_countdown
    self.update_time()
  File "c:\Users\Yaroslav\Python\Yellow-Wave\core\ui\widgets\sliders\track_slider.py", line 231, in update_time
    self.main.frontend.play_menu.sound.on_track_end()
  File "c:\Users\Yaroslav\Python\Yellow-Wave\core\ui\widgets\menu\main_menu.py", line 439, in on_track_end
    self.play_music(self.current)
  File "c:\Users\Yaroslav\Python\Yellow-Wave\core\ui\widgets\menu\main_menu.py", line 278, in play_music
    self.slider.start_countdown()
  File "c:\Users\Yaroslav\Python\Yellow-Wave\core\ui\widgets\sliders\track_slider.py", line 173, in start_countdown
    self.update_time()
  File "c:\Users\Yaroslav\Python\Yellow-Wave\core\ui\widgets\sliders\track_slider.py", line 231, in update_time
    self.main.frontend.play_menu.sound.on_track_end()
  File "c:\Users\Yaroslav\Python\Yellow-Wave\core\ui\widgets\menu\main_menu.py", line 439, in on_track_end
    self.play_music(self.current)
  File "c:\Users\Yaroslav\Python\Yellow-Wave\core\ui\widgets\menu\main_menu.py", line 278, in play_music
    self.slider.start_countdown()
  File "c:\Users\Yaroslav\Python\Yellow-Wave\core\ui\widgets\sliders\track_slider.py", line 173, in start_countdown
    self.update_time()
  File "c:\Users\Yaroslav\Python\Yellow-Wave\core\ui\widgets\sliders\track_slider.py", line 231, in update_time
    self.main.frontend.play_menu.sound.on_track_end()
  File "c:\Users\Yaroslav\Python\Yellow-Wave\core\ui\widgets\menu\main_menu.py", line 439, in on_track_end
    self.play_music(self.current)
  File "c:\Users\Yaroslav\Python\Yellow-Wave\core\ui\widgets\menu\main_menu.py", line 278, in play_music
    self.slider.start_countdown()
  File "c:\Users\Yaroslav\Python\Yellow-Wave\core\ui\widgets\sliders\track_slider.py", line 173, in start_countdown
    self.update_time()
  File "c:\Users\Yaroslav\Python\Yellow-Wave\core\ui\widgets\sliders\track_slider.py", line 231, in update_time
    self.main.frontend.play_menu.sound.on_track_end()
  File "c:\Users\Yaroslav\Python\Yellow-Wave\core\ui\widgets\menu\main_menu.py", line 439, in on_track_end
    self.play_music(self.current)
  File "c:\Users\Yaroslav\Python\Yellow-Wave\core\ui\widgets\menu\main_menu.py", line 278, in play_music
    self.slider.start_countdown()
  File "c:\Users\Yaroslav\Python\Yellow-Wave\core\ui\widgets\sliders\track_slider.py", line 173, in start_countdown
    self.update_time()
  File "c:\Users\Yaroslav\Python\Yellow-Wave\core\ui\widgets\sliders\track_slider.py", line 231, in update_time
    self.main.frontend.play_menu.sound.on_track_end()
  File "c:\Users\Yaroslav\Python\Yellow-Wave\core\ui\widgets\menu\main_menu.py", line 439, in on_track_end
    self.play_music(self.current)
  File "c:\Users\Yaroslav\Python\Yellow-Wave\core\ui\widgets\menu\main_menu.py", line 278, in play_music
    self.slider.start_countdown()
  File "c:\Users\Yaroslav\Python\Yellow-Wave\core\ui\widgets\sliders\track_slider.py", line 173, in start_countdown
    self.update_time()
  File "c:\Users\Yaroslav\Python\Yellow-Wave\core\ui\widgets\sliders\track_slider.py", line 231, in update_time
    self.main.frontend.play_menu.sound.on_track_end()
  File "c:\Users\Yaroslav\Python\Yellow-Wave\core\ui\widgets\menu\main_menu.py", line 439, in on_track_end
    self.play_music(self.current)
  File "c:\Users\Yaroslav\Python\Yellow-Wave\core\ui\widgets\menu\main_menu.py", line 278, in play_music
    self.slider.start_countdown()
  File "c:\Users\Yaroslav\Python\Yellow-Wave\core\ui\widgets\sliders\track_slider.py", line 173, in start_countdown
    self.update_time()
  File "c:\Users\Yaroslav\Python\Yellow-Wave\core\ui\widgets\sliders\track_slider.py", line 231, in update_time
    self.main.frontend.play_menu.sound.on_track_end()
  File "c:\Users\Yaroslav\Python\Yellow-Wave\core\ui\widgets\menu\main_menu.py", line 439, in on_track_end
    self.play_music(self.current)
  File "c:\Users\Yaroslav\Python\Yellow-Wave\core\ui\widgets\menu\main_menu.py", line 278, in play_music
    self.slider.start_countdown()
  File "c:\Users\Yaroslav\Python\Yellow-Wave\core\ui\widgets\sliders\track_slider.py", line 173, in start_countdown
    self.update_time()
  File "c:\Users\Yaroslav\Python\Yellow-Wave\core\ui\widgets\sliders\track_slider.py", line 231, in update_time
    self.main.frontend.play_menu.sound.on_track_end()
  File "c:\Users\Yaroslav\Python\Yellow-Wave\core\ui\widgets\menu\main_menu.py", line 439, in on_track_end
    self.play_music(self.current)
  File "c:\Users\Yaroslav\Python\Yellow-Wave\core\ui\widgets\menu\main_menu.py", line 278, in play_music
    self.slider.start_countdown()
  File "c:\Users\Yaroslav\Python\Yellow-Wave\core\ui\widgets\sliders\track_slider.py", line 173, in start_countdown
    self.update_time()
  File "c:\Users\Yaroslav\Python\Yellow-Wave\core\ui\widgets\sliders\track_slider.py", line 231, in update_time
    self.main.frontend.play_menu.sound.on_track_end()
  File "c:\Users\Yaroslav\Python\Yellow-Wave\core\ui\widgets\menu\main_menu.py", line 439, in on_track_end
    self.play_music(self.current)
  File "c:\Users\Yaroslav\Python\Yellow-Wave\core\ui\widgets\menu\main_menu.py", line 278, in play_music
    self.slider.start_countdown()
  File "c:\Users\Yaroslav\Python\Yellow-Wave\core\ui\widgets\sliders\track_slider.py", line 173, in start_countdown
    self.update_time()
  File "c:\Users\Yaroslav\Python\Yellow-Wave\core\ui\widgets\sliders\track_slider.py", line 231, in update_time
    self.main.frontend.play_menu.sound.on_track_end()
  File "c:\Users\Yaroslav\Python\Yellow-Wave\core\ui\widgets\menu\main_menu.py", line 439, in on_track_end
    self.play_music(self.current)
  File "c:\Users\Yaroslav\Python\Yellow-Wave\core\ui\widgets\menu\main_menu.py", line 278, in play_music
    self.slider.start_countdown()
  File "c:\Users\Yaroslav\Python\Yellow-Wave\core\ui\widgets\sliders\track_slider.py", line 173, in start_countdown
    self.update_time()
  File "c:\Users\Yaroslav\Python\Yellow-Wave\core\ui\widgets\sliders\track_slider.py", line 231, in update_time
    self.main.frontend.play_menu.sound.on_track_end()
  File "c:\Users\Yaroslav\Python\Yellow-Wave\core\ui\widgets\menu\main_menu.py", line 439, in on_track_end
    self.play_music(self.current)
  File "c:\Users\Yaroslav\Python\Yellow-Wave\core\ui\widgets\menu\main_menu.py", line 278, in play_music
    self.slider.start_countdown()
  File "c:\Users\Yaroslav\Python\Yellow-Wave\core\ui\widgets\sliders\track_slider.py", line 173, in start_countdown
    self.update_time()
  File "c:\Users\Yaroslav\Python\Yellow-Wave\core\ui\widgets\sliders\track_slider.py", line 231, in update_time
    self.main.frontend.play_menu.sound.on_track_end()
  File "c:\Users\Yaroslav\Python\Yellow-Wave\core\ui\widgets\menu\main_menu.py", line 439, in on_track_end
    self.play_music(self.current)
  File "c:\Users\Yaroslav\Python\Yellow-Wave\core\ui\widgets\menu\main_menu.py", line 278, in play_music
    self.slider.start_countdown()
  File "c:\Users\Yaroslav\Python\Yellow-Wave\core\ui\widgets\sliders\track_slider.py", line 173, in start_countdown
    self.update_time()
  File "c:\Users\Yaroslav\Python\Yellow-Wave\core\ui\widgets\sliders\track_slider.py", line 231, in update_time
    self.main.frontend.play_menu.sound.on_track_end()
  File "c:\Users\Yaroslav\Python\Yellow-Wave\core\ui\widgets\menu\main_menu.py", line 439, in on_track_end
    self.play_music(self.current)
  File "c:\Users\Yaroslav\Python\Yellow-Wave\core\ui\widgets\menu\main_menu.py", line 278, in play_music
    self.slider.start_countdown()
  File "c:\Users\Yaroslav\Python\Yellow-Wave\core\ui\widgets\sliders\track_slider.py", line 173, in start_countdown
    self.update_time()
  File "c:\Users\Yaroslav\Python\Yellow-Wave\core\ui\widgets\sliders\track_slider.py", line 231, in update_time
    self.main.frontend.play_menu.sound.on_track_end()
  File "c:\Users\Yaroslav\Python\Yellow-Wave\core\ui\widgets\menu\main_menu.py", line 439, in on_track_end
    self.play_music(self.current)
  File "c:\Users\Yaroslav\Python\Yellow-Wave\core\ui\widgets\menu\main_menu.py", line 278, in play_music
    self.slider.start_countdown()
  File "c:\Users\Yaroslav\Python\Yellow-Wave\core\ui\widgets\sliders\track_slider.py", line 173, in start_countdown
    self.update_time()
  File "c:\Users\Yaroslav\Python\Yellow-Wave\core\ui\widgets\sliders\track_slider.py", line 231, in update_time
    self.main.frontend.play_menu.sound.on_track_end()
  File "c:\Users\Yaroslav\Python\Yellow-Wave\core\ui\widgets\menu\main_menu.py", line 439, in on_track_end
    self.play_music(self.current)
  File "c:\Users\Yaroslav\Python\Yellow-Wave\core\ui\widgets\menu\main_menu.py", line 278, in play_music
    self.slider.start_countdown()
  File "c:\Users\Yaroslav\Python\Yellow-Wave\core\ui\widgets\sliders\track_slider.py", line 173, in start_countdown
    self.update_time()
  File "c:\Users\Yaroslav\Python\Yellow-Wave\core\ui\widgets\sliders\track_slider.py", line 231, in update_time
    self.main.frontend.play_menu.sound.on_track_end()
  File "c:\Users\Yaroslav\Python\Yellow-Wave\core\ui\widgets\menu\main_menu.py", line 439, in on_track_end
    self.play_music(self.current)
  File "c:\Users\Yaroslav\Python\Yellow-Wave\core\ui\widgets\menu\main_menu.py", line 278, in play_music
    self.slider.start_countdown()
  File "c:\Users\Yaroslav\Python\Yellow-Wave\core\ui\widgets\sliders\track_slider.py", line 173, in start_countdown
    self.update_time()
  File "c:\Users\Yaroslav\Python\Yellow-Wave\core\ui\widgets\sliders\track_slider.py", line 231, in update_time
    self.main.frontend.play_menu.sound.on_track_end()
  File "c:\Users\Yaroslav\Python\Yellow-Wave\core\ui\widgets\menu\main_menu.py", line 439, in on_track_end
    self.play_music(self.current)
  File "c:\Users\Yaroslav\Python\Yellow-Wave\core\ui\widgets\menu\main_menu.py", line 278, in play_music
    self.slider.start_countdown()
  File "c:\Users\Yaroslav\Python\Yellow-Wave\core\ui\widgets\sliders\track_slider.py", line 173, in start_countdown
    self.update_time()
  File "c:\Users\Yaroslav\Python\Yellow-Wave\core\ui\widgets\sliders\track_slider.py", line 231, in update_time
    self.main.frontend.play_menu.sound.on_track_end()
  File "c:\Users\Yaroslav\Python\Yellow-Wave\core\ui\widgets\menu\main_menu.py", line 439, in on_track_end
    self.play_music(self.current)
  File "c:\Users\Yaroslav\Python\Yellow-Wave\core\ui\widgets\menu\main_menu.py", line 278, in play_music
    self.slider.start_countdown()
  File "c:\Users\Yaroslav\Python\Yellow-Wave\core\ui\widgets\sliders\track_slider.py", line 173, in start_countdown
    self.update_time()
  File "c:\Users\Yaroslav\Python\Yellow-Wave\core\ui\widgets\sliders\track_slider.py", line 231, in update_time
    self.main.frontend.play_menu.sound.on_track_end()
  File "c:\Users\Yaroslav\Python\Yellow-Wave\core\ui\widgets\menu\main_menu.py", line 439, in on_track_end
    self.play_music(self.current)
  File "c:\Users\Yaroslav\Python\Yellow-Wave\core\ui\widgets\menu\main_menu.py", line 278, in play_music
    self.slider.start_countdown()
  File "c:\Users\Yaroslav\Python\Yellow-Wave\core\ui\widgets\sliders\track_slider.py", line 173, in start_countdown
    self.update_time()
  File "c:\Users\Yaroslav\Python\Yellow-Wave\core\ui\widgets\sliders\track_slider.py", line 231, in update_time
    self.main.frontend.play_menu.sound.on_track_end()
  File "c:\Users\Yaroslav\Python\Yellow-Wave\core\ui\widgets\menu\main_menu.py", line 439, in on_track_end
    self.play_music(self.current)
  File "c:\Users\Yaroslav\Python\Yellow-Wave\core\ui\widgets\menu\main_menu.py", line 278, in play_music
    self.slider.start_countdown()
  File "c:\Users\Yaroslav\Python\Yellow-Wave\core\ui\widgets\sliders\track_slider.py", line 173, in start_countdown
    self.update_time()
  File "c:\Users\Yaroslav\Python\Yellow-Wave\core\ui\widgets\sliders\track_slider.py", line 231, in update_time
    self.main.frontend.play_menu.sound.on_track_end()
  File "c:\Users\Yaroslav\Python\Yellow-Wave\core\ui\widgets\menu\main_menu.py", line 439, in on_track_end
    self.play_music(self.current)
  File "c:\Users\Yaroslav\Python\Yellow-Wave\core\ui\widgets\menu\main_menu.py", line 278, in play_music
    self.slider.start_countdown()
  File "c:\Users\Yaroslav\Python\Yellow-Wave\core\ui\widgets\sliders\track_slider.py", line 173, in start_countdown
    self.update_time()
  File "c:\Users\Yaroslav\Python\Yellow-Wave\core\ui\widgets\sliders\track_slider.py", line 231, in update_time
    self.main.frontend.play_menu.sound.on_track_end()
  File "c:\Users\Yaroslav\Python\Yellow-Wave\core\ui\widgets\menu\main_menu.py", line 439, in on_track_end
    self.play_music(self.current)
  File "c:\Users\Yaroslav\Python\Yellow-Wave\core\ui\widgets\menu\main_menu.py", line 278, in play_music
    self.slider.start_countdown()
  File "c:\Users\Yaroslav\Python\Yellow-Wave\core\ui\widgets\sliders\track_slider.py", line 173, in start_countdown
    self.update_time()
  File "c:\Users\Yaroslav\Python\Yellow-Wave\core\ui\widgets\sliders\track_slider.py", line 231, in update_time
    self.main.frontend.play_menu.sound.on_track_end()
  File "c:\Users\Yaroslav\Python\Yellow-Wave\core\ui\widgets\menu\main_menu.py", line 439, in on_track_end
    self.play_music(self.current)
  File "c:\Users\Yaroslav\Python\Yellow-Wave\core\ui\widgets\menu\main_menu.py", line 278, in play_music
    self.slider.start_countdown()
  File "c:\Users\Yaroslav\Python\Yellow-Wave\core\ui\widgets\sliders\track_slider.py", line 173, in start_countdown
    self.update_time()
  File "c:\Users\Yaroslav\Python\Yellow-Wave\core\ui\widgets\sliders\track_slider.py", line 231, in update_time
    self.main.frontend.play_menu.sound.on_track_end()
  File "c:\Users\Yaroslav\Python\Yellow-Wave\core\ui\widgets\menu\main_menu.py", line 439, in on_track_end
    self.play_music(self.current)
  File "c:\Users\Yaroslav\Python\Yellow-Wave\core\ui\widgets\menu\main_menu.py", line 278, in play_music
    self.slider.start_countdown()
  File "c:\Users\Yaroslav\Python\Yellow-Wave\core\ui\widgets\sliders\track_slider.py", line 173, in start_countdown
    self.update_time()
  File "c:\Users\Yaroslav\Python\Yellow-Wave\core\ui\widgets\sliders\track_slider.py", line 231, in update_time
    self.main.frontend.play_menu.sound.on_track_end()
  File "c:\Users\Yaroslav\Python\Yellow-Wave\core\ui\widgets\menu\main_menu.py", line 439, in on_track_end
    self.play_music(self.current)
  File "c:\Users\Yaroslav\Python\Yellow-Wave\core\ui\widgets\menu\main_menu.py", line 278, in play_music
    self.slider.start_countdown()
  File "c:\Users\Yaroslav\Python\Yellow-Wave\core\ui\widgets\sliders\track_slider.py", line 173, in start_countdown
    self.update_time()
  File "c:\Users\Yaroslav\Python\Yellow-Wave\core\ui\widgets\sliders\track_slider.py", line 231, in update_time
    self.main.frontend.play_menu.sound.on_track_end()
  File "c:\Users\Yaroslav\Python\Yellow-Wave\core\ui\widgets\menu\main_menu.py", line 439, in on_track_end
    self.play_music(self.current)
  File "c:\Users\Yaroslav\Python\Yellow-Wave\core\ui\widgets\menu\main_menu.py", line 278, in play_music
    self.slider.start_countdown()
  File "c:\Users\Yaroslav\Python\Yellow-Wave\core\ui\widgets\sliders\track_slider.py", line 173, in start_countdown
    self.update_time()
  File "c:\Users\Yaroslav\Python\Yellow-Wave\core\ui\widgets\sliders\track_slider.py", line 231, in update_time
    self.main.frontend.play_menu.sound.on_track_end()
  File "c:\Users\Yaroslav\Python\Yellow-Wave\core\ui\widgets\menu\main_menu.py", line 439, in on_track_end
    self.play_music(self.current)
  File "c:\Users\Yaroslav\Python\Yellow-Wave\core\ui\widgets\menu\main_menu.py", line 278, in play_music
    self.slider.start_countdown()
  File "c:\Users\Yaroslav\Python\Yellow-Wave\core\ui\widgets\sliders\track_slider.py", line 173, in start_countdown
    self.update_time()
  File "c:\Users\Yaroslav\Python\Yellow-Wave\core\ui\widgets\sliders\track_slider.py", line 231, in update_time
    self.main.frontend.play_menu.sound.on_track_end()
  File "c:\Users\Yaroslav\Python\Yellow-Wave\core\ui\widgets\menu\main_menu.py", line 439, in on_track_end
    self.play_music(self.current)
  File "c:\Users\Yaroslav\Python\Yellow-Wave\core\ui\widgets\menu\main_menu.py", line 278, in play_music
    self.slider.start_countdown()
  File "c:\Users\Yaroslav\Python\Yellow-Wave\core\ui\widgets\sliders\track_slider.py", line 173, in start_countdown
    self.update_time()
  File "c:\Users\Yaroslav\Python\Yellow-Wave\core\ui\widgets\sliders\track_slider.py", line 231, in update_time
    self.main.frontend.play_menu.sound.on_track_end()
  File "c:\Users\Yaroslav\Python\Yellow-Wave\core\ui\widgets\menu\main_menu.py", line 439, in on_track_end
    self.play_music(self.current)
  File "c:\Users\Yaroslav\Python\Yellow-Wave\core\ui\widgets\menu\main_menu.py", line 278, in play_music
    self.slider.start_countdown()
  File "c:\Users\Yaroslav\Python\Yellow-Wave\core\ui\widgets\sliders\track_slider.py", line 173, in start_countdown
    self.update_time()
  File "c:\Users\Yaroslav\Python\Yellow-Wave\core\ui\widgets\sliders\track_slider.py", line 231, in update_time
    self.main.frontend.play_menu.sound.on_track_end()
  File "c:\Users\Yaroslav\Python\Yellow-Wave\core\ui\widgets\menu\main_menu.py", line 439, in on_track_end
    self.play_music(self.current)
  File "c:\Users\Yaroslav\Python\Yellow-Wave\core\ui\widgets\menu\main_menu.py", line 278, in play_music
    self.slider.start_countdown()
  File "c:\Users\Yaroslav\Python\Yellow-Wave\core\ui\widgets\sliders\track_slider.py", line 173, in start_countdown
    self.update_time()
  File "c:\Users\Yaroslav\Python\Yellow-Wave\core\ui\widgets\sliders\track_slider.py", line 231, in update_time
    self.main.frontend.play_menu.sound.on_track_end()
  File "c:\Users\Yaroslav\Python\Yellow-Wave\core\ui\widgets\menu\main_menu.py", line 439, in on_track_end
    self.play_music(self.current)
  File "c:\Users\Yaroslav\Python\Yellow-Wave\core\ui\widgets\menu\main_menu.py", line 278, in play_music
    self.slider.start_countdown()
  File "c:\Users\Yaroslav\Python\Yellow-Wave\core\ui\widgets\sliders\track_slider.py", line 173, in start_countdown
    self.update_time()
  File "c:\Users\Yaroslav\Python\Yellow-Wave\core\ui\widgets\sliders\track_slider.py", line 231, in update_time
    self.main.frontend.play_menu.sound.on_track_end()
  File "c:\Users\Yaroslav\Python\Yellow-Wave\core\ui\widgets\menu\main_menu.py", line 439, in on_track_end
    self.play_music(self.current)
  File "c:\Users\Yaroslav\Python\Yellow-Wave\core\ui\widgets\menu\main_menu.py", line 278, in play_music
    self.slider.start_countdown()
  File "c:\Users\Yaroslav\Python\Yellow-Wave\core\ui\widgets\sliders\track_slider.py", line 173, in start_countdown
    self.update_time()
  File "c:\Users\Yaroslav\Python\Yellow-Wave\core\ui\widgets\sliders\track_slider.py", line 231, in update_time
    self.main.frontend.play_menu.sound.on_track_end()
  File "c:\Users\Yaroslav\Python\Yellow-Wave\core\ui\widgets\menu\main_menu.py", line 439, in on_track_end
    self.play_music(self.current)
  File "c:\Users\Yaroslav\Python\Yellow-Wave\core\ui\widgets\menu\main_menu.py", line 278, in play_music
    self.slider.start_countdown()
  File "c:\Users\Yaroslav\Python\Yellow-Wave\core\ui\widgets\sliders\track_slider.py", line 173, in start_countdown
    self.update_time()
  File "c:\Users\Yaroslav\Python\Yellow-Wave\core\ui\widgets\sliders\track_slider.py", line 231, in update_time
    self.main.frontend.play_menu.sound.on_track_end()
  File "c:\Users\Yaroslav\Python\Yellow-Wave\core\ui\widgets\menu\main_menu.py", line 439, in on_track_end
    self.play_music(self.current)
  File "c:\Users\Yaroslav\Python\Yellow-Wave\core\ui\widgets\menu\main_menu.py", line 278, in play_music
    self.slider.start_countdown()
  File "c:\Users\Yaroslav\Python\Yellow-Wave\core\ui\widgets\sliders\track_slider.py", line 173, in start_countdown
    self.update_time()
  File "c:\Users\Yaroslav\Python\Yellow-Wave\core\ui\widgets\sliders\track_slider.py", line 231, in update_time
    self.main.frontend.play_menu.sound.on_track_end()
  File "c:\Users\Yaroslav\Python\Yellow-Wave\core\ui\widgets\menu\main_menu.py", line 439, in on_track_end
    self.play_music(self.current)
  File "c:\Users\Yaroslav\Python\Yellow-Wave\core\ui\widgets\menu\main_menu.py", line 278, in play_music
    self.slider.start_countdown()
  File "c:\Users\Yaroslav\Python\Yellow-Wave\core\ui\widgets\sliders\track_slider.py", line 173, in start_countdown
    self.update_time()
  File "c:\Users\Yaroslav\Python\Yellow-Wave\core\ui\widgets\sliders\track_slider.py", line 231, in update_time
    self.main.frontend.play_menu.sound.on_track_end()
  File "c:\Users\Yaroslav\Python\Yellow-Wave\core\ui\widgets\menu\main_menu.py", line 439, in on_track_end
    self.play_music(self.current)
  File "c:\Users\Yaroslav\Python\Yellow-Wave\core\ui\widgets\menu\main_menu.py", line 278, in play_music
    self.slider.start_countdown()
  File "c:\Users\Yaroslav\Python\Yellow-Wave\core\ui\widgets\sliders\track_slider.py", line 173, in start_countdown
    self.update_time()
  File "c:\Users\Yaroslav\Python\Yellow-Wave\core\ui\widgets\sliders\track_slider.py", line 231, in update_time
    self.main.frontend.play_menu.sound.on_track_end()
  File "c:\Users\Yaroslav\Python\Yellow-Wave\core\ui\widgets\menu\main_menu.py", line 439, in on_track_end
    self.play_music(self.current)
  File "c:\Users\Yaroslav\Python\Yellow-Wave\core\ui\widgets\menu\main_menu.py", line 278, in play_music
    self.slider.start_countdown()
  File "c:\Users\Yaroslav\Python\Yellow-Wave\core\ui\widgets\sliders\track_slider.py", line 173, in start_countdown
    self.update_time()
  File "c:\Users\Yaroslav\Python\Yellow-Wave\core\ui\widgets\sliders\track_slider.py", line 231, in update_time
    self.main.frontend.play_menu.sound.on_track_end()
  File "c:\Users\Yaroslav\Python\Yellow-Wave\core\ui\widgets\menu\main_menu.py", line 439, in on_track_end
    self.play_music(self.current)
  File "c:\Users\Yaroslav\Python\Yellow-Wave\core\ui\widgets\menu\main_menu.py", line 278, in play_music
    self.slider.start_countdown()
  File "c:\Users\Yaroslav\Python\Yellow-Wave\core\ui\widgets\sliders\track_slider.py", line 173, in start_countdown
    self.update_time()
  File "c:\Users\Yaroslav\Python\Yellow-Wave\core\ui\widgets\sliders\track_slider.py", line 231, in update_time
    self.main.frontend.play_menu.sound.on_track_end()
  File "c:\Users\Yaroslav\Python\Yellow-Wave\core\ui\widgets\menu\main_menu.py", line 439, in on_track_end
    self.play_music(self.current)
  File "c:\Users\Yaroslav\Python\Yellow-Wave\core\ui\widgets\menu\main_menu.py", line 278, in play_music
    self.slider.start_countdown()
  File "c:\Users\Yaroslav\Python\Yellow-Wave\core\ui\widgets\sliders\track_slider.py", line 173, in start_countdown
    self.update_time()
  File "c:\Users\Yaroslav\Python\Yellow-Wave\core\ui\widgets\sliders\track_slider.py", line 231, in update_time
    self.main.frontend.play_menu.sound.on_track_end()
  File "c:\Users\Yaroslav\Python\Yellow-Wave\core\ui\widgets\menu\main_menu.py", line 439, in on_track_end
    self.play_music(self.current)
  File "c:\Users\Yaroslav\Python\Yellow-Wave\core\ui\widgets\menu\main_menu.py", line 278, in play_music
    self.slider.start_countdown()
  File "c:\Users\Yaroslav\Python\Yellow-Wave\core\ui\widgets\sliders\track_slider.py", line 173, in start_countdown
    self.update_time()
  File "c:\Users\Yaroslav\Python\Yellow-Wave\core\ui\widgets\sliders\track_slider.py", line 231, in update_time
    self.main.frontend.play_menu.sound.on_track_end()
  File "c:\Users\Yaroslav\Python\Yellow-Wave\core\ui\widgets\menu\main_menu.py", line 439, in on_track_end
    self.play_music(self.current)
  File "c:\Users\Yaroslav\Python\Yellow-Wave\core\ui\widgets\menu\main_menu.py", line 278, in play_music
    self.slider.start_countdown()
  File "c:\Users\Yaroslav\Python\Yellow-Wave\core\ui\widgets\sliders\track_slider.py", line 173, in start_countdown
    self.update_time()
  File "c:\Users\Yaroslav\Python\Yellow-Wave\core\ui\widgets\sliders\track_slider.py", line 231, in update_time
    self.main.frontend.play_menu.sound.on_track_end()
  File "c:\Users\Yaroslav\Python\Yellow-Wave\core\ui\widgets\menu\main_menu.py", line 439, in on_track_end
    self.play_music(self.current)
  File "c:\Users\Yaroslav\Python\Yellow-Wave\core\ui\widgets\menu\main_menu.py", line 278, in play_music
    self.slider.start_countdown()
  File "c:\Users\Yaroslav\Python\Yellow-Wave\core\ui\widgets\sliders\track_slider.py", line 173, in start_countdown
    self.update_time()
  File "c:\Users\Yaroslav\Python\Yellow-Wave\core\ui\widgets\sliders\track_slider.py", line 231, in update_time
    self.main.frontend.play_menu.sound.on_track_end()
  File "c:\Users\Yaroslav\Python\Yellow-Wave\core\ui\widgets\menu\main_menu.py", line 439, in on_track_end
    self.play_music(self.current)
  File "c:\Users\Yaroslav\Python\Yellow-Wave\core\ui\widgets\menu\main_menu.py", line 278, in play_music
    self.slider.start_countdown()
  File "c:\Users\Yaroslav\Python\Yellow-Wave\core\ui\widgets\sliders\track_slider.py", line 173, in start_countdown
    self.update_time()
  File "c:\Users\Yaroslav\Python\Yellow-Wave\core\ui\widgets\sliders\track_slider.py", line 231, in update_time
    self.main.frontend.play_menu.sound.on_track_end()
  File "c:\Users\Yaroslav\Python\Yellow-Wave\core\ui\widgets\menu\main_menu.py", line 439, in on_track_end
    self.play_music(self.current)
  File "c:\Users\Yaroslav\Python\Yellow-Wave\core\ui\widgets\menu\main_menu.py", line 278, in play_music
    self.slider.start_countdown()
  File "c:\Users\Yaroslav\Python\Yellow-Wave\core\ui\widgets\sliders\track_slider.py", line 173, in start_countdown
    self.update_time()
  File "c:\Users\Yaroslav\Python\Yellow-Wave\core\ui\widgets\sliders\track_slider.py", line 231, in update_time
    self.main.frontend.play_menu.sound.on_track_end()
  File "c:\Users\Yaroslav\Python\Yellow-Wave\core\ui\widgets\menu\main_menu.py", line 439, in on_track_end
    self.play_music(self.current)
  File "c:\Users\Yaroslav\Python\Yellow-Wave\core\ui\widgets\menu\main_menu.py", line 267, in play_music
    pygame.mixer.music.load(str(self.tracks[track]))
RecursionError: maximum recursion depth exceeded
2026-09-30 16:12:05 [INFO] YellowWave: Yellow Wave Player stopped
2026-09-30 16:52:54 [INFO] YellowWave: Yellow Wave Music Player started
2026-09-30 17:02:12 [INFO] YellowWave: Yellow Wave Player stopped
2026-09-30 17:10:37 [INFO] YellowWave: Yellow Wave Music Player started
2026-09-30 17:10:40 [CRITICAL] YellowWave: Необработанное исключение
Traceback (most recent call last):
  File "c:/Users/Yaroslav/Python/Yellow-Wave/main.py", line 138, in <module>
    window = MainWindow()
  File "c:/Users/Yaroslav/Python/Yellow-Wave/main.py", line 68, in __init__
    self.application.start()
  File "c:\Users\Yaroslav\Python\Yellow-Wave\core\app\application.py", line 119, in start
    self.frontend.init_ui()
  File "c:\Users\Yaroslav\Python\Yellow-Wave\core\ui\main\frontend.py", line 104, in init_ui
    self.header = AppWindowHeader(main=self.main)
  File "c:\Users\Yaroslav\Python\Yellow-Wave\core\ui\widgets\header\header.py", line 120, in __init__
    self.app_icon = self.main.PROJECT_ROOT / "icon.ico"
AttributeError: 'NoneType' object has no attribute 'PROJECT_ROOT'
2026-09-30 18:38:20 [INFO] YellowWave: Yellow Wave Music Player started
2026-09-30 18:38:24 [CRITICAL] YellowWave: Необработанное исключение
Traceback (most recent call last):
  File "c:/Users/Yaroslav/Python/Yellow-Wave/main.py", line 138, in <module>
    window = MainWindow()
  File "c:/Users/Yaroslav/Python/Yellow-Wave/main.py", line 68, in __init__
    self.application.start()
  File "c:\Users\Yaroslav\Python\Yellow-Wave\core\app\application.py", line 119, in start
    self.frontend.init_ui()
  File "c:\Users\Yaroslav\Python\Yellow-Wave\core\ui\main\frontend.py", line 119, in init_ui
    self.track_slider = MusicSlider(app=self.app)
  File "c:\Users\Yaroslav\Python\Yellow-Wave\core\ui\widgets\sliders\track_slider.py", line 340, in __init__
    self.track_sld = TrackSlider(None, self.duration_lbl, app=self.app)
TypeError: __init__() got multiple values for argument 'app'
2026-09-30 18:49:26 [INFO] YellowWave: Yellow Wave Music Player started
2026-09-30 18:49:29 [CRITICAL] YellowWave: Необработанное исключение
Traceback (most recent call last):
  File "c:/Users/Yaroslav/Python/Yellow-Wave/main.py", line 138, in <module>
    window = MainWindow()
  File "c:/Users/Yaroslav/Python/Yellow-Wave/main.py", line 68, in __init__
    self.application.start()
  File "c:\Users\Yaroslav\Python\Yellow-Wave\core\app\application.py", line 119, in start
    self.frontend.init_ui()
  File "c:\Users\Yaroslav\Python\Yellow-Wave\core\ui\main\frontend.py", line 119, in init_ui
    self.track_slider = MusicSlider(app=self.app)
  File "c:\Users\Yaroslav\Python\Yellow-Wave\core\ui\widgets\sliders\track_slider.py", line 340, in __init__
    self.track_sld = TrackSlider(None, self.duration_lbl, app=self.app)
TypeError: __init__() got multiple values for argument 'app'
2026-09-30 19:11:40 [INFO] YellowWave: Yellow Wave Music Player started
2026-09-30 19:11:43 [CRITICAL] YellowWave: Необработанное исключение
Traceback (most recent call last):
  File "c:/Users/Yaroslav/Python/Yellow-Wave/main.py", line 138, in <module>
    window = MainWindow()
  File "c:/Users/Yaroslav/Python/Yellow-Wave/main.py", line 68, in __init__
    self.application.start()
  File "c:\Users\Yaroslav\Python\Yellow-Wave\core\app\application.py", line 119, in start
    self.frontend.init_ui()
  File "c:\Users\Yaroslav\Python\Yellow-Wave\core\ui\main\frontend.py", line 119, in init_ui
    self.track_slider = MusicSlider(app=self.app)
  File "c:\Users\Yaroslav\Python\Yellow-Wave\core\ui\widgets\sliders\track_slider.py", line 340, in __init__
    self.track_sld = TrackSlider(None, self.duration_lbl, app=self.app)
TypeError: __init__() got multiple values for argument 'app'
2026-09-30 19:26:32 [INFO] YellowWave: Yellow Wave Music Player started
2026-09-30 19:26:50 [INFO] YellowWave: Yellow Wave Player stopped
2026-09-30 19:27:55 [INFO] YellowWave: Yellow Wave Music Player started
2026-09-30 19:28:20 [INFO] YellowWave: Yellow Wave Player stopped
2026-09-30 19:44:17 [INFO] YellowWave: Yellow Wave Music Player started
2026-09-30 19:44:49 [CRITICAL] YellowWave: Необработанное исключение
Traceback (most recent call last):
  File "c:\Users\Yaroslav\Python\Yellow-Wave\core\ui\widgets\buttons\seek_button.py", line 85, in seek_next
    self.menu._hotkey_seek(+5)
  File "c:\Users\Yaroslav\Python\Yellow-Wave\core\ui\widgets\menu\main_menu.py", line 690, in _hotkey_seek
    slider.update_display(new_pos)
  File "c:\Users\Yaroslav\Python\Yellow-Wave\core\ui\widgets\sliders\track_slider.py", line 240, in update_display
    formatted_current = self.format_time(current_sec)
  File "c:\Users\Yaroslav\Python\Yellow-Wave\core\ui\widgets\sliders\track_slider.py", line 271, in format_time
    return f"{minutes:02d}:{secs:02d}"
ValueError: Unknown format code 'd' for object of type 'float'
2026-09-30 19:44:51 [CRITICAL] YellowWave: Необработанное исключение
Traceback (most recent call last):
  File "c:\Users\Yaroslav\Python\Yellow-Wave\core\ui\widgets\buttons\seek_button.py", line 85, in seek_next
    self.menu._hotkey_seek(+5)
  File "c:\Users\Yaroslav\Python\Yellow-Wave\core\ui\widgets\menu\main_menu.py", line 690, in _hotkey_seek
    slider.update_display(new_pos)
  File "c:\Users\Yaroslav\Python\Yellow-Wave\core\ui\widgets\sliders\track_slider.py", line 240, in update_display
    formatted_current = self.format_time(current_sec)
  File "c:\Users\Yaroslav\Python\Yellow-Wave\core\ui\widgets\sliders\track_slider.py", line 271, in format_time
    return f"{minutes:02d}:{secs:02d}"
ValueError: Unknown format code 'd' for object of type 'float'
2026-09-30 19:44:52 [CRITICAL] YellowWave: Необработанное исключение
Traceback (most recent call last):
  File "c:\Users\Yaroslav\Python\Yellow-Wave\core\ui\widgets\buttons\seek_button.py", line 85, in seek_next
    self.menu._hotkey_seek(+5)
  File "c:\Users\Yaroslav\Python\Yellow-Wave\core\ui\widgets\menu\main_menu.py", line 690, in _hotkey_seek
    slider.update_display(new_pos)
  File "c:\Users\Yaroslav\Python\Yellow-Wave\core\ui\widgets\sliders\track_slider.py", line 240, in update_display
    formatted_current = self.format_time(current_sec)
  File "c:\Users\Yaroslav\Python\Yellow-Wave\core\ui\widgets\sliders\track_slider.py", line 271, in format_time
    return f"{minutes:02d}:{secs:02d}"
ValueError: Unknown format code 'd' for object of type 'float'
2026-09-30 19:45:12 [INFO] YellowWave: Yellow Wave Player stopped
2026-09-30 20:01:30 [INFO] YellowWave: Yellow Wave Music Player started
2026-09-30 20:02:00 [INFO] YellowWave: Yellow Wave Player stopped
2026-09-30 20:04:26 [INFO] YellowWave: Yellow Wave Music Player started
2026-09-30 20:04:59 [INFO] YellowWave: Yellow Wave Player stopped
2026-09-30 20:12:51 [INFO] YellowWave: Yellow Wave Music Player started
2026-09-30 20:13:38 [INFO] YellowWave: Yellow Wave Player stopped
2026-09-30 20:27:32 [INFO] YellowWave: Yellow Wave Music Player started
2026-09-30 20:28:23 [INFO] YellowWave: Yellow Wave Player stopped
2026-09-30 20:28:50 [INFO] YellowWave: Yellow Wave Music Player started
2026-09-30 20:29:15 [INFO] YellowWave: Yellow Wave Player stopped
2026-09-30 20:30:18 [INFO] YellowWave: Yellow Wave Music Player started
2026-09-30 20:31:05 [INFO] YellowWave: Yellow Wave Player stopped
2026-09-30 20:48:05 [INFO] YellowWave: Yellow Wave Music Player started
2026-09-30 20:51:22 [INFO] YellowWave: Yellow Wave Player stopped
2026-09-30 20:58:33 [INFO] YellowWave: Yellow Wave Music Player started
2026-09-30 21:00:26 [INFO] YellowWave: Yellow Wave Player stopped
2026-10-01 09:49:41 [INFO] YellowWave: Yellow Wave Music Player started
2026-10-01 10:00:08 [INFO] YellowWave: Yellow Wave Player stopped
2026-10-01 10:05:44 [INFO] YellowWave: Yellow Wave Music Player started
2026-10-01 10:07:24 [INFO] YellowWave: Yellow Wave Player stopped
2026-10-01 10:15:34 [INFO] YellowWave: Yellow Wave Music Player started
2026-10-01 10:16:26 [INFO] YellowWave: Yellow Wave Player stopped
2026-10-01 10:16:29 [INFO] YellowWave: Yellow Wave Music Player started
2026-10-01 10:18:35 [INFO] YellowWave: Yellow Wave Player stopped
2026-10-01 10:20:14 [INFO] YellowWave: Yellow Wave Music Player started
2026-10-01 10:36:57 [INFO] YellowWave: Yellow Wave Player stopped
2026-10-01 10:48:05 [INFO] YellowWave: Yellow Wave Music Player started
2026-10-01 10:50:12 [INFO] YellowWave: Yellow Wave Player stopped
2026-10-01 10:51:37 [INFO] YellowWave: Yellow Wave Music Player started
2026-10-01 10:52:07 [ERROR] YellowWave: Ошибка записи c:\Users\Yaroslav\Python\Yellow-Wave\config\arguments.json: [WinError 5] Отказано в доступе: 'c:\\Users\\Yaroslav\\Python\\Yellow-Wave\\config\\arguments.json.tmp' -> 'c:\\Users\\Yaroslav\\Python\\Yellow-Wave\\config\\arguments.json'
2026-10-01 10:53:30 [INFO] YellowWave: Yellow Wave Player stopped
2026-10-01 10:55:12 [INFO] YellowWave: Yellow Wave Music Player started
2026-10-01 11:00:02 [INFO] YellowWave: Yellow Wave Player stopped
2026-10-01 11:18:00 [INFO] YellowWave: Yellow Wave Music Player started
2026-10-01 11:18:11 [CRITICAL] YellowWave: Необработанное исключение
Traceback (most recent call last):
  File "c:\Users\Yaroslav\Python\Yellow-Wave\core\ui\widgets\playlists\playlist_menu.py", line 154, in on_item_clicked
    self.app.load_tracks(str(path_to_playlist), update_ui=False)
TypeError: load_tracks() got an unexpected keyword argument 'update_ui'
2026-10-01 11:18:14 [CRITICAL] YellowWave: Необработанное исключение
Traceback (most recent call last):
  File "c:\Users\Yaroslav\Python\Yellow-Wave\core\ui\widgets\playlists\playlist_menu.py", line 154, in on_item_clicked
    self.app.load_tracks(str(path_to_playlist), update_ui=False)
TypeError: load_tracks() got an unexpected keyword argument 'update_ui'
2026-10-01 11:18:16 [CRITICAL] YellowWave: Необработанное исключение
Traceback (most recent call last):
  File "c:\Users\Yaroslav\Python\Yellow-Wave\core\ui\widgets\playlists\playlist_menu.py", line 154, in on_item_clicked
    self.app.load_tracks(str(path_to_playlist), update_ui=False)
TypeError: load_tracks() got an unexpected keyword argument 'update_ui'
2026-10-01 11:18:19 [CRITICAL] YellowWave: Необработанное исключение
Traceback (most recent call last):
  File "c:\Users\Yaroslav\Python\Yellow-Wave\core\ui\widgets\playlists\playlist_menu.py", line 154, in on_item_clicked
    self.app.load_tracks(str(path_to_playlist), update_ui=False)
TypeError: load_tracks() got an unexpected keyword argument 'update_ui'
2026-10-01 11:18:20 [CRITICAL] YellowWave: Необработанное исключение
Traceback (most recent call last):
  File "c:\Users\Yaroslav\Python\Yellow-Wave\core\ui\widgets\playlists\playlist_menu.py", line 154, in on_item_clicked
    self.app.load_tracks(str(path_to_playlist), update_ui=False)
TypeError: load_tracks() got an unexpected keyword argument 'update_ui'
2026-10-01 11:18:24 [CRITICAL] YellowWave: Необработанное исключение
Traceback (most recent call last):
  File "c:\Users\Yaroslav\Python\Yellow-Wave\core\ui\widgets\playlists\playlist_menu.py", line 154, in on_item_clicked
    self.app.load_tracks(str(path_to_playlist), update_ui=False)
TypeError: load_tracks() got an unexpected keyword argument 'update_ui'
2026-10-01 11:18:40 [INFO] YellowWave: Yellow Wave Player stopped
2026-10-01 11:20:15 [INFO] YellowWave: Yellow Wave Music Player started
2026-10-01 11:20:28 [CRITICAL] YellowWave: Необработанное исключение
Traceback (most recent call last):
  File "c:\Users\Yaroslav\Python\Yellow-Wave\core\ui\widgets\playlists\playlist_menu.py", line 154, in on_item_clicked
    self.app.load_tracks(str(path_to_playlist), update_ui=False)
TypeError: load_tracks() got an unexpected keyword argument 'update_ui'
2026-10-01 11:20:29 [CRITICAL] YellowWave: Необработанное исключение
Traceback (most recent call last):
  File "c:\Users\Yaroslav\Python\Yellow-Wave\core\ui\widgets\playlists\playlist_menu.py", line 154, in on_item_clicked
    self.app.load_tracks(str(path_to_playlist), update_ui=False)
TypeError: load_tracks() got an unexpected keyword argument 'update_ui'
2026-10-01 11:20:30 [CRITICAL] YellowWave: Необработанное исключение
Traceback (most recent call last):
  File "c:\Users\Yaroslav\Python\Yellow-Wave\core\ui\widgets\playlists\playlist_menu.py", line 154, in on_item_clicked
    self.app.load_tracks(str(path_to_playlist), update_ui=False)
TypeError: load_tracks() got an unexpected keyword argument 'update_ui'
2026-10-01 11:20:32 [INFO] YellowWave: Yellow Wave Player stopped
2026-10-01 11:22:30 [INFO] YellowWave: Yellow Wave Music Player started
2026-10-01 11:22:48 [INFO] YellowWave: Yellow Wave Player stopped
2026-10-01 11:22:59 [INFO] YellowWave: Yellow Wave Music Player started
2026-10-01 11:23:35 [INFO] YellowWave: Yellow Wave Player stopped
2026-10-01 11:23:47 [INFO] YellowWave: Yellow Wave Music Player started
2026-10-01 11:25:38 [INFO] YellowWave: Yellow Wave Player stopped
2026-10-01 11:29:54 [INFO] YellowWave: Yellow Wave Music Player started
2026-10-01 11:30:20 [ERROR] YellowWave: Ошибка записи c:\Users\Yaroslav\Python\Yellow-Wave\config\arguments.json: [WinError 5] Отказано в доступе: 'c:\\Users\\Yaroslav\\Python\\Yellow-Wave\\config\\arguments.json.tmp' -> 'c:\\Users\\Yaroslav\\Python\\Yellow-Wave\\config\\arguments.json'
2026-10-01 11:30:24 [INFO] YellowWave: Yellow Wave Player stopped
2026-10-01 11:32:07 [INFO] YellowWave: Yellow Wave Music Player started
2026-10-01 11:35:44 [INFO] YellowWave: Yellow Wave Player stopped
2026-10-01 11:57:45 [INFO] YellowWave: Yellow Wave Music Player started
2026-10-01 11:59:43 [INFO] YellowWave: Yellow Wave Player stopped
2026-10-01 12:37:13 [INFO] YellowWave: Yellow Wave Music Player started
2026-10-01 12:47:28 [INFO] YellowWave: Yellow Wave Player stopped
2026-10-01 12:50:45 [INFO] YellowWave: Yellow Wave Music Player started
2026-10-01 12:52:10 [INFO] YellowWave: Yellow Wave Player stopped
2026-10-01 13:52:44 [INFO] YellowWave: Yellow Wave Music Player started
2026-10-01 14:01:47 [INFO] YellowWave: Yellow Wave Player stopped
2026-10-01 15:40:36 [INFO] YellowWave: Yellow Wave Music Player started
2026-10-01 15:40:47 [CRITICAL] YellowWave: Необработанное исключение
Traceback (most recent call last):
  File "c:\Users\Yaroslav\Python\Yellow-Wave\core\ui\widgets\buttons\seek_button.py", line 81, in seek_next
    self.menu.seek(+5)
TypeError: 'SeekButton' object is not callable
2026-10-01 15:40:49 [CRITICAL] YellowWave: Необработанное исключение
Traceback (most recent call last):
  File "c:\Users\Yaroslav\Python\Yellow-Wave\core\ui\widgets\buttons\seek_button.py", line 81, in seek_next
    self.menu.seek(+5)
TypeError: 'SeekButton' object is not callable
2026-10-01 15:40:49 [CRITICAL] YellowWave: Необработанное исключение
Traceback (most recent call last):
  File "c:\Users\Yaroslav\Python\Yellow-Wave\core\ui\widgets\buttons\seek_button.py", line 81, in seek_next
    self.menu.seek(+5)
TypeError: 'SeekButton' object is not callable
2026-10-01 15:40:49 [CRITICAL] YellowWave: Необработанное исключение
Traceback (most recent call last):
  File "c:\Users\Yaroslav\Python\Yellow-Wave\core\ui\widgets\buttons\seek_button.py", line 81, in seek_next
    self.menu.seek(+5)
TypeError: 'SeekButton' object is not callable
2026-10-01 15:40:50 [CRITICAL] YellowWave: Необработанное исключение
Traceback (most recent call last):
  File "c:\Users\Yaroslav\Python\Yellow-Wave\core\ui\widgets\buttons\seek_button.py", line 81, in seek_next
    self.menu.seek(+5)
TypeError: 'SeekButton' object is not callable
2026-10-01 15:40:51 [CRITICAL] YellowWave: Необработанное исключение
Traceback (most recent call last):
  File "c:\Users\Yaroslav\Python\Yellow-Wave\core\ui\widgets\buttons\seek_button.py", line 81, in seek_next
    self.menu.seek(+5)
TypeError: 'SeekButton' object is not callable
2026-10-01 15:40:51 [CRITICAL] YellowWave: Необработанное исключение
Traceback (most recent call last):
  File "c:\Users\Yaroslav\Python\Yellow-Wave\core\ui\widgets\buttons\seek_button.py", line 81, in seek_next
    self.menu.seek(+5)
TypeError: 'SeekButton' object is not callable
2026-10-01 15:40:51 [CRITICAL] YellowWave: Необработанное исключение
Traceback (most recent call last):
  File "c:\Users\Yaroslav\Python\Yellow-Wave\core\ui\widgets\buttons\seek_button.py", line 81, in seek_next
    self.menu.seek(+5)
TypeError: 'SeekButton' object is not callable
2026-10-01 15:40:55 [INFO] YellowWave: Yellow Wave Player stopped
2026-10-01 15:52:24 [INFO] YellowWave: Yellow Wave Music Player started
2026-10-01 15:52:37 [CRITICAL] YellowWave: Необработанное исключение
Traceback (most recent call last):
  File "c:\Users\Yaroslav\Python\Yellow-Wave\core\ui\widgets\buttons\seek_button.py", line 81, in seek_next
    self.menu.seek(+5)
  File "c:\Users\Yaroslav\Python\Yellow-Wave\core\ui\widgets\menu\main_menu.py", line 750, in seek
    slider.update_display(new_pos)
  File "c:\Users\Yaroslav\Python\Yellow-Wave\core\ui\widgets\sliders\track_slider.py", line 241, in update_display
    formatted_current = self.format_time(current_sec)
  File "c:\Users\Yaroslav\Python\Yellow-Wave\core\ui\widgets\sliders\track_slider.py", line 272, in format_time
    return f"{minutes:02d}:{secs:02d}"
ValueError: Unknown format code 'd' for object of type 'float'
2026-10-01 15:52:38 [CRITICAL] YellowWave: Необработанное исключение
Traceback (most recent call last):
  File "c:\Users\Yaroslav\Python\Yellow-Wave\core\ui\widgets\buttons\seek_button.py", line 73, in seek_back
    self.menu.seek(-5)
  File "c:\Users\Yaroslav\Python\Yellow-Wave\core\ui\widgets\menu\main_menu.py", line 750, in seek
    slider.update_display(new_pos)
  File "c:\Users\Yaroslav\Python\Yellow-Wave\core\ui\widgets\sliders\track_slider.py", line 241, in update_display
    formatted_current = self.format_time(current_sec)
  File "c:\Users\Yaroslav\Python\Yellow-Wave\core\ui\widgets\sliders\track_slider.py", line 272, in format_time
    return f"{minutes:02d}:{secs:02d}"
ValueError: Unknown format code 'd' for object of type 'float'
2026-10-01 15:53:27 [INFO] YellowWave: Yellow Wave Player stopped
2026-10-01 15:55:08 [INFO] YellowWave: Yellow Wave Music Player started
2026-10-01 15:55:39 [INFO] YellowWave: Yellow Wave Player stopped
2026-10-01 15:57:02 [INFO] YellowWave: Yellow Wave Music Player started
2026-10-01 15:57:36 [INFO] YellowWave: Yellow Wave Player stopped
2026-10-02 13:03:46 [INFO] YellowWave: Yellow Wave Music Player started
2026-10-02 13:07:53 [INFO] YellowWave: Yellow Wave Player stopped
2026-10-02 18:03:22 [INFO] YellowWave: Yellow Wave Music Player started
2026-10-02 18:03:43 [INFO] YellowWave: Yellow Wave Player stopped
